ligne_source,client_id,prenom,nom,date_naissance,date_entree,segment,profession,revenu_mensuel,score_risque_initial,agence_id,ville,code_postal,email,statut_client
1,C000001,Chloé,Leroy,1953-08-09,2026-01-19,Particulier,Enseignant,2019.01,48,A008,Langon,33210,chloe.leroy_1@example.fr,Actif
2,C000002,Jade,Richard,1982-10-31,2018-02-12,Particulier,Profession libérale,2490.77,52,A001,Bordeaux,33000,jade.richard_2@example.fr,Inactif
3,C000003,Enzo,Bonnet,1946-08-16,2022-01-23,Professionnel,Cadre,1839.88,82,A015,La Rochelle,17000,enzo.bonnet_3@example.fr,Actif
4,C000004,Sarah,Girard,1964-01-28,2019-12-19,Particulier,Technicien,3002.47,5,A011,Biarritz,64200,sarah.girard_4@example.fr,Actif
5,C000005,Paul,David,1997-04-30,2016-01-10,Particulier,Commerçant,3893.77,29,A025,Dax,40100,paul.david_5@example.fr,Actif
6,C000006,Lucas,David,1983-02-11,2018-01-16,Particulier,Cadre,3852.19,49,A023,Agen,47000,lucas.david_6@example.fr,Actif
7,C000007,Camille,Simon,1979-06-03,2017-12-28,Particulier,Employé,2403.19,66,A005,Talence,33400,camille.simon_7@example.fr,Actif
8,C000008,Paul,Lefebvre,1997-12-11,2019-04-14,Particulier,Employé,5080.04,53,A005,Talence,33400,paul.lefebvre_8@example.fr,Actif
9,C000009,Antoine,Robert,1994-12-02,2015-04-01,Particulier,Artisan,4132.11,49,A023,Agen,47000,antoine.robert_9@example.fr,Actif
10,C000010,Élodie,Lambert,1980-01-20,2019-05-12,Particulier,Profession libérale,5157.53,59,A010,Bayonne,64100,elodie.lambert_10@example.fr,Actif
11,C000011,Lucas,Garcia,1947-02-08,2018-12-25,Particulier,Enseignant,1514.2,40,A010,Bayonne,64100,lucas.garcia_11@example.fr,Inactif
12,C000012,Gabriel,Simon,1957-06-13,2019-09-07,Particulier,Retraité,1669.57,5,A019,Limoges,87000,gabriel.simon_12@example.fr,Actif
13,C000013,Julien,Robert,1975-08-08,2024-10-28,Particulier,Employé,1205.52,37,A004,Pessac,33600,julien.robert_13@example.fr,Actif
14,C000014,Océane,Fournier,1963-12-01,2015-11-20,Particulier,Artisan,2938.17,52,A024,Mont-de-Marsan,40000,oceane.fournier_14@example.fr,Actif
15,C000015,Clara,Lefebvre,1950-04-17,2023-02-09,Particulier,Employé,518.03,47,A008,Langon,33210,clara.lefebvre_15@example.fr,Actif
16,C000016,Julien,Simon,1949-03-19,2018-11-29,Particulier,Technicien,1601.79,67,A022,Bergerac,24100,julien.simon_16@example.fr,Actif
17,C000017,Clara,Leroy,1985-11-22,2017-07-01,Particulier,Cadre,0.0,59,A018,Poitiers,86000,clara.leroy_17@example.fr,Actif
18,C000018,Gabriel,Michel,1987-11-12,2025-04-24,Particulier,Employé,3549.7,75,A005,Talence,33400,gabriel.michel_18@example.fr,Actif
19,C000019,Emma,David,1957-12-11,2024-09-14,Professionnel,Étudiant,1221.5,53,A014,Oloron-Sainte-Marie,64400,emma.david_19@example.fr,Actif
20,C000020,Inès,Roux,1988-06-20,2022-03-16,Particulier,Employé,1695.66,5,A004,Pessac,33600,ines.roux_20@example.fr,Actif
21,C000021,Nathan,Morel,1945-01-17,2020-01-06,Particulier,Étudiant,606.99,90,A023,Agen,47000,nathan.morel_21@example.fr,Actif
22,C000022,Emma,Martinez,1984-11-24,2022-07-11,Particulier,Technicien,4253.95,51,A025,Dax,40100,emma.martinez_22@example.fr,Actif
23,C000023,Enzo,Robert,1960-03-22,2020-06-11,Particulier,Cadre,1565.99,7,A012,Anglet,64600,enzo.robert_23@example.fr,Actif
24,C000024,Camille,Mercier,1961-10-23,2021-02-19,Association,Cadre,2908.29,38,A015,La Rochelle,17000,camille.mercier_24@example.fr,Clos
25,C000025,Emma,Martinez,1958-04-13,2026-02-09,Particulier,Employé,3181.68,44,A018,Poitiers,86000,emma.martinez_25@example.fr,Actif
26,C000026,Léa,Mercier,1990-03-16,2026-01-07,Professionnel,Cadre,6745.04,36,A019,Limoges,87000,lea.mercier_26@example.fr,Actif
27,C000027,Nathan,Girard,1991-10-24,2015-03-25,Particulier,Étudiant,955.45,39,A011,Biarritz,64200,nathan.girard_27@example.fr,Actif
28,C000028,Clara,Simon,1985-08-21,2020-11-25,Particulier,Profession libérale,2735.76,95,A012,Anglet,64600,clara.simon_28@example.fr,Actif
29,C000029,Lucas,Moreau,2001-06-18,2018-10-30,Particulier,Retraité,3173.42,32,A017,Niort,79000,lucas.moreau_29@example.fr,Actif
30,C000030,Paul,Lefebvre,1988-08-20,2018-06-27,Professionnel,Étudiant,773.74,40,A002,Bordeaux,33300,paul.lefebvre_30@example.fr,Actif
31,C000031,Léa,Bertrand,1978-09-20,2021-04-09,Particulier,Artisan,5739.62,42,A014,Oloron-Sainte-Marie,64400,lea.bertrand_31@example.fr,Actif
32,C000032,Sarah,Petit,1961-04-10,2023-05-15,Particulier,Technicien,4901.08,82,A019,Limoges,87000,sarah.petit_32@example.fr,Actif
33,C000033,Alexandre,Morel,1979-02-26,2020-03-27,Particulier,Employé,1856.44,40,A005,Talence,33400,alexandre.morel_33@example.fr,Actif
34,C000034,Noah,Thomas,1955-05-11,2018-02-18,Particulier,Commerçant,1264.62,57,A015,La Rochelle,17000,noah.thomas_34@example.fr,Actif
35,C000035,Zoé,Simon,1963-12-14,2022-04-19,Particulier,Employé,792.49,67,A023,Agen,47000,zoe.simon_35@example.fr,Inactif
36,C000036,Manon,Petit,1995-08-13,2018-07-10,Particulier,Artisan,1835.04,44,A023,Agen,47000,manon.petit_36@example.fr,Actif
37,C000037,Antoine,Garcia,1952-03-23,2015-11-01,Particulier,Cadre,3479.16,58,A008,Langon,33210,antoine.garcia_37@example.fr,Actif
38,C000038,Emma,Bertrand,1978-02-20,2024-09-27,Particulier,Employé,3728.97,59,A013,Orthez,64300,emma.bertrand_38@example.fr,Actif
39,C000039,Marie,Bonnet,1995-09-13,2026-02-20,Professionnel,Cadre,5188.45,40,A023,Agen,47000,marie.bonnet_39@example.fr,Actif
40,C000040,Sarah,Bertrand,2002-07-16,2025-04-26,Particulier,Étudiant,1308.62,39,A023,Agen,47000,sarah.bertrand_40@example.fr,Actif
41,C000041,Sarah,Girard,1965-09-17,2018-07-11,Particulier,Cadre,2823.87,75,A003,Mérignac,33700,sarah.girard_41@example.fr,Actif
42,C000042,Hugo,Roux,1966-03-15,2015-11-01,Particulier,Artisan,6335.68,50,A012,Anglet,64600,hugo.roux_42@example.fr,Actif
43,C000043,Chloé,Michel,1948-01-02,2026-06-01,Association,Technicien,6017.87,30,A002,Bordeaux,33300,chloe.michel_43@example.fr,Actif
44,C000044,Emma,Bernard,1980-04-18,2023-05-01,Professionnel,Enseignant,3595.91,65,A018,Poitiers,86000,emma.bernard_44@example.fr,Actif
45,C000045,Marie,Bertrand,1961-04-04,2021-07-01,Particulier,Cadre,0.0,40,A020,Brive-la-Gaillarde,19100,marie.bertrand_45@example.fr,Actif
46,C000046,Sarah,Roux,1978-06-07,2017-10-27,Particulier,Étudiant,932.68,50,A013,Orthez,64300,sarah.roux_46@example.fr,Actif
47,C000047,Alexandre,Dubois,1951-02-12,2016-01-30,Particulier,Employé,3263.52,50,A023,Agen,47000,alexandre.dubois_47@example.fr,Actif
48,C000048,Jade,Legrand,2001-10-25,2025-10-28,Particulier,Profession libérale,2877.58,59,A024,Mont-de-Marsan,40000,jade.legrand_48@example.fr,Actif
49,C000049,Lucas,Petit,1963-12-17,2025-06-09,Particulier,Étudiant,789.52,59,A011,Biarritz,64200,lucas.petit_49@example.fr,Actif
50,C000050,Thomas,Legrand,1954-04-18,2022-08-23,Particulier,Commerçant,2457.54,77,A017,Niort,79000,thomas.legrand_50@example.fr,Actif
51,C000051,Julien,Bonnet,1969-05-24,2017-05-20,Particulier,Sans emploi,1297.96,44,A021,Périgueux,24000,julien.bonnet_51@example.fr,Actif
52,C000052,Élodie,Girard,1972-01-25,2024-02-26,Particulier,Employé,3761.0,65,A021,Périgueux,24000,elodie.girard_52@example.fr,Inactif
53,C000053,Julien,Garcia,1962-10-27,2016-12-08,Particulier,Cadre,2783.77,45,A014,Oloron-Sainte-Marie,64400,julien.garcia_53@example.fr,Actif
54,C000054,Emma,Garcia,1992-10-04,2023-06-04,Particulier,Employé,2319.52,52,A009,Pau,64000,emma.garcia_54@example.fr,Actif
55,C000055,Océane,Durand,1957-03-11,2024-07-02,Particulier,Technicien,2569.77,58,A005,Talence,33400,oceane.durand_55@example.fr,Actif
56,C000056,Emma,Lambert,1980-01-27,2023-05-21,Particulier,Cadre,1833.43,52,A022,Bergerac,24100,emma.lambert_56@example.fr,Actif
57,C000057,Alexandre,Martin,1950-07-15,2019-08-21,Particulier,Artisan,1472.46,65,A019,Limoges,87000,alexandre.martin_57@example.fr,Actif
58,C000058,Inès,Thomas,1994-02-15,2022-08-26,Particulier,Enseignant,0.0,52,A014,Oloron-Sainte-Marie,64400,ines.thomas_58@example.fr,Actif
59,C000059,Hugo,Morel,1957-05-31,2017-04-13,Professionnel,Agriculteur,5570.94,47,A019,Limoges,87000,hugo.morel_59@example.fr,Actif
60,C000060,Océane,Laurent,1998-10-21,2016-01-18,Particulier,Retraité,2506.09,67,A025,Dax,40100,oceane.laurent_60@example.fr,Actif
61,C000061,Antoine,Martinez,1954-08-07,2026-05-07,Particulier,Employé,3583.21,57,A019,Limoges,87000,antoine.martinez_61@example.fr,Actif
62,C000062,Camille,Richard,1959-03-11,2023-10-19,Particulier,Sans emploi,4816.55,39,A023,Agen,47000,camille.richard_62@example.fr,Actif
63,C000063,Noah,Lefebvre,1993-03-10,2022-12-07,Professionnel,Enseignant,3992.13,81,A018,Poitiers,86000,noah.lefebvre_63@example.fr,Actif
64,C000064,Emma,Petit,1949-02-12,2023-03-27,Professionnel,Technicien,3381.6,35,A020,Brive-la-Gaillarde,19100,emma.petit_64@example.fr,Actif
65,C000065,Lucas,Dupont,1974-05-22,2022-02-17,Particulier,Retraité,2016.0,49,A002,Bordeaux,33300,lucas.dupont_65@example.fr,Actif
66,C000066,Chloé,Girard,1955-05-26,2015-10-28,Particulier,Enseignant,5998.49,42,A009,Pau,64000,chloe.girard_66@example.fr,Actif
67,C000067,Marie,Simon,2000-03-07,2016-02-22,Particulier,Enseignant,3297.68,95,A013,Orthez,64300,marie.simon_67@example.fr,Actif
68,C000068,Jade,Mercier,1993-12-02,2022-05-23,Particulier,Artisan,4391.59,48,A021,Périgueux,24000,jade.mercier_68@example.fr,Actif
69,C000069,Nathan,Girard,1987-12-03,2021-09-04,Particulier,Employé,0.0,57,A022,Bergerac,24100,nathan.girard_69@example.fr,Actif
70,C000070,Antoine,Vincent,1976-04-28,2019-11-18,Professionnel,Artisan,5361.42,41,A014,Oloron-Sainte-Marie,64400,antoine.vincent_70@example.fr,Actif
71,C000071,Clara,Laurent,1968-07-30,2020-12-14,Professionnel,Employé,6821.54,84,A003,Mérignac,33700,clara.laurent_71@example.fr,Inactif
72,C000072,Marie,Dupont,1977-04-03,2022-07-09,Particulier,Agriculteur,3219.53,83,A003,Mérignac,33700,marie.dupont_72@example.fr,Actif
73,C000073,Enzo,Roux,1948-12-13,2025-07-08,Particulier,Employé,2883.85,24,A007,Arcachon,33120,enzo.roux_73@example.fr,Actif
74,C000074,Antoine,Moreau,1957-06-26,2017-09-12,Professionnel,Retraité,2803.35,89,A008,Langon,33210,antoine.moreau_74@example.fr,Actif
75,C000075,Marie,Petit,1973-02-21,2016-02-25,Particulier,Cadre,4989.68,33,A025,Dax,40100,marie.petit_75@example.fr,Actif
76,C000076,Jade,Bernard,1945-04-14,2024-10-11,Particulier,Cadre,1014.61,60,A007,Arcachon,33120,jade.bernard_76@example.fr,Actif
77,C000077,Jade,Martinez,1958-06-16,2016-04-25,Particulier,Cadre,2990.59,51,A007,Arcachon,33120,jade.martinez_77@example.fr,Inactif
78,C000078,Paul,Moreau,1975-09-10,2019-06-06,Particulier,Commerçant,1405.33,66,A017,Niort,79000,paul.moreau_78@example.fr,Actif
79,C000079,Sarah,Petit,1970-05-24,2015-01-02,Particulier,Commerçant,2237.91,74,A012,Anglet,64600,sarah.petit_79@example.fr,Actif
80,C000080,Gabriel,André,1994-06-27,2020-05-12,Particulier,Employé,1802.04,69,A001,Bordeaux,33000,gabriel.andré_80@example.fr,Actif
81,C000081,Hugo,Lambert,1981-08-19,2024-11-17,Particulier,Employé,1506.05,95,A022,Bergerac,24100,hugo.lambert_81@example.fr,Inactif
82,C000082,Enzo,Leroy,1958-01-04,2023-12-10,Particulier,Employé,2161.67,65,A024,Mont-de-Marsan,40000,enzo.leroy_82@example.fr,Actif
83,C000083,Nathan,Laurent,1991-09-26,2017-12-11,Particulier,Étudiant,598.28,42,A017,Niort,79000,nathan.laurent_83@example.fr,Actif
84,C000084,Thomas,Bertrand,1970-12-23,2020-08-19,Professionnel,Employé,4762.05,65,A003,Mérignac,33700,thomas.bertrand_84@example.fr,Actif
85,C000085,Sarah,François,1989-01-07,2017-08-28,Particulier,Enseignant,3672.7,46,A021,Périgueux,24000,sarah.françois_85@example.fr,Actif
86,C000086,Élodie,Laurent,1982-11-24,2019-07-21,Particulier,Cadre,2005.49,50,A021,Périgueux,24000,elodie.laurent_86@example.fr,Actif
87,C000087,Léa,Richard,1957-05-24,2020-05-29,Particulier,Employé,2457.63,44,A008,Langon,33210,lea.richard_87@example.fr,Actif
88,C000088,Léa,Martin,1965-09-12,2025-05-08,Particulier,Artisan,3185.09,55,A024,Mont-de-Marsan,40000,lea.martin_88@example.fr,Inactif
89,C000089,Mathis,Garcia,1969-05-03,2016-06-29,Professionnel,Enseignant,6407.58,60,A024,Mont-de-Marsan,40000,mathis.garcia_89@example.fr,Actif
90,C000090,Julien,Mercier,1999-05-13,2020-08-20,Professionnel,Retraité,3164.28,63,A002,Bordeaux,33300,julien.mercier_90@example.fr,Actif
91,C000091,Chloé,Morel,1977-07-06,2016-12-16,Particulier,Employé,4466.51,72,A024,Mont-de-Marsan,40000,chloe.morel_91@example.fr,Actif
92,C000092,Jade,Richard,1973-05-03,2016-06-17,Particulier,Artisan,1109.25,68,A008,Langon,33210,jade.richard_92@example.fr,Actif
93,C000093,Élodie,Morel,1976-12-29,2015-05-14,Particulier,Artisan,4266.72,47,A001,Bordeaux,33000,elodie.morel_93@example.fr,Actif
94,C000094,Chloé,Morel,1951-09-08,2015-10-12,Particulier,Artisan,4128.44,87,A013,Orthez,64300,chloe.morel_94@example.fr,Actif
95,C000095,Paul,Morel,1983-03-04,2015-09-28,Particulier,Employé,586.18,65,A008,Langon,33210,paul.morel_95@example.fr,Actif
96,C000096,Enzo,Fournier,1955-08-06,2021-07-29,Particulier,Commerçant,1818.09,32,A003,Mérignac,33700,enzo.fournier_96@example.fr,Actif
97,C000097,Léa,Simon,1976-09-26,2015-10-13,Particulier,Artisan,1648.33,48,A025,Dax,40100,lea.simon_97@example.fr,Inactif
98,C000098,Antoine,Mercier,1966-02-15,2020-10-31,Particulier,Étudiant,1335.08,76,A014,Oloron-Sainte-Marie,64400,antoine.mercier_98@example.fr,Actif
99,C000099,Mathis,Garcia,1988-04-04,2023-10-10,Particulier,Commerçant,4615.12,16,A003,Mérignac,33700,mathis.garcia_99@example.fr,Actif
100,C000100,Amélie,Petit,1951-07-28,2021-12-12,Particulier,Agriculteur,3954.57,67,A005,Talence,33400,amelie.petit_100@example.fr,Actif
101,C000101,Paul,Simon,1965-05-15,2025-02-14,Particulier,Technicien,2569.17,29,A017,Niort,79000,paul.simon_101@example.fr,Actif
102,C000102,Camille,Girard,1947-03-09,2018-04-18,Particulier,Employé,1939.09,49,A024,Mont-de-Marsan,40000,camille.girard_102@example.fr,Actif
103,C000103,Hugo,Martin,1995-12-17,2025-11-19,Particulier,Commerçant,0.0,22,A004,Pessac,33600,hugo.martin_103@example.fr,Actif
104,C000104,Julien,Laurent,1963-09-08,2015-04-30,Particulier,Cadre,2321.4,53,A003,Mérignac,33700,julien.laurent_104@example.fr,Actif
105,C000105,Jade,Morel,1976-04-06,2025-01-03,Particulier,Cadre,510.18,56,A018,Poitiers,86000,jade.morel_105@example.fr,Actif
106,C000106,Thomas,Legrand,1989-03-28,2022-11-21,Particulier,Retraité,2446.74,30,A004,Pessac,33600,thomas.legrand_106@example.fr,Actif
107,C000107,Antoine,Morel,1984-05-04,2018-09-29,particulier,Étudiant,912.87,59,A006,Libourne,33500,antoine.morel_107@example.fr,Actif
108,C000108,Marie,Moreau,1991-08-28,2020-01-03,Particulier,Enseignant,7683.63,59,A002,Bordeaux,33300,marie.moreau_108@example.fr,Actif
109,C000109,Marie,Simon,1958-06-27,2015-04-08,Particulier,Retraité,2441.24,69,A003,Mérignac,33700,marie.simon_109@example.fr,Actif
110,C000110,Paul,Laurent,1989-11-05,2025-10-24,Particulier,Employé,1787.57,56,A007,Arcachon,33120,paul.laurent_110@example.fr,Actif
111,C000111,Camille,David,1967-10-25,2025-10-25,Particulier,Étudiant,1138.17,57,A021,Périgueux,24000,camille.david_111@example.fr,Actif
112,C000112,Clara,Girard,1948-12-01,2016-05-03,Particulier,Employé,4353.27,72,A002,Bordeaux,33300,clara.girard_112@example.fr,Actif
113,C000113,Antoine,Roux,1998-08-24,2021-10-17,Particulier,Profession libérale,1981.31,70,A017,Niort,79000,antoine.roux_113@example.fr,Actif
114,C000114,Noah,Michel,1958-10-18,2021-11-22,Professionnel,Employé,6160.9,55,A007,Arcachon,33120,noah.michel_114@example.fr,Actif
115,C000115,Alexandre,Morel,1961-07-19,2024-06-17,Particulier,Retraité,2584.73,50,A009,Pau,64000,alexandre.morel_115@example.fr,Actif
116,C000116,Paul,Bonnet,1951-11-01,2018-02-26,Particulier,Retraité,1416.3,20,A025,Dax,40100,paul.bonnet_116@example.fr,Inactif
117,C000117,Camille,Michel,1964-05-30,2024-01-01,Particulier,Enseignant,6428.19,34,A016,Rochefort,17300,camille.michel_117@example.fr,Actif
118,C000118,Antoine,Fournier,1966-10-19,2022-03-03,Particulier,Retraité,3403.85,26,A013,Orthez,64300,antoine.fournier_118@example.fr,Actif
119,C000119,Paul,Garcia,1962-11-15,2023-02-10,Particulier,Étudiant,59.54,85,A004,Pessac,33600,paul.garcia_119@example.fr,Actif
120,C000120,Gabriel,Vincent,1969-08-25,2026-02-19,Particulier,Cadre,865.21,28,A008,Langon,33210,gabriel.vincent_120@example.fr,Actif
121,C000121,Clara,Michel,1982-08-12,2023-03-14,Particulier,Étudiant,1148.51,84,A008,Langon,33210,clara.michel_121@example.fr,Inactif
122,C000122,Léa,Martinez,1987-07-10,2021-10-19,Particulier,Enseignant,2091.2,41,A001,Bordeaux,33000,lea.martinez_122@example.fr,Actif
123,C000123,Gabriel,Richard,1988-01-27,2026-05-16,Particulier,Employé,2119.61,33,A007,Arcachon,33120,gabriel.richard_123@example.fr,Inactif
124,C000124,Manon,Durand,1998-12-30,2026-06-02,Particulier,Étudiant,1278.72,64,A015,La Rochelle,17000,manon.durand_124@example.fr,Actif
125,C000125,Julien,Durand,1958-09-18,2019-06-14,Particulier,Artisan,3781.42,45,A018,Poitiers,86000,julien.durand_125@example.fr,Actif
126,C000126,Emma,Fournier,1982-01-03,2016-09-01,Professionnel,Enseignant,5103.28,61,A022,Bergerac,24100,emma.fournier_126@example.fr,Actif
127,C000127,Inès,Garcia,2002-08-21,2021-11-20,Particulier,Cadre,4288.37,68,A023,Agen,47000,ines.garcia_127@example.fr,Actif
128,C000128,Thomas,François,1975-10-24,2021-04-15,Particulier,RETRAITÉ,2174.88,49,A014,Oloron-Sainte-Marie,64400,thomas.françois_128@example.fr,Actif
129,C000129,Jade,Legrand,1971-11-09,2026-05-12,Particulier,Employé,4279.36,38,A025,Dax,40100,jade.legrand_129@example.fr,Actif
130,C000130,Hugo,Richard,1971-09-18,2017-02-26,Particulier,Employé,0.0,76,A011,Biarritz,64200,hugo.richard_130@example.fr,Actif
131,C000131,Élodie,Lefebvre,1947-08-31,2019-02-28,Professionnel,Retraité,2504.69,40,A009,Pau,64000,elodie.lefebvre_131@example.fr,Actif
132,C000132,Nathan,Martin,1988-06-17,2019-02-08,Particulier,Commerçant,2404.63,45,A005,Talence,33400,nathan.martin_132@example.fr,Actif
133,C000133,Lucas,Lambert,1991-06-25,2021-10-06,Particulier,Enseignant,2250.42,95,A002,Bordeaux,33300,lucas.lambert_133@example.fr,Actif
134,C000134,Gabriel,David,1957-03-21,2018-12-01,Particulier,Employé,2857.6,77,A011,Biarritz,64200,gabriel.david_134@example.fr,Actif
135,C000135,Enzo,Bonnet,1986-10-16,2015-03-09,Particulier,Technicien,3701.67,56,A020,Brive-la-Gaillarde,19100,enzo.bonnet_135@example.fr,Actif
136,C000136,Jade,Dupont,2001-01-30,2024-02-29,Particulier,Technicien,2435.03,39,A003,Mérignac,33700,jade.dupont_136@example.fr,Actif
137,C000137,Chloé,David,1996-09-24,2019-07-18,Professionnel,Étudiant,401.44,57,A021,Périgueux,24000,chloe.david_137@example.fr,Actif
138,C000138,Sarah,Morel,1976-02-08,2024-07-03,Particulier,Commerçant,2261.54,64,A024,Mont-de-Marsan,40000,sarah.morel_138@example.fr,Actif
139,C000139,Manon,André,1954-04-08,2015-09-11,Particulier,Agriculteur,814.0,54,A005,Talence,33400,manon.andré_139@example.fr,Actif
140,C000140,Jade,Michel,1971-11-27,2021-04-15,Particulier,Employé,5723.38,21,A024,Mont-de-Marsan,40000,jade.michel_140@example.fr,Actif
141,C000141,Nathan,Garcia,1959-09-28,2022-11-23,Particulier,Cadre,3748.42,53,A017,Niort,79000,nathan.garcia_141@example.fr,Actif
142,C000142,Gabriel,Michel,1979-06-01,2025-08-23,Professionnel,Employé,5807.26,47,A019,Limoges,87000,gabriel.michel_142@example.fr,Actif
143,C000143,Enzo,Michel,1962-10-21,2016-09-30,Particulier,Technicien,2631.49,39,A016,Rochefort,17300,enzo.michel_143@example.fr,Actif
144,C000144,Lucas,Dupont,1998-04-10,2022-12-05,Particulier,Employé,2936.33,29,A024,Mont-de-Marsan,40000,lucas.dupont_144@example.fr,Actif
145,C000145,Manon,Fournier,1995-07-02,2015-02-17,Particulier,Agriculteur,1663.78,36,A010,Bayonne,64100,manon.fournier_145@example.fr,Actif
146,C000146,Zoé,Fournier,1955-09-15,2018-10-19,Particulier,Employé,604.5,89,A014,Oloron-Sainte-Marie,64400,zoe.fournier_146@example.fr,Actif
147,C000147,Mathis,Vincent,1954-02-12,2015-08-30,Particulier,Employé,6157.44,67,A020,Brive-la-Gaillarde,19100,mathis.vincent_147@example.fr,Inactif
148,C000148,Chloé,Durand,1990-01-01,2016-02-29,Particulier,Enseignant,2596.22,38,A016,Rochefort,17300,chloe.durand_148@example.fr,Actif
149,C000149,Inès,Bertrand,1999-05-06,2015-04-17,Particulier,Cadre,6753.02,48,A022,Bergerac,24100,ines.bertrand_149@example.fr,Actif
150,C000150,Jade,Vincent,1981-01-04,2020-04-28,Particulier,Enseignant,4905.79,78,A004,Pessac,33600,jade.vincent_150@example.fr,Actif
151,C000151,Nathan,Roux,1954-07-16,2019-11-02,Particulier,Technicien,2718.82,49,A008,Langon,33210,nathan.roux_151@example.fr,Actif
152,C000152,Jade,Robert,1956-09-05,2018-10-04,Particulier,Cadre,2610.23,43,A006,Libourne,33500,jade.robert_152@example.fr,Inactif
153,C000153,Antoine,Morel,1953-07-17,2023-06-14,Association,Profession libérale,8309.02,11,A012,Anglet,64600,antoine.morel_153@example.fr,Actif
154,C000154,Inès,Mercier,1970-01-08,2019-11-10,Particulier,Employé,4337.69,34,A022,Bergerac,24100,ines.mercier_154@example.fr,Actif
155,C000155,Océane,Bertrand,1981-02-18,2020-10-18,Particulier,Employé,3561.25,61,A003,Mérignac,33700,oceane.bertrand_155@example.fr,Actif
156,C000156,Paul,François,1966-02-14,2023-11-01,Particulier,Enseignant,0.0,65,A006,Libourne,33500,paul.françois_156@example.fr,Actif
157,C000157,Julien,Simon,1999-03-09,2025-03-02,Professionnel,Employé,5457.13,81,A003,Mérignac,33700,julien.simon_157@example.fr,Actif
158,C000158,Lucas,Robert,1976-12-03,2018-03-16,Professionnel,Retraité,1571.24,83,A005,Talence,33400,lucas.robert_158@example.fr,Actif
159,C000159,Zoé,Roux,1993-10-22,2025-10-23,Professionnel,Employé,4328.84,76,A005,Talence,33400,zoe.roux_159@example.fr,Actif
160,C000160,Lucas,Petit,1997-07-05,2022-06-11,Professionnel,Profession libérale,4705.6,35,A011,Biarritz,64200,lucas.petit_160@example.fr,Actif
161,C000161,Julien,Richard,1997-04-01,2017-10-16,Particulier,Technicien,5682.81,47,A018,Poitiers,86000,julien.richard_161@example.fr,Actif
162,C000162,Lucas,Garcia,1986-05-06,2018-01-05,Particulier,Employé,3050.75,72,A019,Limoges,87000,lucas.garcia_162@example.fr,Inactif
163,C000163,Camille,Bertrand,1980-05-28,2017-12-15,Particulier,Retraité,1623.49,65,A002,Bordeaux,33300,camille.bertrand_163@example.fr,Actif
164,C000164,Océane,Leroy,1946-03-10,2019-09-15,Particulier,Technicien,5749.08,74,A003,Mérignac,33700,oceane.leroy_164@example.fr,Actif
165,C000165,Antoine,Lefebvre,1959-10-05,2017-01-14,Particulier,Employé,929.53,75,A025,Dax,40100,antoine.lefebvre_165@example.fr,Actif
166,C000166,Amélie,Richard,1952-09-29,2021-09-05,Particulier,Cadre,2189.63,41,A001,Bordeaux,33000,amelie.richard_166@example.fr,Actif
167,C000167,Thomas,Bertrand,1960-01-11,2016-10-03,Particulier,Commerçant,5104.77,69,A020,Brive-la-Gaillarde,19100,thomas.bertrand_167@example.fr,Clos
168,C000168,Thomas,Michel,2000-04-21,2021-06-22,Particulier,Employé,4256.29,61,A014,Oloron-Sainte-Marie,64400,thomas.michel_168@example.fr,Actif
169,C000169,Gabriel,Martin,1959-06-24,2019-08-03,Particulier,Employé,5372.87,56,A020,Brive-la-Gaillarde,19100,gabriel.martin_169@example.fr,Actif
170,C000170,Amélie,Mercier,1976-11-11,2015-01-24,Particulier,Étudiant,85.14,70,A006,Libourne,33500,amelie.mercier_170@example.fr,Actif
171,C000171,Chloé,Bonnet,1947-11-02,2021-09-22,Particulier,Retraité,1103.79,50,A017,Niort,79000,chloe.bonnet_171@example.fr,Actif
172,C000172,Nathan,Fournier,1967-04-09,2026-04-14,Particulier,Retraité,2312.09,35,A002,Bordeaux,33300,nathan.fournier_172@example.fr,Actif
173,C000173,Chloé,Robert,1961-02-18,2016-07-03,Particulier,Étudiant,1123.45,47,A025,Dax,40100,chloe.robert_173@example.fr,Actif
174,C000174,Lucas,Garcia,1997-11-18,2016-05-05,Particulier,Sans emploi,3134.26,95,A001,Bordeaux,33000,lucas.garcia_174@example.fr,Actif
175,C000175,Inès,Thomas,1978-08-10,2017-09-30,Particulier,Retraité,1166.74,71,A015,La Rochelle,17000,ines.thomas_175@example.fr,Actif
176,C000176,Emma,Bonnet,1981-02-28,2018-03-29,Particulier,Employé,3330.45,44,A017,Niort,79000,emma.bonnet_176@example.fr,Actif
177,C000177,Élodie,David,1974-03-11,2019-02-26,Particulier,Artisan,2250.59,56,A015,La Rochelle,17000,elodie.david_177@example.fr,Actif
178,C000178,Manon,Lefebvre,1956-06-17,2017-01-24,Professionnel,Employé,3436.85,52,A018,Poitiers,86000,manon.lefebvre_178@example.fr,Actif
179,C000179,Léa,Dubois,1953-06-17,2020-02-07,Professionnel,Commerçant,4593.66,38,A020,Brive-la-Gaillarde,19100,lea.dubois_179@example.fr,Actif
180,C000180,Enzo,Durand,1990-10-09,2023-10-10,Particulier,Technicien,3797.99,20,A010,Bayonne,64100,enzo.durand_180@example.fr,Actif
181,C000181,Élodie,Petit,1973-08-04,2022-10-10,Particulier,Commerçant,2259.49,69,A008,Langon,33210,elodie.petit_181@example.fr,Actif
182,C000182,Noah,Bonnet,1999-12-14,2017-11-18,Particulier,Retraité,2620.03,81,A012,Anglet,64600,noah.bonnet_182@example.fr,Inactif
183,C000183,Enzo,David,1957-01-13,2023-07-16,Particulier,Profession libérale,6779.2,59,A016,Rochefort,17300,enzo.david_183@example.fr,Actif
184,C000184,Océane,David,1960-07-28,2016-02-02,Particulier,Cadre,4585.04,50,A001,Bordeaux,33000,oceane.david_184@example.fr,Actif
185,C000185,Clara,Dupont,1979-01-16,2017-06-23,Professionnel,Employé,4279.7,58,A018,Poitiers,86000,clara.dupont_185@example.fr,Actif
186,C000186,Inès,Richard,1994-07-18,2021-03-01,Particulier,Commerçant,1453.63,42,A020,Brive-la-Gaillarde,19100,ines.richard_186@example.fr,Actif
187,C000187,Noah,Morel,1948-07-22,2016-07-05,Particulier,Agriculteur,1912.59,71,A006,Libourne,33500,noah.morel_187@example.fr,Actif
188,C000188,Zoé,Morel,1993-06-09,2021-08-24,Particulier,Employé,5521.43,50,A020,Brive-la-Gaillarde,19100,zoe.morel_188@example.fr,Actif
189,C000189,Clara,Robert,1986-01-23,2019-08-14,Particulier,Employé,6145.61,60,A024,Mont-de-Marsan,40000,clara.robert_189@example.fr,Actif
190,C000190,Lucas,Robert,2002-01-09,2024-07-31,Particulier,Employé,4072.53,78,A007,Arcachon,33120,lucas.robert_190@example.fr,Actif
191,C000191,Zoé,Lambert,1994-06-14,2021-04-22,Particulier,Cadre,5298.57,43,A025,Dax,40100,zoe.lambert_191@example.fr,Actif
192,C000192,Camille,Bonnet,1985-09-08,2017-04-28,Professionnel,Commerçant,8725.46,54,A013,Orthez,64300,camille.bonnet_192@example.fr,Actif
193,C000193,Océane,Roux,1982-07-26,2017-06-04,Particulier,Retraité,1211.21,63,A009,Pau,64000,oceane.roux_193@example.fr,Actif
194,C000194,Gabriel,Moreau,1945-02-27,2024-10-01,Particulier,Cadre,4025.44,59,A019,Limoges,87000,gabriel.moreau_194@example.fr,Inactif
195,C000195,Julien,Thomas,1947-04-24,2022-06-18,Particulier,Sans emploi,4202.68,45,A024,Mont-de-Marsan,40000,julien.thomas_195@example.fr,Actif
196,C000196,Chloé,Robert,1953-09-22,2021-05-04,Particulier,Profession libérale,849.7,68,A025,Dax,40100,chloe.robert_196@example.fr,Actif
197,C000197,Antoine,Vincent,1959-08-31,2020-01-18,Particulier,Commerçant,2585.09,61,A023,Agen,47000,antoine.vincent_197@example.fr,Actif
198,C000198,Camille,Robert,1983-12-03,2022-07-22,Particulier,Retraité,1239.3,30,A013,Orthez,64300,camille.robert_198@example.fr,Actif
199,C000199,Gabriel,Leroy,1995-05-02,2019-05-04,Particulier,Cadre,3525.41,55,A021,Périgueux,24000,gabriel.leroy_199@example.fr,Actif
200,C000200,Camille,Thomas,1963-02-19,2016-08-30,Particulier,Retraité,900.0,74,A019,Limoges,87000,camille.thomas_200@example.fr,Actif
201,C000201,Paul,Simon,1991-10-26,2024-02-24,Particulier,Cadre,5178.36,56,A004,Pessac,33600,paul.simon_201@example.fr,Actif
202,C000202,Jade,Moreau,1966-12-19,2020-09-05,Professionnel,Cadre,4213.18,44,A012,Anglet,64600,jade.moreau_202@example.fr,Actif
203,C000203,Amélie,Girard,1970-04-28,2024-09-16,Particulier,Agriculteur,2976.5,77,A007,Arcachon,33120,amelie.girard_203@example.fr,Actif
204,C000204,Enzo,Lefebvre,1965-01-27,2017-04-07,Particulier,Artisan,1910.99,19,A004,Pessac,33600,enzo.lefebvre_204@example.fr,Actif
205,C000205,Jade,Simon,1947-04-25,2025-02-22,Professionnel,Employé,1843.62,45,A019,Limoges,87000,jade.simon_205@example.fr,Actif
206,C000206,Chloé,Robert,2004-09-01,2017-02-12,Particulier,Agriculteur,1669.49,58,A010,Bayonne,64100,chloe.robert_206@example.fr,Actif
207,C000207,Enzo,Martin,1947-05-11,2021-04-04,Particulier,Employé,4457.77,65,A019,Limoges,87000,enzo.martin_207@example.fr,Actif
208,C000208,Jade,David,1994-06-21,2018-09-17,Particulier,Technicien,1565.37,36,A015,La Rochelle,17000,jade.david_208@example.fr,Actif
209,C000209,Gabriel,Simon,1949-09-16,2025-06-19,Particulier,Enseignant,5082.44,82,A012,Anglet,64600,gabriel.simon_209@example.fr,Actif
210,C000210,Élodie,Martin,2000-05-18,2024-05-19,Particulier,Employé,2786.54,47,A006,Libourne,33500,elodie.martin_210@example.fr,Actif
211,C000211,Jade,Bertrand,1989-10-16,2020-10-14,Particulier,Profession libérale,2616.32,40,A019,Limoges,87000,jade.bertrand_211@example.fr,Actif
212,C000212,Clara,Bertrand,1988-04-29,2018-02-21,Professionnel,Enseignant,5732.09,33,A006,Libourne,33500,clara.bertrand_212@example.fr,Actif
213,C000213,Élodie,Vincent,1999-03-14,2019-11-07,Particulier,Retraité,900.0,61,A010,Bayonne,64100,elodie.vincent_213@example.fr,Actif
214,C000214,Océane,Bernard,1987-11-19,2018-11-12,Particulier,Artisan,3239.73,50,A016,Rochefort,17300,oceane.bernard_214@example.fr,Actif
215,C000215,Sarah,Girard,1951-10-21,2016-03-02,Professionnel,Enseignant,3377.77,54,A004,Pessac,33600,sarah.girard_215@example.fr,Actif
216,C000216,Jade,Martinez,2002-06-18,2021-02-18,Particulier,Profession libérale,5292.03,72,A021,Périgueux,24000,jade.martinez_216@example.fr,Inactif
217,C000217,Paul,André,1965-12-06,2024-08-09,Particulier,Étudiant,1037.53,44,A022,Bergerac,24100,paul.andré_217@example.fr,Actif
218,C000218,Sarah,Roux,1987-03-21,2019-04-02,Particulier,Enseignant,2294.13,72,A009,Pau,64000,sarah.roux_218@example.fr,Actif
219,C000219,Élodie,Simon,1957-11-04,2019-03-20,Particulier,Étudiant,831.14,38,A011,Biarritz,64200,elodie.simon_219@example.fr,Actif
220,C000220,Julien,Bernard,1986-05-30,2025-01-20,Association,Commerçant,2013.58,42,A014,Oloron-Sainte-Marie,64400,julien.bernard_220@example.fr,Actif
221,C000221,Gabriel,Moreau,1991-05-26,2015-02-25,Particulier,Cadre,0.0,70,A025,Dax,40100,gabriel.moreau_221@example.fr,Actif
222,C000222,Gabriel,Lefebvre,1991-03-27,2022-11-10,Particulier,Artisan,2354.41,52,A003,Mérignac,33700,gabriel.lefebvre_222@example.fr,Actif
223,C000223,Inès,Morel,1978-02-21,2023-03-24,Particulier,Profession libérale,0.0,82,A016,Rochefort,17300,ines.morel_223@example.fr,Actif
224,C000224,Hugo,Fournier,1972-04-27,2026-03-10,Particulier,Artisan,2832.25,50,A002,Bordeaux,33300,hugo.fournier_224@example.fr,Actif
225,C000225,Inès,Robert,1956-07-05,2022-10-21,Particulier,Retraité,2085.83,33,A016,Rochefort,17300,ines.robert_225@example.fr,Actif
226,C000226,Amélie,Thomas,1988-02-17,2018-10-17,Particulier,Étudiant,1147.52,29,A020,Brive-la-Gaillarde,19100,amelie.thomas_226@example.fr,Inactif
227,C000227,Chloé,Petit,1966-01-28,2017-09-02,Particulier,Agriculteur,4404.24,66,A019,Limoges,87000,chloe.petit_227@example.fr,Actif
228,C000228,Chloé,Bernard,1976-02-08,2016-11-20,Particulier,Cadre,2594.67,54,A020,Brive-la-Gaillarde,19100,chloe.bernard_228@example.fr,Actif
229,C000229,Jade,Mercier,1961-08-05,2022-03-31,Particulier,Profession libérale,175.88,51,A021,Périgueux,24000,jade.mercier_229@example.fr,Actif
230,C000230,Julien,Garcia,1993-06-18,2022-08-04,Particulier,Commerçant,1879.63,47,A010,Bayonne,64100,julien.garcia_230@example.fr,Actif
231,C000231,Amélie,Martin,1982-03-10,2020-11-01,Particulier,Étudiant,788.57,52,A017,Niort,79000,amelie.martin_231@example.fr,Inactif
232,C000232,Alexandre,Durand,1964-01-06,2015-06-24,Particulier,Retraité,1360.15,47,A001,Bordeaux,33000,alexandre.durand_232@example.fr,Actif
233,C000233,Élodie,Vincent,1976-08-24,2024-07-30,Particulier,Enseignant,6455.1,52,A025,Dax,40100,elodie.vincent_233@example.fr,Actif
234,C000234,Noah,Lambert,1998-01-02,2023-01-23,Professionnel,Artisan,6899.05,24,A005,Talence,33400,noah.lambert_234@example.fr,Actif
235,C000235,Enzo,Legrand,1966-08-21,2018-11-04,Professionnel,Étudiant,979.33,53,A025,Dax,40100,enzo.legrand_235@example.fr,Actif
236,C000236,Inès,Moreau,1948-09-21,2017-10-24,Particulier,Employé,2540.58,37,A011,Biarritz,64200,ines.moreau_236@example.fr,Actif
237,C000237,Nathan,Bonnet,1959-11-09,2019-11-12,Particulier,Étudiant,1204.18,36,A005,Talence,33400,nathan.bonnet_237@example.fr,Actif
238,C000238,Chloé,Thomas,1954-06-02,2023-12-15,Particulier,Employé,0.0,46,A024,Mont-de-Marsan,40000,chloe.thomas_238@example.fr,Actif
239,C000239,Julien,Martinez,1995-10-13,2021-12-06,Particulier,Artisan,2227.27,87,A015,La Rochelle,17000,julien.martinez_239@example.fr,Actif
240,C000240,Amélie,Girard,1962-05-10,2022-03-15,Professionnel,Technicien,4853.61,28,A015,La Rochelle,17000,amelie.girard_240@example.fr,Actif
241,C000241,Julien,Durand,1991-09-12,2015-03-25,Particulier,Employé,1741.92,53,A014,Oloron-Sainte-Marie,64400,julien.durand_241@example.fr,Actif
242,C000242,Clara,Petit,1992-02-06,2026-06-29,Particulier,Artisan,3531.79,56,A023,Agen,47000,clara.petit_242@example.fr,Actif
243,C000243,Julien,Legrand,1998-01-19,2022-09-30,Particulier,Cadre,5638.39,69,A010,Bayonne,64100,julien.legrand_243@example.fr,Actif
244,C000244,Lucas,Petit,1992-09-02,2015-05-04,Particulier,Employé,0.0,80,A018,Poitiers,86000,lucas.petit_244@example.fr,Actif
245,C000245,Léa,Petit,1950-02-27,2024-02-04,Particulier,Employé,2944.63,64,A023,Agen,47000,lea.petit_245@example.fr,Actif
246,C000246,Gabriel,Vincent,1969-07-03,2015-03-10,Particulier,Employé,3571.71,62,A012,Anglet,64600,gabriel.vincent_246@example.fr,Actif
247,C000247,Clara,Morel,1971-07-23,2025-11-26,Particulier,Cadre,4104.78,58,A019,Limoges,87000,clara.morel_247@example.fr,Actif
248,C000248,Léa,Bertrand,1996-05-30,2017-05-12,Professionnel,Commerçant,6560.54,74,A011,Biarritz,64200,lea.bertrand_248@example.fr,Actif
249,C000249,Mathis,Bonnet,1972-07-05,2025-01-07,Professionnel,Artisan,6830.58,40,A010,Bayonne,64100,mathis.bonnet_249@example.fr,Actif
250,C000250,Élodie,David,2000-08-10,2017-11-30,Particulier,Enseignant,4016.28,18,A015,La Rochelle,17000,elodie.david_250@example.fr,Inactif
251,C000251,Gabriel,Simon,1993-10-12,2025-03-11,Particulier,Commerçant,6093.98,65,A023,Agen,47000,gabriel.simon_251@example.fr,Actif
252,C000252,Paul,Laurent,2001-09-25,2023-10-30,Particulier,Cadre,864.38,15,A010,Bayonne,64100,paul.laurent_252@example.fr,Actif
253,C000253,Chloé,Bonnet,1960-10-08,2023-12-24,Particulier,Enseignant,4868.0,82,A013,Orthez,64300,chloe.bonnet_253@example.fr,Actif
254,C000254,Noah,Bernard,1995-01-10,2023-03-31,Particulier,Agriculteur,4847.6,67,A004,Pessac,33600,noah.bernard_254@example.fr,Actif
255,C000255,Nathan,Girard,1971-06-26,2016-04-24,Particulier,Cadre,112.24,46,A009,Pau,64000,nathan.girard_255@example.fr,Actif
256,C000256,Sarah,Moreau,1974-07-19,2019-04-08,Professionnel,Étudiant,763.74,42,A001,Bordeaux,33000,sarah.moreau_256@example.fr,Actif
257,C000257,Hugo,Vincent,1984-08-01,2019-03-01,Particulier,Retraité,2091.69,78,A024,Mont-de-Marsan,40000,hugo.vincent_257@example.fr,Actif
258,C000258,Marie,Bernard,1957-05-27,2021-09-14,Professionnel,Étudiant,1189.56,80,A011,Biarritz,64200,marie.bernard_258@example.fr,Actif
259,C000259,Manon,Dupont,1994-02-21,2016-08-27,Particulier,Étudiant,1189.68,27,A023,Agen,47000,manon.dupont_259@example.fr,Actif
260,C000260,Lucas,Simon,1988-08-17,2024-09-28,Professionnel,Employé,2098.39,44,A012,Anglet,64600,lucas.simon_260@example.fr,Actif
261,C000261,Enzo,Michel,1995-10-13,2020-09-19,Professionnel,Profession libérale,2029.1,50,A025,Dax,40100,enzo.michel_261@example.fr,Actif
262,C000262,Noah,Martinez,1950-11-12,2019-11-07,Particulier,Étudiant,687.27,68,A016,Rochefort,17300,noah.martinez_262@example.fr,Actif
263,C000263,Mathis,Garcia,1945-12-23,2024-04-07,Particulier,Employé,1308.05,76,A015,La Rochelle,17000,mathis.garcia_263@example.fr,Actif
264,C000264,Hugo,Morel,1958-05-12,2019-08-02,Particulier,Enseignant,576.97,52,A010,Bayonne,64100,hugo.morel_264@example.fr,Actif
265,C000265,Sarah,André,1947-09-08,2022-01-04,Particulier,Retraité,3190.8,71,A005,Talence,33400,sarah.andré_265@example.fr,Actif
266,C000266,Emma,Richard,1950-05-24,2025-01-31,Particulier,Technicien,107.01,44,A025,Dax,40100,emma.richard_266@example.fr,Actif
267,C000267,Paul,David,1974-11-10,2019-10-26,Particulier,Technicien,2730.32,64,A015,La Rochelle,17000,paul.david_267@example.fr,Actif
268,C000268,Enzo,Mercier,1983-11-24,2020-06-19,Particulier,Employé,3778.07,38,A015,La Rochelle,17000,enzo.mercier_268@example.fr,Actif
269,C000269,Noah,Morel,1981-10-02,2020-04-29,Professionnel,Artisan,3151.67,79,A011,Biarritz,64200,noah.morel_269@example.fr,Actif
270,C000270,Marie,Dupont,1975-07-04,2022-12-23,Particulier,Employé,5636.3,80,A012,Anglet,64600,marie.dupont_270@example.fr,Actif
271,C000271,Emma,Robert,2003-11-06,2021-02-28,Particulier,Retraité,2402.03,70,A007,Arcachon,33120,emma.robert_271@example.fr,Inactif
272,C000272,Léa,Bonnet,1972-08-25,2018-12-25,Particulier,Employé,5450.89,26,A012,Anglet,64600,lea.bonnet_272@example.fr,Inactif
273,C000273,Alexandre,Martin,1959-06-21,2020-11-19,Particulier,Employé,2966.34,54,A013,Orthez,64300,alexandre.martin_273@example.fr,Actif
274,C000274,Marie,Durand,1966-12-01,2018-11-11,Particulier,Employé,3218.89,46,A003,Mérignac,33700,marie.durand_274@example.fr,Actif
275,C000275,Marie,Dubois,2001-02-07,2020-07-26,Particulier,Agriculteur,1768.48,61,A025,Dax,40100,marie.dubois_275@example.fr,Actif
276,C000276,Enzo,Mercier,2003-09-10,2018-03-23,Professionnel,Retraité,2395.87,47,A013,Orthez,64300,enzo.mercier_276@example.fr,Actif
277,C000277,Zoé,David,1981-10-17,2018-12-11,Particulier,Agriculteur,1981.64,58,A016,Rochefort,17300,zoe.david_277@example.fr,Inactif
278,C000278,Élodie,Mercier,1976-11-03,2015-11-21,Particulier,Cadre,2709.8,76,A023,Agen,47000,elodie.mercier_278@example.fr,Actif
279,C000279,Noah,Morel,1981-06-28,2019-05-20,Particulier,Sans emploi,3205.39,40,A011,Biarritz,64200,noah.morel_279@example.fr,Actif
280,C000280,Léa,Thomas,1945-12-23,2021-01-21,Particulier,Étudiant,1166.94,59,A004,Pessac,33600,lea.thomas_280@example.fr,Inactif
281,C000281,Lucas,Lefebvre,1996-09-15,2016-11-18,Particulier,Étudiant,1105.94,49,A020,Brive-la-Gaillarde,19100,lucas.lefebvre_281@example.fr,Actif
282,C000282,Océane,Robert,1969-11-21,2024-10-02,Particulier,Cadre,4544.31,37,A002,Bordeaux,33300,oceane.robert_282@example.fr,Actif
283,C000283,Mathis,Michel,1951-05-18,2026-01-15,Particulier,Cadre,2557.13,42,A012,Anglet,64600,mathis.michel_283@example.fr,Actif
284,C000284,Léa,Laurent,1953-05-15,2025-08-09,Particulier,Cadre,292.36,58,A018,Poitiers,86000,,Actif
285,C000285,Élodie,Durand,1952-05-12,2019-04-24,Particulier,Artisan,1897.39,70,A004,Pessac,33600,elodie.durand_285@example.fr,Actif
286,C000286,Marie,Morel,1962-09-24,2022-12-14,Association,Commerçant,6516.7,52,A025,Dax,,marie.morel_286@example.fr,Actif
287,C000287,Inès,Laurent,1946-04-08,2022-02-21,Professionnel,Retraité,2056.2,63,A021,Périgueux,24000,ines.laurent_287@example.fr,Actif
288,C000288,Emma,Moreau,1988-03-28,2020-10-29,Particulier,Technicien,5597.07,53,A005,Talence,33400,emma.moreau_288@example.fr,Actif
289,C000289,Emma,David,1962-03-17,2019-07-15,Particulier,Retraité,2415.58,41,A002,Bordeaux,33300,emma.david_289@example.fr,Inactif
290,C000290,Lucas,Martin,1950-05-18,2016-01-06,Professionnel,Employé,5498.17,34,A023,Agen,47000,lucas.martin_290@example.fr,Inactif
291,C000291,Marie,Dubois,1952-03-22,2019-09-23,Particulier,Cadre,2125.13,81,A017,Niort,79000,marie.dubois_291@example.fr,Actif
292,C000292,Camille,Laurent,1997-08-28,2018-03-02,Particulier,Artisan,1694.38,58,A020,Brive-la-Gaillarde,19100,camille.laurent_292@example.fr,Actif
293,C000293,Camille,Robert,1972-12-22,2024-11-20,Particulier,Étudiant,800.82,70,A007,Arcachon,33120,camille.robert_293@example.fr,Actif
294,C000294,Amélie,Lambert,2001-09-26,2017-10-02,Particulier,Enseignant,1943.25,53,A018,Poitiers,86000,amelie.lambert_294@example.fr,Actif
295,C000295,Thomas,André,1958-06-26,2017-05-01,Particulier,Retraité,3055.41,30,A009,Pau,64000,thomas.andré_295@example.fr,Actif
296,C000296,Océane,Michel,1946-04-01,2025-02-16,Particulier,Profession libérale,2374.16,43,A015,La Rochelle,17000,oceane.michel_296@example.fr,Actif
297,C000297,Élodie,Mercier,1984-08-28,2019-06-25,Particulier,Artisan,3971.82,56,A022,Bergerac,24100,elodie.mercier_297@example.fr,Inactif
298,C000298,Paul,Thomas,1961-07-09,2015-10-17,Particulier,Retraité,3361.51,57,A015,La Rochelle,17000,paul.thomas_298@example.fr,Actif
299,C000299,Emma,Martin,1973-09-11,2018-12-02,Particulier,Retraité,3024.1,78,A019,Limoges,87000,emma.martin_299@example.fr,Actif
300,C000300,Antoine,Dubois,1947-08-26,2020-05-08,Professionnel,Employé,3131.29,69,A007,Arcachon,33120,antoine.dubois_300@example.fr,Actif
301,C000301,Emma,Simon,1987-09-02,2021-07-14,Particulier,Retraité,2705.7,60,A011,Biarritz,64200,emma.simon_301@example.fr,Actif
302,C000302,Lucas,Robert,1991-12-05,2022-04-07,Particulier,Étudiant,1022.29,60,A013,Orthez,64300,lucas.robert_302@example.fr,Actif
303,C000303,Hugo,Garcia,1969-06-29,2020-02-15,Particulier,Employé,2495.69,83,A010,Bayonne,64100,hugo.garcia_303@example.fr,Actif
304,C000304,Paul,Roux,1991-07-08,2022-11-11,Association,Artisan,7694.4,68,A012,Anglet,64600,paul.roux_304@example.fr,Actif
305,C000305,Paul,Mercier,1969-05-16,2015-05-17,Particulier,Employé,1258.46,48,A009,Pau,64000,paul.mercier_305@example.fr,Actif
306,C000306,Sarah,Roux,1970-07-04,2019-03-23,Particulier,Étudiant,1105.56,60,A025,Dax,40100,sarah.roux_306@example.fr,Clos
307,C000307,Lucas,Bonnet,1979-10-06,2025-07-23,Particulier,Artisan,2582.43,70,A025,Dax,40100,lucas.bonnet_307@example.fr,Actif
308,C000308,Chloé,Morel,1959-02-24,2016-11-01,Particulier,Artisan,1549.06,62,A021,Périgueux,24000,chloe.morel_308@example.fr,Actif
309,C000309,Paul,Moreau,1966-04-17,2025-11-21,Particulier,Cadre,1450.56,73,A017,Niort,79000,paul.moreau_309@example.fr,Actif
310,C000310,Nathan,Legrand,1965-02-27,2023-07-08,Particulier,Étudiant,0.0,55,A022,Bergerac,24100,nathan.legrand_310@example.fr,Actif
311,C000311,Inès,Vincent,1952-05-20,2024-09-28,Particulier,Cadre,792.02,39,A018,Poitiers,86000,ines.vincent_311@example.fr,Inactif
312,C000312,Sarah,Girard,1966-12-03,2023-04-23,Particulier,Étudiant,0.0,47,A017,Niort,79000,sarah.girard_312@example.fr,Inactif
313,C000313,Sarah,Fournier,1970-06-29,2018-02-13,Professionnel,Profession libérale,4999.31,19,A022,Bergerac,24100,sarah.fournier_313@example.fr,Inactif
314,C000314,Gabriel,Richard,1993-09-09,2015-10-03,Particulier,Technicien,1424.52,31,A014,Oloron-Sainte-Marie,64400,gabriel.richard_314@example.fr,Actif
315,C000315,Thomas,Durand,1967-01-30,2020-08-12,Particulier,Employé,927.4,69,A012,Anglet,64600,thomas.durand_315@example.fr,Inactif
316,C000316,Nathan,Martinez,1969-09-15,2022-03-15,Professionnel,Étudiant,838.0,63,A004,Pessac,33600,nathan.martinez_316@example.fr,Actif
317,C000317,Alexandre,Martin,1998-12-05,2017-03-31,Particulier,Employé,1154.16,53,A017,Niort,79000,alexandre.martin_317@example.fr,Actif
318,C000318,Gabriel,Martin,1975-05-01,2019-05-11,Particulier,Retraité,2266.63,65,A007,Arcachon,33120,gabriel.martin_318@example.fr,Actif
319,C000319,Julien,Roux,1952-08-01,2024-05-02,Particulier,Cadre,4016.34,32,A011,Biarritz,64200,julien.roux_319@example.fr,Actif
320,C000320,Mathis,Garcia,1986-11-30,2020-11-07,Particulier,Technicien,1951.61,71,A012,Anglet,64600,mathis.garcia_320@example.fr,Actif
321,C000321,Camille,Lefebvre,1972-05-30,2025-09-19,Particulier,Profession libérale,1.63,43,A004,Pessac,33600,camille.lefebvre_321@example.fr,Actif
322,C000322,Mathis,Leroy,1997-07-23,2016-06-06,Particulier,Artisan,4459.87,23,A014,Oloron-Sainte-Marie,64400,mathis.leroy_322@example.fr,Actif
323,C000323,Camille,Leroy,1968-03-17,2020-02-10,Particulier,Commerçant,2966.87,38,A015,La Rochelle,17000,camille.leroy_323@example.fr,Actif
324,C000324,Mathis,Garcia,1980-06-15,2017-01-13,Particulier,Cadre,855.17,74,A024,Mont-de-Marsan,40000,mathis.garcia_324@example.fr,Actif
325,C000325,Mathis,Roux,1999-11-09,2018-09-06,Professionnel,Employé,6977.9,71,A012,Anglet,64600,mathis.roux_325@example.fr,Actif
326,C000326,Sarah,André,1982-11-12,2016-10-03,Particulier,Artisan,3116.66,53,A014,Oloron-Sainte-Marie,64400,sarah.andré_326@example.fr,Actif
327,C000327,Nathan,Lefebvre,1967-03-04,2017-02-13,Particulier,Étudiant,1126.98,60,A002,Bordeaux,33300,nathan.lefebvre_327@example.fr,Actif
328,C000328,Enzo,Bernard,1958-08-27,2024-01-22,Particulier,Cadre,2903.82,68,A020,Brive-la-Gaillarde,19100,enzo.bernard_328@example.fr,Actif
329,C000329,Chloé,Garcia,2000-05-13,2017-03-30,Particulier,Cadre,5626.77,72,A015,La Rochelle,17000,chloe.garcia_329@example.fr,Actif
330,C000330,Manon,Martinez,1993-05-12,2017-05-10,Particulier,Agriculteur,0.0,64,A010,Bayonne,64100,manon.martinez_330@example.fr,Actif
331,C000331,Antoine,Vincent,1958-02-03,2015-10-17,Particulier,Cadre,1035.65,79,A003,Mérignac,33700,antoine.vincent_331@example.fr,Actif
332,C000332,Hugo,Bernard,1988-08-28,2016-05-30,Particulier,Commerçant,2949.08,43,A025,Dax,40100,hugo.bernard_332@example.fr,Actif
333,C000333,Sarah,Vincent,1985-12-05,2025-02-27,Particulier,Sans emploi,3062.77,55,A020,Brive-la-Gaillarde,19100,sarah.vincent_333@example.fr,Actif
334,C000334,Gabriel,Robert,1984-08-30,2015-09-29,Particulier,Technicien,5246.38,40,A016,Rochefort,17300,gabriel.robert_334@example.fr,Actif
335,C000335,Mathis,Laurent,1957-09-04,2017-06-09,Particulier,Enseignant,5840.33,37,A018,Poitiers,86000,mathis.laurent_335@example.fr,Actif
336,C000336,Gabriel,Morel,1957-04-19,2025-05-12,Professionnel,Agriculteur,4556.52,47,A007,Arcachon,33120,gabriel.morel_336@example.fr,Actif
337,C000337,Zoé,Lambert,1957-10-27,2020-07-25,Particulier,Commerçant,2737.95,74,A012,Anglet,64600,zoe.lambert_337@example.fr,Actif
338,C000338,Amélie,Fournier,1963-04-25,2025-03-31,Particulier,Cadre,1460.57,81,A015,La Rochelle,17000,amelie.fournier_338@example.fr,Actif
339,C000339,Hugo,Richard,1960-06-06,2021-07-27,Particulier,Étudiant,1345.27,41,A001,Bordeaux,33000,hugo.richard_339@example.fr,Actif
340,C000340,Nathan,Vincent,2004-04-27,2022-02-22,Particulier,Étudiant,969.67,59,A002,Bordeaux,33300,nathan.vincent_340@example.fr,Actif
341,C000341,Amélie,Martinez,1988-06-17,2025-10-14,Professionnel,Profession libérale,5169.17,58,A023,Agen,47000,amelie.martinez_341@example.fr,Actif
342,C000342,Julien,Durand,1975-03-24,2018-03-19,Particulier,Employé,0.0,48,A025,Dax,40100,julien.durand_342@example.fr,Actif
343,C000343,Amélie,Fournier,1980-04-30,2021-07-13,Particulier,Cadre,2890.81,29,A014,Oloron-Sainte-Marie,64400,amelie.fournier_343@example.fr,Actif
344,C000344,Camille,Martin,1966-09-03,2017-01-28,Particulier,Employé,5247.25,52,A011,Biarritz,64200,camille.martin_344@example.fr,Actif
345,C000345,Clara,François,1970-10-28,2019-06-01,Particulier,Enseignant,4769.78,73,A006,Libourne,33500,clara.françois_345@example.fr,Actif
346,C000346,Noah,Bonnet,1985-08-20,2023-01-25,Particulier,Cadre,1005.08,58,A017,Niort,79000,noah.bonnet_346@example.fr,Actif
347,C000347,Océane,Girard,1960-10-11,2018-10-14,Professionnel,Enseignant,3330.13,27,A016,Rochefort,17300,oceane.girard_347@example.fr,Actif
348,C000348,Thomas,Martinez,1956-08-18,2025-07-17,Particulier,Enseignant,3874.32,17,A002,Bordeaux,33300,thomas.martinez_348@example.fr,Actif
349,C000349,Julien,Richard,1979-10-09,2026-05-03,Particulier,Technicien,5102.46,66,A010,Bayonne,64100,julien.richard_349@example.fr,Actif
350,C000350,Chloé,Petit,2002-12-20,2017-06-14,Particulier,Enseignant,4777.05,61,A014,Oloron-Sainte-Marie,64400,chloe.petit_350@example.fr,Actif
351,C000351,Gabriel,Bertrand,1988-05-17,2023-01-30,Particulier,Cadre,3208.25,32,A025,Dax,40100,gabriel.bertrand_351@example.fr,Actif
352,C000352,Gabriel,Simon,1997-06-11,2026-05-20,Particulier,Technicien,4545.16,49,A020,Brive-la-Gaillarde,19100,gabriel.simon_352@example.fr,Actif
353,C000353,Antoine,Michel,1992-07-07,2015-10-25,Particulier,Enseignant,2441.34,52,A018,Poitiers,86000,antoine.michel_353@example.fr,Actif
354,C000354,Paul,Moreau,2002-03-26,2016-12-14,Professionnel,Artisan,3890.99,51,A025,Dax,40100,paul.moreau_354@example.fr,Actif
355,C000355,Clara,Richard,2002-02-03,2025-04-24,Particulier,Retraité,1815.15,48,A016,Rochefort,17300,clara.richard_355@example.fr,Actif
356,C000356,Océane,Vincent,2002-06-28,2023-01-27,Professionnel,Employé,5097.56,68,A015,La Rochelle,17000,oceane.vincent_356@example.fr,Actif
357,C000357,Mathis,Martinez,1953-03-28,2020-01-28,Particulier,Artisan,1440.71,49,A009,Pau,64000,mathis.martinez_357@example.fr,Actif
358,C000358,Marie,Girard,1985-05-12,2025-06-04,Particulier,Artisan,4387.01,95,A016,Rochefort,17300,marie.girard_358@example.fr,Actif
359,C000359,Emma,Morel,1945-06-16,2026-01-05,Particulier,Employé,2375.39,41,A017,Niort,79000,emma.morel_359@example.fr,Actif
360,C000360,Chloé,Girard,1979-11-29,2017-12-07,Professionnel,Technicien,5480.71,46,A024,Mont-de-Marsan,40000,chloe.girard_360@example.fr,Actif
361,C000361,Léa,Laurent,1999-08-23,2017-01-01,Particulier,Employé,3991.61,67,A012,Anglet,64600,lea.laurent_361@example.fr,Actif
362,C000362,Jade,Durand,1983-01-31,2015-12-07,Particulier,Retraité,1430.59,95,A025,Dax,40100,jade.durand_362@example.fr,Actif
363,C000363,Sarah,François,1959-01-13,2020-12-11,Particulier,Cadre,4014.79,64,A003,Mérignac,33700,sarah.françois_363@example.fr,Actif
364,C000364,Antoine,Richard,1955-01-13,2025-02-21,Particulier,Retraité,2198.73,44,A016,Rochefort,17300,antoine.richard_364@example.fr,Actif
365,C000365,Jade,Garcia,1969-05-05,2017-08-11,Particulier,Employé,1320.96,52,A013,Orthez,64300,jade.garcia_365@example.fr,Actif
366,C000366,Alexandre,Lambert,1971-07-02,2020-01-03,Particulier,Employé,1010.84,75,A019,Limoges,87000,alexandre.lambert_366@example.fr,Clos
367,C000367,Julien,Girard,1989-02-08,2015-06-17,Particulier,Retraité,900.0,61,A011,Biarritz,64200,julien.girard_367@example.fr,Actif
368,C000368,Lucas,Dubois,2003-08-09,2020-02-12,Professionnel,Employé,4562.73,58,A007,Arcachon,33120,lucas.dubois_368@example.fr,Actif
369,C000369,Marie,Legrand,1984-12-10,2021-01-12,Particulier,Sans emploi,4252.48,47,A019,Limoges,87000,marie.legrand_369@example.fr,Actif
370,C000370,Manon,Mercier,1972-05-15,2019-02-18,Particulier,Retraité,1796.71,47,A005,Talence,33400,,Actif
371,C000371,Enzo,Martin,1951-04-08,2024-09-08,Particulier,Employé,1752.03,40,A013,Orthez,64300,enzo.martin_371@example.fr,Actif
372,C000372,Inès,Thomas,1976-10-14,2020-12-09,Particulier,Agriculteur,2108.21,72,A009,Pau,64000,ines.thomas_372@example.fr,Actif
373,C000373,Paul,Legrand,1978-09-15,2021-04-12,Professionnel,Technicien,6385.23,62,A002,Bordeaux,33300,paul.legrand_373@example.fr,Actif
374,C000374,Marie,Laurent,1995-08-29,2017-12-12,Professionnel,Retraité,3084.28,92,A011,Biarritz,64200,marie.laurent_374@example.fr,Actif
375,C000375,Gabriel,François,1977-03-07,2023-04-20,Particulier,Employé,5604.48,46,A010,Bayonne,64100,gabriel.françois_375@example.fr,Actif
376,C000376,Jade,Lefebvre,1980-05-15,2020-01-21,Particulier,Cadre,4703.32,34,A003,Mérignac,33700,jade.lefebvre_376@example.fr,Actif
377,C000377,Paul,Bonnet,1984-07-09,2023-11-29,Particulier,Artisan,1444.04,68,A010,Bayonne,64100,paul.bonnet_377@example.fr,Actif
378,C000378,Alexandre,Laurent,2002-03-26,2016-04-05,Particulier,Retraité,3051.12,29,A008,Langon,33210,alexandre.laurent_378@example.fr,Actif
379,C000379,Sarah,Bernard,1994-06-01,2024-03-08,Particulier,Profession libérale,3329.34,43,A021,Périgueux,24000,sarah.bernard_379@example.fr,Actif
380,C000380,Manon,Martin,1956-05-17,2021-08-20,Particulier,Agriculteur,4.79,39,A005,Talence,33400,manon.martin_380@example.fr,Actif
381,C000381,Océane,Moreau,1969-02-03,2023-12-07,Particulier,Cadre,4307.69,64,A024,Mont-de-Marsan,40000,oceane.moreau_381@example.fr,Actif
382,C000382,Léa,Richard,1979-01-10,2023-10-07,Particulier,Technicien,657.57,63,A015,La Rochelle,17000,lea.richard_382@example.fr,Actif
383,C000383,Gabriel,Bernard,1985-03-22,2024-08-26,particulier,Retraité,2752.9,40,A014,Oloron-Sainte-Marie,64400,gabriel.bernard_383@example.fr,Actif
384,C000384,Antoine,Garcia,1970-01-08,2022-12-17,Particulier,Employé,1511.6,54,A017,Niort,79000,antoine.garcia_384@example.fr,Actif
385,C000385,Jade,Richard,1987-01-15,2022-10-05,Particulier,Employé,7615.55,43,A006,Libourne,33500,jade.richard_385@example.fr,Actif
386,C000386,Hugo,Dupont,1956-09-14,2015-07-07,Particulier,Profession libérale,4566.9,43,A004,Pessac,33600,hugo.dupont_386@example.fr,Actif
387,C000387,Nathan,Robert,1955-03-05,2021-10-20,Particulier,Étudiant,490.65,31,A003,Mérignac,33700,nathan.robert_387@example.fr,Actif
388,C000388,Paul,Bonnet,1952-05-10,2021-04-27,Particulier,Artisan,2073.4,31,A021,Périgueux,24000,paul.bonnet_388@example.fr,Actif
389,C000389,Thomas,Roux,2004-08-10,2017-01-27,Particulier,Artisan,1470.93,68,A014,Oloron-Sainte-Marie,64400,thomas.roux_389@example.fr,Actif
390,C000390,Alexandre,Richard,1975-05-07,2024-03-21,Particulier,Retraité,2128.5,95,A004,Pessac,33600,alexandre.richard_390@example.fr,Actif
391,C000391,Julien,Bernard,2004-02-23,2016-10-05,Particulier,Artisan,2232.07,62,A024,Mont-de-Marsan,40000,julien.bernard_391@example.fr,Actif
392,C000392,Enzo,Robert,1960-11-04,2018-05-23,Particulier,Étudiant,574.89,34,A019,Limoges,87000,enzo.robert_392@example.fr,Actif
393,C000393,Thomas,Fournier,1953-07-02,2019-02-27,Professionnel,Enseignant,4244.43,59,A012,Anglet,64600,thomas.fournier_393@example.fr,Actif
394,C000394,Mathis,Simon,1957-05-25,2020-05-13,Particulier,Étudiant,1140.28,36,A013,Orthez,64300,mathis.simon_394@example.fr,Actif
395,C000395,Nathan,Lefebvre,1991-12-03,2024-01-16,Particulier,Étudiant,1349.95,73,A007,Arcachon,33120,nathan.lefebvre_395@example.fr,Actif
396,C000396,Thomas,François,1974-08-08,2017-06-13,Particulier,Profession libérale,969.34,33,A025,Dax,40100,thomas.françois_396@example.fr,Actif
397,C000397,Amélie,Simon,1980-01-12,2017-10-29,Professionnel,Employé,4074.76,23,A016,Rochefort,17300,amelie.simon_397@example.fr,Actif
398,C000398,Alexandre,Girard,1970-03-04,2023-07-16,Particulier,Cadre,5413.85,21,A003,Mérignac,33700,alexandre.girard_398@example.fr,Inactif
399,C000399,Amélie,Thomas,1990-07-31,2016-12-17,Particulier,Artisan,2421.34,57,A010,Bayonne,64100,amelie.thomas_399@example.fr,Actif
400,C000400,Marie,Mercier,1953-09-20,2017-05-26,Professionnel,Étudiant,1409.97,85,A004,Pessac,33600,marie.mercier_400@example.fr,Actif
401,C000401,Nathan,Martin,2001-11-18,2015-06-28,Professionnel,Étudiant,1624.36,32,A012,Anglet,64600,nathan.martin_401@example.fr,Actif
402,C000402,Paul,Martinez,1954-10-10,2018-08-10,Particulier,Employé,396.61,69,A018,Poitiers,86000,paul.martinez_402@example.fr,Actif
403,C000403,Thomas,Morel,1947-07-08,2018-07-23,Particulier,Employé,3716.1,47,A014,Oloron-Sainte-Marie,64400,thomas.morel_403@example.fr,Actif
404,C000404,Camille,Dupont,1996-08-07,2025-04-26,Particulier,Artisan,0.0,52,A025,Dax,40100,camille.dupont_404@example.fr,Actif
405,C000405,Nathan,Legrand,2000-03-11,2023-08-01,Particulier,Cadre,5753.28,64,A006,Libourne,33500,nathan.legrand_405@example.fr,Inactif
406,C000406,Sarah,Girard,1957-12-19,2023-12-23,Particulier,Étudiant,852.52,84,A021,Périgueux,24000,sarah.girard_406@example.fr,Actif
407,C000407,Océane,François,1976-04-26,2021-12-06,Professionnel,Étudiant,896.64,64,A014,Oloron-Sainte-Marie,64400,,Actif
408,C000408,Léa,Lefebvre,1981-06-25,2022-03-14,Particulier,Employé,376.93,76,A004,Pessac,33600,lea.lefebvre_408@example.fr,Actif
409,C000409,Gabriel,Lambert,1947-04-18,2026-04-29,Particulier,Profession libérale,3874.66,61,A002,Bordeaux,33300,gabriel.lambert_409@example.fr,Actif
410,C000410,Amélie,Lambert,1947-01-02,2020-03-12,Particulier,Retraité,1096.88,57,A006,Libourne,33500,amelie.lambert_410@example.fr,Clos
411,C000411,Jade,Leroy,1974-06-27,2022-02-27,Particulier,Agriculteur,3897.23,17,A004,Pessac,33600,jade.leroy_411@example.fr,Actif
412,C000412,Chloé,Lefebvre,1948-11-15,2016-09-17,Professionnel,Enseignant,5203.33,49,A010,Bayonne,64100,chloe.lefebvre_412@example.fr,Actif
413,C000413,Jade,Lefebvre,1953-09-27,2017-10-20,Particulier,Enseignant,2012.12,50,A003,Mérignac,33700,jade.lefebvre_413@example.fr,Actif
414,C000414,Clara,Bonnet,1960-06-02,2020-06-07,Particulier,Enseignant,2733.24,52,A022,Bergerac,24100,clara.bonnet_414@example.fr,Actif
415,C000415,Camille,Petit,1948-01-18,2017-12-15,Particulier,Commerçant,2785.48,47,A010,Bayonne,64100,camille.petit_415@example.fr,Actif
416,C000416,Mathis,Moreau,1974-09-19,2024-06-01,Particulier,Retraité,2133.57,69,A015,La Rochelle,17000,mathis.moreau_416@example.fr,Actif
417,C000417,Zoé,Martinez,1964-07-24,2023-07-17,Particulier,Employé,4319.93,88,A009,Pau,64000,zoe.martinez_417@example.fr,Actif
418,C000418,Manon,Fournier,1969-09-01,2017-12-14,Particulier,Cadre,3488.34,66,A007,Arcachon,33120,manon.fournier_418@example.fr,Actif
419,C000419,Gabriel,Petit,1987-06-23,2016-05-24,Particulier,Retraité,4105.41,65,A010,Bayonne,64100,gabriel.petit_419@example.fr,Actif
420,C000420,Thomas,Fournier,1976-05-31,2021-02-05,Particulier,Employé,5392.12,86,A006,Libourne,33500,thomas.fournier_420@example.fr,Inactif
421,C000421,Thomas,Martinez,1972-03-31,2016-04-08,Particulier,Retraité,2947.22,75,A023,Agen,47000,thomas.martinez_421@example.fr,Actif
422,C000422,Alexandre,Vincent,1969-02-15,2023-04-14,Particulier,Étudiant,89.71,59,A017,Niort,79000,alexandre.vincent_422@example.fr,Actif
423,C000423,Inès,Legrand,1975-02-28,2020-05-05,Professionnel,Enseignant,6410.97,27,A006,Libourne,33500,ines.legrand_423@example.fr,Actif
424,C000424,Chloé,Morel,1966-01-25,2021-05-17,Particulier,Cadre,5236.29,82,A012,Anglet,64600,chloe.morel_424@example.fr,Actif
425,C000425,Marie,David,1960-08-06,2019-10-19,Particulier,Enseignant,2600.2,56,A024,Mont-de-Marsan,40000,marie.david_425@example.fr,Actif
426,C000426,Lucas,Moreau,1960-12-15,2017-10-28,Particulier,Sans emploi,8790.06,58,A012,Anglet,64600,lucas.moreau_426@example.fr,Actif
427,C000427,Océane,Laurent,1987-03-16,2016-08-11,Professionnel,Employé,6288.53,42,A024,Mont-de-Marsan,40000,oceane.laurent_427@example.fr,Actif
428,C000428,Jade,David,1957-02-17,2020-08-19,Particulier,Retraité,1945.63,56,A002,Bordeaux,33300,jade.david_428@example.fr,Inactif
429,C000429,Emma,Michel,1965-05-28,2019-01-25,Particulier,Retraité,1494.2,59,A017,Niort,79000,emma.michel_429@example.fr,Actif
430,C000430,Clara,Robert,1977-05-10,2024-11-05,Particulier,Commerçant,3293.95,66,A023,Agen,47000,clara.robert_430@example.fr,Actif
431,C000431,Zoé,Bonnet,1990-01-22,2018-12-29,Particulier,Artisan,791.71,40,A009,Pau,64000,zoe.bonnet_431@example.fr,Actif
432,C000432,Mathis,Mercier,1979-06-05,2017-08-24,Particulier,Profession libérale,1673.61,68,A023,Agen,47000,mathis.mercier_432@example.fr,Actif
433,C000433,Emma,Petit,1952-05-10,2016-07-29,Professionnel,Employé,6699.65,37,A011,Biarritz,64200,emma.petit_433@example.fr,Actif
434,C000434,Gabriel,Bernard,2002-07-09,2025-09-14,Particulier,Profession libérale,1920.5,78,A021,Périgueux,24000,gabriel.bernard_434@example.fr,Actif
435,C000435,Julien,Robert,1990-12-19,2015-07-21,Particulier,Étudiant,675.37,54,A006,Libourne,33500,julien.robert_435@example.fr,Actif
436,C000436,Océane,Moreau,1974-08-16,2022-03-20,Professionnel,Commerçant,8101.63,66,A015,La Rochelle,17000,oceane.moreau_436@example.fr,Actif
437,C000437,Emma,Durand,2004-09-01,2024-04-26,Particulier,Artisan,26.52,25,A017,Niort,79000,emma.durand_437@example.fr,Actif
438,C000438,Marie,Thomas,1950-04-06,2024-09-30,Particulier,Artisan,0.0,75,A018,Poitiers,86000,marie.thomas_438@example.fr,Clos
439,C000439,Lucas,Legrand,2003-08-24,2017-02-21,Particulier,Employé,3016.19,68,A001,Bordeaux,33000,lucas.legrand_439@example.fr,Actif
440,C000440,Chloé,Fournier,2002-01-12,2025-12-29,Particulier,Profession libérale,3425.54,65,A004,Pessac,33600,chloe.fournier_440@example.fr,Actif
441,C000441,Antoine,Lambert,1992-01-20,2024-01-23,Particulier,Enseignant,2410.07,49,A007,Arcachon,33120,antoine.lambert_441@example.fr,Actif
442,C000442,Sarah,Michel,1951-08-29,2020-09-13,Professionnel,Employé,6350.65,69,A022,Bergerac,24100,sarah.michel_442@example.fr,Actif
443,C000443,Chloé,David,1997-12-20,2022-11-10,Particulier,Employé,1737.1,52,A009,Pau,64000,chloe.david_443@example.fr,Actif
444,C000444,Nathan,Petit,1948-08-22,2016-06-23,Particulier,Sans emploi,4111.91,29,A023,Agen,47000,nathan.petit_444@example.fr,Actif
445,C000445,Antoine,Laurent,1950-04-17,2021-09-22,Particulier,Retraité,900.0,36,A017,Niort,79000,antoine.laurent_445@example.fr,Actif
446,C000446,Élodie,Vincent,1968-08-08,2015-08-06,Particulier,Employé,2851.0,66,A023,Agen,47000,elodie.vincent_446@example.fr,Actif
447,C000447,Océane,Richard,2001-05-12,2019-02-14,Particulier,Étudiant,548.04,57,A002,Bordeaux,33300,oceane.richard_447@example.fr,Actif
448,C000448,Océane,Leroy,1971-03-11,2024-04-20,Particulier,Employé,739.18,48,A002,Bordeaux,33300,oceane.leroy_448@example.fr,Actif
449,C000449,Hugo,Bertrand,1968-05-20,2017-10-23,Particulier,Retraité,1965.89,45,A003,Mérignac,33700,hugo.bertrand_449@example.fr,Actif
450,C000450,Manon,Laurent,1956-11-05,2022-12-04,Particulier,ÉTUDIANT,707.75,67,A002,Bordeaux,33300,manon.laurent_450@example.fr,Actif
451,C000451,Océane,Roux,1992-12-08,2023-04-12,Particulier,Enseignant,450.37,43,A020,Brive-la-Gaillarde,19100,oceane.roux_451@example.fr,Actif
452,C000452,Amélie,Martinez,1960-05-28,2018-05-30,Particulier,Commerçant,3729.09,45,A005,Talence,33400,amelie.martinez_452@example.fr,Actif
453,C000453,Sarah,Morel,1988-03-25,2019-04-28,Particulier,Retraité,2816.77,63,A002,Bordeaux,33300,sarah.morel_453@example.fr,Actif
454,C000454,Marie,Bonnet,1976-08-01,2022-06-11,Particulier,Profession libérale,2622.08,56,A002,Bordeaux,33300,marie.bonnet_454@example.fr,Inactif
455,C000455,Amélie,François,1997-10-26,2021-10-22,Particulier,Retraité,3066.62,81,A012,Anglet,64600,amelie.françois_455@example.fr,Actif
456,C000456,Jade,Fournier,1995-11-20,2023-09-16,Particulier,Étudiant,1358.64,69,A001,Bordeaux,33000,jade.fournier_456@example.fr,Actif
457,C000457,Marie,Legrand,1970-07-27,2021-02-17,Particulier,Étudiant,317.24,62,A024,Mont-de-Marsan,40000,marie.legrand_457@example.fr,Actif
458,C000458,Hugo,Lefebvre,1973-12-11,2015-09-19,Professionnel,Employé,3644.79,54,A015,La Rochelle,17000,hugo.lefebvre_458@example.fr,Actif
459,C000459,Alexandre,Leroy,1946-03-30,2022-03-08,Particulier,Agriculteur,1745.1,84,A013,Orthez,64300,alexandre.leroy_459@example.fr,Actif
460,C000460,Lucas,Michel,1982-01-19,2017-01-04,Particulier,Cadre,3452.86,63,A019,Limoges,87000,lucas.michel_460@example.fr,Actif
461,C000461,Élodie,Mercier,2000-06-03,2022-06-03,Particulier,Cadre,420.09,34,A024,Mont-de-Marsan,40000,elodie.mercier_461@example.fr,Actif
462,C000462,Inès,André,1951-11-14,2023-02-08,Particulier,Employé,668.26,67,A007,Arcachon,33120,ines.andré_462@example.fr,Actif
463,C000463,Gabriel,Martin,1970-10-31,2022-06-07,Particulier,Enseignant,4731.15,27,A022,Bergerac,24100,gabriel.martin_463@example.fr,Actif
464,C000464,Clara,François,1980-08-31,2016-11-15,Particulier,Employé,2449.3,38,A002,Bordeaux,33300,clara.françois_464@example.fr,Actif
465,C000465,Élodie,Leroy,1974-05-07,2026-03-16,Particulier,Employé,673.78,34,A005,Talence,33400,elodie.leroy_465@example.fr,Actif
466,C000466,Élodie,Simon,1979-10-30,2024-05-28,Particulier,Employé,4126.95,63,A015,La Rochelle,17000,elodie.simon_466@example.fr,Actif
467,C000467,Marie,David,1950-08-13,2025-09-23,Particulier,Enseignant,353.06,48,A017,Niort,79000,marie.david_467@example.fr,Actif
468,C000468,Manon,Durand,1957-06-04,2020-06-23,Particulier,Étudiant,923.94,64,A016,Rochefort,17300,manon.durand_468@example.fr,Actif
469,C000469,Manon,Dupont,1962-04-29,2021-08-05,Particulier,Enseignant,92.73,25,A008,Langon,33210,manon.dupont_469@example.fr,Actif
470,C000470,Alexandre,Lambert,1974-12-26,2017-05-25,Professionnel,Cadre,2847.43,70,A001,Bordeaux,33000,alexandre.lambert_470@example.fr,Inactif
471,C000471,Gabriel,André,1982-10-09,2021-01-27,Particulier,Cadre,463.61,5,A019,Limoges,87000,gabriel.andré_471@example.fr,Actif
472,C000472,Hugo,Bonnet,1976-08-17,2017-03-11,Particulier,Commerçant,3984.49,61,A025,Dax,40100,hugo.bonnet_472@example.fr,Actif
473,C000473,Julien,Martinez,2003-07-01,2015-04-05,Particulier,Commerçant,4093.83,71,A019,Limoges,87000,julien.martinez_473@example.fr,Actif
474,C000474,Paul,Roux,2002-06-14,2026-06-18,Particulier,Employé,1636.11,39,A013,Orthez,64300,paul.roux_474@example.fr,Actif
475,C000475,Nathan,Vincent,1993-08-24,2024-01-05,Particulier,Employé,1308.42,68,A014,Oloron-Sainte-Marie,64400,nathan.vincent_475@example.fr,Actif
476,C000476,Thomas,Bernard,1963-04-23,2015-04-22,Particulier,Retraité,2379.75,75,A003,Mérignac,33700,thomas.bernard_476@example.fr,Actif
477,C000477,Lucas,Simon,1956-06-11,2016-11-25,Particulier,Sans emploi,2097.66,39,A014,Oloron-Sainte-Marie,64400,lucas.simon_477@example.fr,Inactif
478,C000478,Noah,Dupont,1956-05-11,2020-10-02,Particulier,Cadre,1923.81,46,A017,Niort,79000,noah.dupont_478@example.fr,Inactif
479,C000479,Élodie,Martinez,1969-07-26,2019-09-01,Particulier,Profession libérale,386.79,65,A008,Langon,33210,elodie.martinez_479@example.fr,Actif
480,C000480,Manon,Martinez,1997-09-01,2025-05-29,Particulier,Technicien,3375.89,62,A025,Dax,40100,manon.martinez_480@example.fr,Actif
481,C000481,Amélie,Lambert,1967-10-06,2019-10-16,Professionnel,Employé,10835.98,59,A012,Anglet,64600,amelie.lambert_481@example.fr,Actif
482,C000482,Marie,François,1977-01-13,2016-03-06,Particulier,Employé,6031.3,48,A007,Arcachon,33120,marie.françois_482@example.fr,Actif
483,C000483,Sarah,Garcia,1953-10-27,2026-02-08,Particulier,Cadre,3383.39,49,A024,Mont-de-Marsan,40000,sarah.garcia_483@example.fr,Actif
484,C000484,Zoé,Petit,2002-10-31,2022-08-09,Particulier,Étudiant,827.23,62,A006,Libourne,33500,zoe.petit_484@example.fr,Actif
485,C000485,Chloé,Girard,1961-12-12,2020-02-04,Particulier,Artisan,3102.03,23,A005,Talence,33400,chloe.girard_485@example.fr,Actif
486,C000486,Julien,Leroy,1983-10-25,2021-02-04,Particulier,Enseignant,5130.52,47,A021,Périgueux,24000,julien.leroy_486@example.fr,Actif
487,C000487,Thomas,Moreau,1979-03-08,2017-06-25,Particulier,Employé,740.03,67,A016,Rochefort,17300,thomas.moreau_487@example.fr,Actif
488,C000488,Jade,Legrand,1983-05-16,2026-04-10,Particulier,Technicien,4873.97,65,A008,Langon,33210,jade.legrand_488@example.fr,Actif
489,C000489,Mathis,Girard,1978-01-29,2026-03-11,Professionnel,Employé,6448.09,50,A009,Pau,64000,mathis.girard_489@example.fr,Actif
490,C000490,Julien,Laurent,1974-03-05,2024-01-13,Particulier,Retraité,2736.06,47,A005,Talence,33400,julien.laurent_490@example.fr,Inactif
491,C000491,Sarah,Dupont,2001-04-11,2015-04-09,Particulier,Cadre,2991.65,95,A009,Pau,64000,sarah.dupont_491@example.fr,Actif
492,C000492,Zoé,Morel,1961-10-21,2016-12-10,Particulier,Cadre,3252.04,55,A015,La Rochelle,17000,zoe.morel_492@example.fr,Actif
493,C000493,Élodie,Morel,1968-09-03,2023-06-28,Particulier,Étudiant,0.0,74,A014,Oloron-Sainte-Marie,64400,elodie.morel_493@example.fr,Inactif
494,C000494,Amélie,Moreau,1984-05-02,2016-08-24,Professionnel,Profession libérale,6234.51,77,A009,Pau,64000,amelie.moreau_494@example.fr,Actif
495,C000495,Jade,Martinez,1980-12-14,2021-05-24,Particulier,Enseignant,1364.34,49,A003,Mérignac,33700,jade.martinez_495@example.fr,Actif
496,C000496,Alexandre,Simon,1974-08-13,2025-01-03,Particulier,Agriculteur,3526.26,39,A025,Dax,40100,alexandre.simon_496@example.fr,Actif
497,C000497,Lucas,Bertrand,1999-06-13,2022-07-09,Professionnel,Artisan,2664.78,48,A005,Talence,33400,lucas.bertrand_497@example.fr,Actif
498,C000498,Julien,Lambert,1997-10-01,2024-05-15,Particulier,Cadre,3917.15,47,A008,Langon,33210,julien.lambert_498@example.fr,Actif
499,C000499,Océane,Martin,2000-06-22,2015-07-28,Particulier,Retraité,2422.44,38,A012,Anglet,64600,oceane.martin_499@example.fr,Actif
500,C000500,Alexandre,Bonnet,1988-02-25,2019-11-16,Particulier,Employé,0.0,36,A004,Pessac,33600,alexandre.bonnet_500@example.fr,Actif
501,C000501,Zoé,Petit,1967-02-03,2024-01-13,Particulier,Étudiant,951.5,36,A005,Talence,33400,zoe.petit_501@example.fr,Actif
502,C000502,Léa,Durand,1983-11-16,2016-03-10,Particulier,Sans emploi,1683.54,57,A021,Périgueux,24000,lea.durand_502@example.fr,Actif
503,C000503,Inès,Richard,1952-06-05,2020-08-18,Particulier,Étudiant,1599.49,18,A011,Biarritz,64200,ines.richard_503@example.fr,Actif
504,C000504,Inès,Girard,1959-03-14,2016-03-16,Particulier,Artisan,2935.79,63,A001,Bordeaux,33000,ines.girard_504@example.fr,Actif
505,C000505,Hugo,Girard,1953-02-06,2015-02-06,Particulier,Enseignant,4502.6,49,A001,Bordeaux,33000,hugo.girard_505@example.fr,Actif
506,C000506,Léa,Vincent,1951-03-21,2023-11-01,Professionnel,Employé,7305.26,95,A014,Oloron-Sainte-Marie,64400,lea.vincent_506@example.fr,Actif
507,C000507,Océane,Bernard,1983-10-18,2016-07-31,Particulier,Employé,3795.68,51,A004,Pessac,33600,oceane.bernard_507@example.fr,Actif
508,C000508,Lucas,Martinez,1992-09-29,2017-09-25,Particulier,Étudiant,1431.77,88,A019,Limoges,87000,lucas.martinez_508@example.fr,Actif
509,C000509,Antoine,Bernard,1989-11-28,2024-08-11,Particulier,Employé,119.82,23,A003,Mérignac,33700,,Actif
510,C000510,Noah,Morel,1951-02-03,2015-07-26,Particulier,Étudiant,744.59,52,A004,Pessac,33600,noah.morel_510@example.fr,Actif
511,C000511,Amélie,Robert,1965-06-07,2023-03-06,Particulier,Retraité,2176.87,47,A023,Agen,47000,amelie.robert_511@example.fr,Actif
512,C000512,Élodie,Leroy,1946-07-21,2022-04-13,Particulier,Enseignant,5210.78,51,A017,Niort,79000,elodie.leroy_512@example.fr,Actif
513,C000513,Antoine,Lefebvre,2004-01-15,2018-07-25,Particulier,Cadre,3857.57,36,A005,Talence,33400,antoine.lefebvre_513@example.fr,Actif
514,C000514,Inès,Thomas,1982-06-15,2015-09-11,Particulier,Employé,850.39,52,A017,Niort,79000,ines.thomas_514@example.fr,Actif
515,C000515,Sarah,Roux,1962-09-07,2022-04-21,Particulier,Artisan,1588.16,63,A010,Bayonne,64100,sarah.roux_515@example.fr,Actif
516,C000516,Zoé,Richard,1953-07-21,2020-07-22,Particulier,Retraité,1577.53,40,A010,Bayonne,64100,zoe.richard_516@example.fr,Actif
517,C000517,Chloé,Martin,1955-09-10,2015-11-07,Particulier,Cadre,603.15,69,A013,Orthez,64300,chloe.martin_517@example.fr,Actif
518,C000518,Paul,Robert,1946-05-12,2015-07-29,Particulier,Employé,522.6,68,A013,Orthez,64300,paul.robert_518@example.fr,Actif
519,C000519,Antoine,Girard,2000-05-30,2015-01-29,Particulier,Employé,3786.46,33,A017,Niort,79000,antoine.girard_519@example.fr,Actif
520,C000520,Gabriel,Laurent,1955-01-06,2026-02-07,Particulier,Profession libérale,4405.63,58,A013,Orthez,64300,gabriel.laurent_520@example.fr,Actif
521,C000521,Camille,Michel,1983-02-28,2019-10-23,Particulier,Technicien,4155.2,87,A009,Pau,64000,camille.michel_521@example.fr,Actif
522,C000522,Marie,Leroy,1982-01-23,2022-11-12,Professionnel,Enseignant,5172.96,70,A012,Anglet,64600,marie.leroy_522@example.fr,Actif
523,C000523,Emma,Girard,1993-10-19,2015-12-03,Particulier,Employé,1947.27,43,A016,Rochefort,17300,emma.girard_523@example.fr,Actif
524,C000524,Lucas,François,1988-03-26,2026-01-26,Particulier,Commerçant,1973.67,63,A014,Oloron-Sainte-Marie,64400,lucas.françois_524@example.fr,Actif
525,C000525,Nathan,Morel,1999-11-26,2026-02-15,Particulier,Technicien,3298.93,71,A023,Agen,47000,nathan.morel_525@example.fr,Actif
526,C000526,Thomas,Moreau,1991-09-08,2015-02-02,Particulier,Agriculteur,5018.25,90,A001,Bordeaux,33000,thomas.moreau_526@example.fr,Actif
527,C000527,Hugo,Petit,2001-07-24,2020-08-08,Particulier,Cadre,5482.28,68,A014,Oloron-Sainte-Marie,64400,hugo.petit_527@example.fr,Actif
528,C000528,Léa,Roux,1970-09-23,2020-09-24,Particulier,Enseignant,3924.8,54,A017,Niort,79000,lea.roux_528@example.fr,Actif
529,C000529,Sarah,Vincent,2003-11-16,2021-01-24,Particulier,Technicien,2871.08,68,A013,Orthez,64300,sarah.vincent_529@example.fr,Actif
530,C000530,Paul,Martinez,1986-10-05,2020-12-24,Particulier,Profession libérale,129.89,35,A023,Agen,47000,paul.martinez_530@example.fr,Actif
531,C000531,Léa,Martin,1976-11-25,2018-01-24,Particulier,Étudiant,0.0,63,A021,Périgueux,24000,lea.martin_531@example.fr,Actif
532,C000532,Jade,Richard,1971-07-20,2016-03-18,Particulier,Employé,5628.87,49,A008,Langon,33210,jade.richard_532@example.fr,Inactif
533,C000533,Noah,Moreau,2000-06-26,2021-08-17,Association,Artisan,3822.46,38,A016,Rochefort,17300,noah.moreau_533@example.fr,Actif
534,C000534,Amélie,Durand,1995-11-07,2021-03-05,Particulier,Employé,1108.46,44,A012,Anglet,64600,amelie.durand_534@example.fr,Actif
535,C000535,Antoine,Garcia,1947-12-30,2021-01-13,Professionnel,Employé,5974.17,85,A012,Anglet,64600,antoine.garcia_535@example.fr,Actif
536,C000536,Léa,Mercier,1961-12-23,2026-01-02,Particulier,Technicien,1940.9,57,A006,Libourne,33500,lea.mercier_536@example.fr,Actif
537,C000537,Mathis,Martinez,1965-03-07,2020-01-09,Particulier,Retraité,2943.11,66,A005,Talence,33400,mathis.martinez_537@example.fr,Inactif
538,C000538,Océane,Fournier,1947-11-01,2021-03-30,Particulier,Technicien,1716.56,40,A020,Brive-la-Gaillarde,19100,oceane.fournier_538@example.fr,Actif
539,C000539,Gabriel,Vincent,1986-09-17,2019-07-31,Particulier,Artisan,5436.01,23,A020,Brive-la-Gaillarde,19100,gabriel.vincent_539@example.fr,Actif
540,C000540,Camille,Richard,1988-12-15,2026-03-13,Particulier,Retraité,1964.88,22,A010,Bayonne,64100,camille.richard_540@example.fr,Actif
541,C000541,Élodie,Morel,1980-11-27,2025-04-15,Particulier,Employé,2908.82,53,A019,Limoges,87000,elodie.morel_541@example.fr,Actif
542,C000542,Antoine,Fournier,1945-09-24,2016-12-30,Particulier,Retraité,2313.88,46,A013,Orthez,64300,antoine.fournier_542@example.fr,Actif
543,C000543,Clara,Bonnet,1994-09-28,2023-12-09,Particulier,Employé,1723.44,52,A023,Agen,47000,clara.bonnet_543@example.fr,Actif
544,C000544,Alexandre,Bonnet,1952-06-13,2020-09-17,Professionnel,Enseignant,6319.91,51,A014,Oloron-Sainte-Marie,64400,alexandre.bonnet_544@example.fr,Actif
545,C000545,Antoine,Girard,1983-01-09,2023-01-04,Particulier,Retraité,1834.8,66,A015,La Rochelle,17000,antoine.girard_545@example.fr,Actif
546,C000546,Antoine,Robert,1990-06-20,2020-08-09,Particulier,Employé,3042.61,35,A008,Langon,33210,antoine.robert_546@example.fr,Actif
547,C000547,Nathan,Lambert,2001-05-21,2019-07-10,Particulier,Sans emploi,1866.42,80,A017,Niort,79000,nathan.lambert_547@example.fr,Actif
548,C000548,Emma,Richard,1949-11-21,2025-09-11,Particulier,Enseignant,4756.53,68,A019,Limoges,87000,emma.richard_548@example.fr,Clos
549,C000549,Paul,Robert,1968-05-27,2025-07-22,Professionnel,Artisan,657.92,43,A007,Arcachon,33120,paul.robert_549@example.fr,Actif
550,C000550,Marie,Bernard,1945-05-08,2018-09-20,Particulier,Retraité,3045.73,32,A006,Libourne,33500,marie.bernard_550@example.fr,Actif
551,C000551,Nathan,Legrand,1964-05-23,2025-07-14,Particulier,Retraité,1457.34,74,A007,Arcachon,33120,nathan.legrand_551@example.fr,Actif
552,C000552,Camille,Martin,2002-07-08,2024-01-28,Particulier,Employé,6088.88,57,A022,Bergerac,24100,camille.martin_552@example.fr,Actif
553,C000553,Jade,Bernard,1976-12-02,2018-04-20,Particulier,Enseignant,1817.56,23,A017,Niort,79000,jade.bernard_553@example.fr,Actif
554,C000554,Thomas,Dubois,1990-02-18,2016-01-29,Professionnel,Retraité,1676.61,55,A012,Anglet,64600,thomas.dubois_554@example.fr,Actif
555,C000555,Sarah,Durand,1980-07-11,2015-07-31,Particulier,Artisan,1701.11,30,A019,Limoges,87000,sarah.durand_555@example.fr,Actif
556,C000556,Manon,François,1998-02-19,2015-05-25,Particulier,Cadre,4813.53,64,A009,Pau,64000,manon.françois_556@example.fr,Actif
557,C000557,Mathis,François,1997-10-10,2018-01-25,Particulier,Étudiant,1271.93,50,A020,Brive-la-Gaillarde,19100,mathis.françois_557@example.fr,Inactif
558,C000558,Antoine,Dupont,1989-01-20,2019-01-05,Particulier,Employé,5079.49,72,A001,Bordeaux,33000,antoine.dupont_558@example.fr,Actif
559,C000559,Élodie,Martin,1999-07-01,2016-03-05,Particulier,Agriculteur,0.0,34,A007,Arcachon,33120,elodie.martin_559@example.fr,Actif
560,C000560,Marie,Durand,1952-03-09,2015-05-10,Particulier,Étudiant,1046.21,31,A019,Limoges,87000,marie.durand_560@example.fr,Actif
561,C000561,Gabriel,Girard,1969-04-08,2025-01-19,Particulier,Employé,1832.88,92,A008,Langon,33210,gabriel.girard_561@example.fr,Actif
562,C000562,Thomas,Vincent,1980-08-16,2020-09-29,Particulier,Étudiant,1188.38,70,A020,Brive-la-Gaillarde,19100,thomas.vincent_562@example.fr,Actif
563,C000563,Alexandre,Roux,1969-08-16,2016-07-25,Particulier,Étudiant,1269.97,54,A015,La Rochelle,17000,alexandre.roux_563@example.fr,Actif
564,C000564,Sarah,André,1995-04-30,2019-05-03,Particulier,Employé,2643.83,51,A005,Talence,33400,sarah.andré_564@example.fr,Actif
565,C000565,Zoé,Mercier,1998-05-11,2021-06-22,Particulier,Profession libérale,1296.67,84,A015,La Rochelle,17000,zoe.mercier_565@example.fr,Actif
566,C000566,Marie,Leroy,1993-02-18,2022-01-01,Particulier,Artisan,5681.8,53,A024,Mont-de-Marsan,40000,marie.leroy_566@example.fr,Inactif
567,C000567,Clara,François,1978-07-18,2018-01-09,Particulier,Employé,1565.1,51,A003,Mérignac,33700,clara.françois_567@example.fr,Actif
568,C000568,Julien,Vincent,1968-09-16,2022-11-05,Professionnel,Agriculteur,1801.09,58,A014,Oloron-Sainte-Marie,64400,julien.vincent_568@example.fr,Actif
569,C000569,Océane,Roux,1995-07-09,2015-09-19,Professionnel,Enseignant,5871.08,44,A024,Mont-de-Marsan,40000,oceane.roux_569@example.fr,Clos
570,C000570,Alexandre,Lefebvre,1984-10-22,2018-02-18,Particulier,Artisan,2059.18,68,A016,Rochefort,17300,alexandre.lefebvre_570@example.fr,Actif
571,C000571,Mathis,Lefebvre,1959-07-20,2016-11-29,Particulier,Employé,3773.76,40,A005,Talence,33400,mathis.lefebvre_571@example.fr,Actif
572,C000572,Marie,François,1951-06-20,2019-03-27,Particulier,Retraité,2662.66,47,A023,Agen,47000,marie.françois_572@example.fr,Actif
573,C000573,Alexandre,Girard,1968-04-14,2020-11-01,Particulier,Enseignant,1438.43,34,A002,Bordeaux,33300,alexandre.girard_573@example.fr,Actif
574,C000574,Léa,François,1952-04-27,2021-07-13,Particulier,Artisan,2959.47,44,A010,Bayonne,64100,lea.françois_574@example.fr,Actif
575,C000575,Manon,André,1953-10-17,2021-03-08,Particulier,Employé,2912.98,39,A024,Mont-de-Marsan,40000,manon.andré_575@example.fr,Actif
576,C000576,Noah,François,1976-09-17,2018-04-29,Particulier,Employé,981.37,47,A004,Pessac,33600,noah.françois_576@example.fr,Actif
577,C000577,Léa,Vincent,1958-05-04,2025-04-12,Particulier,Profession libérale,3498.19,66,A025,Dax,40100,lea.vincent_577@example.fr,Actif
578,C000578,Élodie,Lambert,1986-12-21,2017-02-08,Particulier,Employé,139.68,60,A003,Mérignac,33700,elodie.lambert_578@example.fr,Actif
579,C000579,Julien,Morel,1998-10-11,2019-05-31,Particulier,Retraité,2311.51,47,A004,Pessac,33600,julien.morel_579@example.fr,Actif
580,C000580,Antoine,Laurent,1965-04-09,2019-10-17,Particulier,Retraité,2669.93,80,A007,Arcachon,33120,antoine.laurent_580@example.fr,Actif
581,C000581,Élodie,Bernard,1968-04-22,2020-04-07,Particulier,Commerçant,4544.97,61,A004,Pessac,33600,elodie.bernard_581@example.fr,Actif
582,C000582,Manon,Bernard,1972-10-05,2018-06-28,Particulier,Enseignant,0.0,61,A006,Libourne,33500,manon.bernard_582@example.fr,Actif
583,C000583,Chloé,Robert,1948-07-02,2017-01-18,Particulier,Technicien,2197.57,61,A016,Rochefort,17300,chloe.robert_583@example.fr,Actif
584,C000584,Gabriel,Laurent,2001-10-28,2024-09-23,Particulier,Retraité,900.0,63,A009,Pau,64000,gabriel.laurent_584@example.fr,Actif
585,C000585,Nathan,Fournier,1957-06-14,2019-10-28,Particulier,Employé,3438.51,48,A001,Bordeaux,33000,nathan.fournier_585@example.fr,Actif
586,C000586,Camille,David,2002-12-25,2020-11-16,Particulier,Employé,3928.57,81,A007,Arcachon,33120,camille.david_586@example.fr,Actif
587,C000587,Sarah,Dupont,1980-04-10,2017-08-24,Particulier,Employé,3611.66,50,A025,Dax,40100,sarah.dupont_587@example.fr,Actif
588,C000588,Thomas,Moreau,1999-04-15,2019-08-02,Particulier,Employé,5731.0,64,A013,Orthez,64300,thomas.moreau_588@example.fr,Actif
589,C000589,Gabriel,Fournier,1985-08-08,2021-10-27,Particulier,Employé,1361.11,57,A013,Orthez,64300,gabriel.fournier_589@example.fr,Actif
590,C000590,Emma,Robert,1957-08-28,2022-10-17,Professionnel,Employé,4894.3,31,A002,Bordeaux,33300,emma.robert_590@example.fr,Actif
591,C000591,Jade,Lefebvre,1976-12-05,2015-10-07,Particulier,Cadre,3609.23,58,A003,Mérignac,33700,jade.lefebvre_591@example.fr,Actif
592,C000592,Gabriel,Garcia,1973-02-07,2021-08-20,Professionnel,Enseignant,5654.57,31,A003,Mérignac,33700,gabriel.garcia_592@example.fr,Actif
593,C000593,Julien,Lambert,1984-09-06,2017-08-15,Particulier,Agriculteur,4342.11,51,A006,Libourne,33500,julien.lambert_593@example.fr,Actif
594,C000594,Camille,Thomas,1960-06-21,2018-09-12,Particulier,Employé,2985.56,47,A003,Mérignac,33700,camille.thomas_594@example.fr,Actif
595,C000595,Enzo,Dubois,1949-03-11,2020-08-18,Particulier,Cadre,3306.98,52,A008,Langon,33210,enzo.dubois_595@example.fr,Actif
596,C000596,Enzo,Girard,1954-02-20,2025-01-09,Particulier,Commerçant,4186.99,69,A023,Agen,47000,enzo.girard_596@example.fr,Actif
597,C000597,Mathis,Laurent,1993-03-25,2024-11-10,Particulier,Étudiant,785.55,12,A015,La Rochelle,17000,mathis.laurent_597@example.fr,Actif
598,C000598,Amélie,Dupont,1966-11-15,2023-10-13,Particulier,Cadre,4605.68,51,A018,Poitiers,86000,amelie.dupont_598@example.fr,Actif
599,C000599,Noah,Martin,1977-07-12,2022-07-05,Particulier,Sans emploi,2660.12,52,A012,Anglet,64600,noah.martin_599@example.fr,Actif
600,C000600,Alexandre,Leroy,1956-01-18,2015-03-23,Particulier,Employé,1136.73,82,A009,Pau,64000,alexandre.leroy_600@example.fr,Actif
601,C000601,Noah,Lambert,1989-11-16,2016-12-31,Particulier,Artisan,1743.53,17,A010,Bayonne,64100,noah.lambert_601@example.fr,Actif
602,C000602,Mathis,Simon,1999-11-23,2019-08-06,Particulier,Sans emploi,1080.31,72,A006,Libourne,33500,mathis.simon_602@example.fr,Actif
603,C000603,Camille,Martinez,1954-08-30,2023-06-12,Particulier,Enseignant,2726.37,76,A025,Dax,40100,camille.martinez_603@example.fr,Actif
604,C000604,Camille,Dubois,1952-07-09,2015-03-09,Particulier,Étudiant,469.14,53,A005,Talence,33400,camille.dubois_604@example.fr,Actif
605,C000605,Inès,Petit,1955-10-20,2025-09-18,Particulier,Cadre,1124.75,56,A007,Arcachon,33120,ines.petit_605@example.fr,Actif
606,C000606,Inès,Vincent,1973-01-25,2022-12-20,Particulier,Étudiant,1152.23,66,A004,Pessac,33600,ines.vincent_606@example.fr,Actif
607,C000607,Élodie,Mercier,1967-11-14,2018-01-05,Professionnel,Agriculteur,3470.16,42,A014,Oloron-Sainte-Marie,64400,elodie.mercier_607@example.fr,Actif
608,C000608,Paul,Richard,1975-03-30,2020-01-28,Particulier,Technicien,4022.01,66,A025,Dax,40100,paul.richard_608@example.fr,Actif
609,C000609,Lucas,Legrand,1980-03-01,2024-03-13,Particulier,Artisan,1405.99,62,A017,Niort,79000,lucas.legrand_609@example.fr,Inactif
610,C000610,Élodie,Bertrand,1957-11-16,2023-03-05,Professionnel,Employé,4615.85,42,A003,Mérignac,33700,elodie.bertrand_610@example.fr,Actif
611,C000611,Paul,Simon,1957-02-23,2020-06-15,Particulier,Enseignant,6521.24,18,A021,Périgueux,24000,paul.simon_611@example.fr,Actif
612,C000612,Mathis,David,1976-12-10,2019-10-25,Particulier,Étudiant,1105.47,47,A011,Biarritz,64200,mathis.david_612@example.fr,Actif
613,C000613,Jade,Fournier,1958-02-22,2019-07-01,Particulier,Technicien,4405.05,50,A023,Agen,47000,jade.fournier_613@example.fr,Actif
614,C000614,Emma,Vincent,1949-08-01,2023-01-11,Professionnel,Employé,4014.81,66,A010,Bayonne,64100,emma.vincent_614@example.fr,Actif
615,C000615,Amélie,Morel,1951-05-28,2015-06-11,Particulier,Retraité,1480.09,57,A012,Anglet,64600,amelie.morel_615@example.fr,Actif
616,C000616,Gabriel,Martinez,1983-03-02,2017-08-12,Particulier,Étudiant,1757.17,51,A002,Bordeaux,33300,gabriel.martinez_616@example.fr,Actif
617,C000617,Chloé,André,1969-10-02,2018-02-11,Particulier,Artisan,1672.91,33,A017,Niort,79000,chloe.andré_617@example.fr,Actif
618,C000618,Clara,Moreau,1955-02-21,2022-07-30,Association,Technicien,6161.61,52,A002,Bordeaux,33300,clara.moreau_618@example.fr,Actif
619,C000619,Thomas,Moreau,1960-08-23,2026-05-09,Particulier,Employé,3057.93,67,A017,Niort,79000,thomas.moreau_619@example.fr,Actif
620,C000620,Manon,Mercier,1995-01-03,2024-03-17,Association,Cadre,-8227.56,39,A013,Orthez,64300,manon.mercier_620@example.fr,Actif
621,C000621,Thomas,Laurent,1958-07-04,2019-01-13,Professionnel,Cadre,3447.46,84,A015,La Rochelle,17000,thomas.laurent_621@example.fr,Actif
622,C000622,Lucas,Dubois,1954-07-08,2022-05-31,Professionnel,Enseignant,6288.83,83,A005,Talence,33400,lucas.dubois_622@example.fr,Actif
623,C000623,Manon,Morel,1981-07-11,2025-12-25,Particulier,Retraité,1693.77,44,A001,Bordeaux,33000,manon.morel_623@example.fr,Actif
624,C000624,Amélie,Dupont,1996-12-25,2018-05-11,Particulier,Employé,1806.98,44,A025,Dax,40100,amelie.dupont_624@example.fr,Actif
625,C000625,Paul,Richard,1998-08-01,2015-12-22,Professionnel,Étudiant,1580.37,58,A010,Bayonne,64100,paul.richard_625@example.fr,Actif
626,C000626,Nathan,Lefebvre,1945-11-30,2018-11-28,Particulier,Étudiant,932.72,55,A024,Mont-de-Marsan,40000,nathan.lefebvre_626@example.fr,Actif
627,C000627,Zoé,Robert,1970-04-27,2025-08-06,Particulier,Retraité,1889.1,63,A022,Bergerac,24100,zoe.robert_627@example.fr,Actif
628,C000628,Océane,Robert,1950-02-27,2021-03-23,Particulier,Commerçant,3717.55,29,A016,Rochefort,17300,oceane.robert_628@example.fr,Actif
629,C000629,Sarah,Legrand,1985-07-11,2024-10-06,Particulier,Étudiant,1490.59,54,A024,Mont-de-Marsan,40000,sarah.legrand_629@example.fr,Actif
630,C000630,Antoine,Petit,2002-05-12,2015-09-20,Particulier,Employé,3181.4,55,A025,Dax,40100,antoine.petit_630@example.fr,Actif
631,C000631,Élodie,Richard,1970-04-04,2020-08-23,Particulier,Cadre,2133.32,57,A002,Bordeaux,33300,elodie.richard_631@example.fr,Actif
632,C000632,Thomas,Bernard,2002-11-14,2026-05-23,Association,Étudiant,959.79,36,A014,Oloron-Sainte-Marie,64400,thomas.bernard_632@example.fr,Actif
633,C000633,Alexandre,Martin,1978-10-21,2016-01-28,Particulier,Enseignant,3114.38,73,A019,Limoges,87000,,Actif
634,C000634,Marie,Bertrand,1960-07-04,2015-09-23,Particulier,Technicien,2278.49,54,A010,Bayonne,64100,marie.bertrand_634@example.fr,Actif
635,C000635,Julien,David,1993-09-28,2024-08-10,Particulier,Retraité,2366.93,92,A019,Limoges,87000,julien.david_635@example.fr,Inactif
636,C000636,Sarah,Lefebvre,1987-12-05,2019-02-09,Professionnel,Agriculteur,4078.95,64,A011,Biarritz,64200,sarah.lefebvre_636@example.fr,Actif
637,C000637,Camille,Martinez,2002-08-15,2023-01-08,Particulier,Cadre,1659.47,81,A023,Agen,47000,camille.martinez_637@example.fr,Actif
638,C000638,Inès,Bernard,1972-02-18,2020-08-16,Particulier,Employé,1611.76,91,A014,Oloron-Sainte-Marie,64400,ines.bernard_638@example.fr,Actif
639,C000639,Camille,Lambert,1978-05-18,2017-08-09,Particulier,Profession libérale,5014.81,40,A005,Talence,33400,camille.lambert_639@example.fr,Actif
640,C000640,Julien,David,1967-07-06,2019-10-01,Particulier,Employé,2458.35,76,A003,Mérignac,33700,julien.david_640@example.fr,Actif
641,C000641,Océane,Leroy,1977-05-11,2025-02-22,Particulier,Employé,3490.09,49,A011,Biarritz,64200,oceane.leroy_641@example.fr,Actif
642,C000642,Alexandre,Bonnet,1962-05-16,2021-12-30,Particulier,Étudiant,1002.13,30,A008,Langon,33210,alexandre.bonnet_642@example.fr,Actif
643,C000643,Mathis,Moreau,1966-10-12,2020-12-22,Particulier,Étudiant,776.71,41,A016,Rochefort,17300,mathis.moreau_643@example.fr,Inactif
644,C000644,Mathis,Michel,1952-06-03,2023-05-15,Particulier,Profession libérale,3796.84,76,A015,La Rochelle,17000,mathis.michel_644@example.fr,Actif
645,C000645,Inès,Durand,1980-05-01,2022-08-03,Particulier,Employé,2031.51,60,A019,Limoges,87000,ines.durand_645@example.fr,Actif
646,C000646,Paul,Dubois,1949-06-08,2015-03-21,Particulier,Enseignant,1771.14,23,A025,Dax,40100,paul.dubois_646@example.fr,Actif
647,C000647,Amélie,Michel,1992-08-21,2022-03-19,Particulier,Employé,2316.73,56,A006,Libourne,33500,amelie.michel_647@example.fr,Actif
648,C000648,Julien,Bonnet,1995-02-10,2017-11-23,Particulier,Employé,6392.17,87,A020,Brive-la-Gaillarde,19100,julien.bonnet_648@example.fr,Inactif
649,C000649,Lucas,André,1987-02-22,2020-12-06,Professionnel,Commerçant,5882.75,33,A004,Pessac,33600,lucas.andré_649@example.fr,Actif
650,C000650,Amélie,Bernard,1997-04-01,2016-04-25,Particulier,Sans emploi,2982.83,87,A014,Oloron-Sainte-Marie,64400,amelie.bernard_650@example.fr,Clos
651,C000651,Sarah,Mercier,1958-04-19,2022-08-23,Particulier,Employé,3189.2,52,A007,Arcachon,33120,sarah.mercier_651@example.fr,Actif
652,C000652,Inès,Thomas,1965-06-07,2015-09-05,Particulier,Artisan,3603.9,72,A005,Talence,33400,ines.thomas_652@example.fr,Actif
653,C000653,Antoine,Bertrand,1960-03-15,2021-06-24,Particulier,Technicien,642.71,55,A019,Limoges,87000,antoine.bertrand_653@example.fr,Actif
654,C000654,Clara,Robert,1977-03-23,2023-04-22,Particulier,Retraité,1998.13,70,A015,La Rochelle,17000,clara.robert_654@example.fr,Actif
655,C000655,Antoine,Martin,1993-10-23,2015-06-02,Particulier,Étudiant,1272.76,51,A018,Poitiers,86000,antoine.martin_655@example.fr,Actif
656,C000656,Lucas,Martinez,1974-04-25,2018-05-15,Particulier,Enseignant,1491.98,38,A017,Niort,79000,lucas.martinez_656@example.fr,Actif
657,C000657,Manon,Leroy,1974-04-20,2015-07-10,Particulier,Profession libérale,4284.32,82,A023,Agen,47000,manon.leroy_657@example.fr,Actif
658,C000658,Amélie,Legrand,2002-11-15,2015-11-30,Professionnel,Cadre,4219.7,47,A001,Bordeaux,33000,amelie.legrand_658@example.fr,Actif
659,C000659,Clara,Petit,2000-10-09,2015-10-31,Particulier,Enseignant,1277.17,48,A004,Pessac,33600,clara.petit_659@example.fr,Actif
660,C000660,Sarah,Leroy,2002-12-21,2019-10-23,Particulier,Enseignant,913.03,37,A016,Rochefort,17300,sarah.leroy_660@example.fr,Actif
661,C000661,Camille,David,1955-12-20,2026-06-12,Particulier,Profession libérale,1618.37,47,A008,Langon,33210,camille.david_661@example.fr,Actif
662,C000662,Emma,Morel,1954-05-08,2016-12-30,Particulier,Retraité,2022.05,56,A004,Pessac,33600,emma.morel_662@example.fr,Inactif
663,C000663,Manon,Michel,1974-12-27,2024-06-12,Particulier,Employé,1126.47,38,A005,Talence,33400,manon.michel_663@example.fr,Actif
664,C000664,Léa,Martinez,1955-09-01,2015-09-16,Particulier,Profession libérale,1425.03,62,A024,Mont-de-Marsan,40000,lea.martinez_664@example.fr,Actif
665,C000665,Chloé,Leroy,1984-04-08,2022-06-03,Professionnel,Technicien,6230.37,59,A003,Mérignac,33700,chloe.leroy_665@example.fr,Actif
666,C000666,Chloé,Thomas,1974-07-30,2015-04-12,Particulier,Employé,853.03,56,A024,Mont-de-Marsan,40000,chloe.thomas_666@example.fr,Actif
667,C000667,Antoine,Martinez,1981-06-22,2018-02-14,Particulier,Étudiant,275.19,59,A021,Périgueux,24000,antoine.martinez_667@example.fr,Actif
668,C000668,Élodie,David,2002-02-15,2019-06-11,Particulier,Employé,657.42,40,A012,Anglet,64600,elodie.david_668@example.fr,Inactif
669,C000669,Alexandre,David,1993-04-30,2021-02-16,Professionnel,Étudiant,1411.67,56,A005,Talence,33400,alexandre.david_669@example.fr,Actif
670,C000670,Enzo,Roux,1960-06-28,2025-03-22,Particulier,Employé,3442.9,51,A021,Périgueux,24000,enzo.roux_670@example.fr,Actif
671,C000671,Mathis,Martinez,1985-03-21,2021-05-06,Particulier,Technicien,3490.22,75,A009,Pau,64000,mathis.martinez_671@example.fr,Actif
672,C000672,Chloé,Simon,1973-10-13,2024-12-24,Particulier,Étudiant,755.41,69,A007,Arcachon,33120,chloe.simon_672@example.fr,Actif
673,C000673,Zoé,Richard,1964-10-06,2022-02-25,Particulier,Enseignant,5038.32,40,A009,Pau,64000,zoe.richard_673@example.fr,Inactif
674,C000674,Noah,Martinez,1988-06-21,2020-06-20,Particulier,Sans emploi,0.0,68,A009,Pau,64000,noah.martinez_674@example.fr,Actif
675,C000675,Noah,Roux,1956-07-11,2018-03-05,Particulier,Employé,4373.45,61,A009,Pau,64000,noah.roux_675@example.fr,Actif
676,C000676,Élodie,Roux,2003-05-22,2024-12-22,Particulier,Étudiant,877.92,49,A022,Bergerac,24100,elodie.roux_676@example.fr,Actif
677,C000677,Marie,Lefebvre,1960-10-15,2025-12-20,Particulier,Technicien,0.0,93,A001,Bordeaux,33000,marie.lefebvre_677@example.fr,Actif
678,C000678,Clara,Simon,2000-03-11,2016-01-02,Professionnel,Artisan,5305.55,86,A017,Niort,79000,,Actif
679,C000679,Lucas,Leroy,1960-01-25,2018-04-13,Particulier,Profession libérale,0.0,57,A021,Périgueux,24000,lucas.leroy_679@example.fr,Actif
680,C000680,Antoine,Laurent,1996-06-05,2019-07-13,Particulier,Cadre,1791.89,40,A024,Mont-de-Marsan,40000,antoine.laurent_680@example.fr,Actif
681,C000681,Jade,Leroy,1968-08-27,2019-06-06,Particulier,Technicien,2003.53,71,A005,Talence,33400,jade.leroy_681@example.fr,Actif
682,C000682,Alexandre,Moreau,1991-07-05,2016-09-19,Particulier,Employé,3831.85,77,A021,Périgueux,24000,alexandre.moreau_682@example.fr,Actif
683,C000683,Manon,Roux,1966-03-21,2015-05-08,Particulier,Cadre,4059.47,78,A007,Arcachon,33120,manon.roux_683@example.fr,Actif
684,C000684,Camille,Garcia,1985-01-28,2016-02-24,Professionnel,Enseignant,4335.01,34,A019,Limoges,87000,camille.garcia_684@example.fr,Clos
685,C000685,Léa,André,1980-08-28,2021-07-19,Particulier,Retraité,1338.56,45,A013,Orthez,64300,lea.andré_685@example.fr,Actif
686,C000686,Thomas,Leroy,1993-06-16,2017-03-08,Particulier,Cadre,2458.09,41,A022,Bergerac,24100,thomas.leroy_686@example.fr,Actif
687,C000687,Léa,Roux,1986-07-03,2021-10-04,Association,Technicien,4347.86,73,A013,Orthez,64300,lea.roux_687@example.fr,Actif
688,C000688,Manon,Bertrand,1946-05-06,2025-09-06,Particulier,Commerçant,4965.92,74,A014,Oloron-Sainte-Marie,64400,manon.bertrand_688@example.fr,Clos
689,C000689,Amélie,Lefebvre,1949-03-18,2020-04-06,Particulier,Employé,1337.64,55,A002,Bordeaux,33300,amelie.lefebvre_689@example.fr,Actif
690,C000690,Élodie,Simon,1973-11-01,2015-01-02,Particulier,Retraité,2300.1,69,A015,La Rochelle,17000,elodie.simon_690@example.fr,Actif
691,C000691,Camille,Lambert,1991-09-15,2024-05-21,Particulier,Employé,4736.13,95,A021,Périgueux,24000,camille.lambert_691@example.fr,Actif
692,C000692,Hugo,Michel,1956-03-18,2017-11-30,Particulier,Retraité,1966.68,33,A004,Pessac,33600,hugo.michel_692@example.fr,Actif
693,C000693,Nathan,Lefebvre,1949-06-17,2016-06-20,Particulier,Artisan,5801.56,48,A025,Dax,40100,nathan.lefebvre_693@example.fr,Actif
694,C000694,Antoine,François,1964-05-04,2024-11-20,Professionnel,Commerçant,2684.32,72,A010,Bayonne,64100,antoine.françois_694@example.fr,Actif
695,C000695,Julien,David,1994-07-19,2015-11-27,Particulier,Employé,5553.84,72,A001,Bordeaux,33000,julien.david_695@example.fr,Actif
696,C000696,Sarah,Morel,1982-03-31,2023-09-06,Particulier,Cadre,948.5,93,A021,Périgueux,24000,sarah.morel_696@example.fr,Actif
697,C000697,Zoé,Girard,1945-12-17,2020-03-18,Particulier,Employé,1509.19,45,A024,Mont-de-Marsan,40000,zoe.girard_697@example.fr,Actif
698,C000698,Lucas,Thomas,1988-11-16,2019-04-12,Association,Enseignant,5880.8,37,A013,Orthez,64300,lucas.thomas_698@example.fr,Actif
699,C000699,Chloé,Fournier,1994-10-22,2018-07-07,Particulier,Employé,2446.1,59,A012,Anglet,64600,chloe.fournier_699@example.fr,Inactif
700,C000700,Nathan,Simon,1997-03-18,2020-04-21,Professionnel,Technicien,6211.34,43,A018,Poitiers,86000,nathan.simon_700@example.fr,Clos
701,C000701,Clara,Morel,1996-12-12,2019-11-12,Particulier,Artisan,0.0,24,A001,Bordeaux,33000,clara.morel_701@example.fr,Actif
702,C000702,Gabriel,David,1951-12-12,2016-10-23,Particulier,Agriculteur,4950.56,50,A004,Pessac,33600,gabriel.david_702@example.fr,Actif
703,C000703,Julien,Dupont,2002-09-08,2025-10-20,Particulier,Employé,3452.9,63,A008,Langon,33210,julien.dupont_703@example.fr,Actif
704,C000704,Inès,Girard,1995-10-31,2015-01-28,Particulier,Retraité,2805.71,72,A008,Langon,33210,ines.girard_704@example.fr,Actif
705,C000705,Lucas,Moreau,1983-05-23,2020-01-30,Particulier,Enseignant,2187.1,58,A014,Oloron-Sainte-Marie,64400,lucas.moreau_705@example.fr,Actif
706,C000706,Camille,Robert,1971-09-06,2018-03-17,Particulier,Artisan,3184.63,41,A013,Orthez,64300,camille.robert_706@example.fr,Clos
707,C000707,Paul,Leroy,2002-03-21,2024-01-25,Professionnel,Cadre,5516.55,43,A020,Brive-la-Gaillarde,19100,paul.leroy_707@example.fr,Actif
708,C000708,Élodie,Mercier,1966-08-31,2020-10-17,Particulier,Employé,1583.43,38,A005,Talence,33400,elodie.mercier_708@example.fr,Actif
709,C000709,Thomas,Lambert,1949-05-08,2024-03-08,Particulier,Profession libérale,2621.41,15,A021,Périgueux,24000,thomas.lambert_709@example.fr,Actif
710,C000710,Camille,Richard,1980-07-29,2022-03-02,Particulier,Commerçant,4429.14,62,A022,Bergerac,24100,camille.richard_710@example.fr,Actif
711,C000711,Hugo,Vincent,1965-04-08,2017-12-01,Particulier,Cadre,0.0,46,A018,Poitiers,86000,hugo.vincent_711@example.fr,Actif
712,C000712,Hugo,Roux,1982-06-22,2022-12-08,Particulier,Employé,4771.05,50,A002,Bordeaux,33300,hugo.roux_712@example.fr,Actif
713,C000713,Jade,Legrand,2004-10-31,2023-11-23,Professionnel,Artisan,5567.79,66,A012,Anglet,64600,jade.legrand_713@example.fr,Clos
714,C000714,Léa,Lefebvre,1955-09-11,2020-06-19,Particulier,Enseignant,1810.41,35,A018,Poitiers,86000,lea.lefebvre_714@example.fr,Actif
715,C000715,Chloé,Laurent,1961-02-01,2026-06-07,Particulier,Enseignant,6513.06,52,A012,Anglet,64600,chloe.laurent_715@example.fr,Inactif
716,C000716,Chloé,Lefebvre,1982-06-03,2025-09-06,Particulier,Étudiant,2181.31,79,A006,Libourne,33500,chloe.lefebvre_716@example.fr,Actif
717,C000717,Julien,Mercier,1955-07-03,2015-07-29,Particulier,Cadre,2306.43,25,A015,La Rochelle,17000,julien.mercier_717@example.fr,Actif
718,C000718,Enzo,Dupont,1968-01-23,2020-01-15,Particulier,Agriculteur,4952.68,40,A006,Libourne,33500,enzo.dupont_718@example.fr,Actif
719,C000719,Camille,Lambert,1952-10-03,2018-09-18,Particulier,Retraité,2673.95,40,A015,La Rochelle,17000,camille.lambert_719@example.fr,Actif
720,C000720,Élodie,Bernard,1980-01-17,2026-02-14,Particulier,Enseignant,1346.52,61,A007,Arcachon,33120,elodie.bernard_720@example.fr,Actif
721,C000721,Inès,Michel,1967-01-08,2015-02-07,Particulier,Retraité,2229.5,37,A021,Périgueux,24000,ines.michel_721@example.fr,Clos
722,C000722,Enzo,Morel,1964-06-13,2026-01-18,Particulier,Agriculteur,6529.1,59,A011,Biarritz,64200,enzo.morel_722@example.fr,Actif
723,C000723,Océane,François,1969-12-29,2018-03-26,Particulier,Artisan,4276.64,28,A025,Dax,40100,oceane.françois_723@example.fr,Actif
724,C000724,Zoé,Lambert,2001-02-10,2020-07-15,Particulier,Employé,8193.04,52,A022,Bergerac,24100,zoe.lambert_724@example.fr,Actif
725,C000725,Julien,Durand,1949-10-10,2020-11-27,particulier,Profession libérale,4272.49,72,A011,Biarritz,64200,julien.durand_725@example.fr,Actif
726,C000726,Thomas,Lambert,1984-01-18,2024-09-10,Particulier,Cadre,2623.32,50,A019,Limoges,87000,thomas.lambert_726@example.fr,Actif
727,C000727,Sarah,Dupont,1997-09-20,2021-04-12,Particulier,Étudiant,1241.41,58,A022,Bergerac,24100,sarah.dupont_727@example.fr,Actif
728,C000728,Inès,Bonnet,1966-09-02,2016-05-18,Professionnel,Étudiant,1368.33,48,A007,Arcachon,33120,ines.bonnet_728@example.fr,Actif
729,C000729,Élodie,Leroy,1994-03-31,2022-01-20,Particulier,Profession libérale,3376.12,47,A010,Bayonne,64100,elodie.leroy_729@example.fr,Actif
730,C000730,Lucas,Robert,1986-11-01,2023-11-06,Particulier,Employé,1391.54,72,A019,Limoges,87000,lucas.robert_730@example.fr,Actif
731,C000731,Lucas,Girard,1946-02-03,2019-04-13,Particulier,Cadre,3666.02,61,A002,Bordeaux,33300,lucas.girard_731@example.fr,Actif
732,C000732,Nathan,Leroy,1992-05-13,2021-01-10,Particulier,Artisan,3968.03,62,A003,Mérignac,33700,nathan.leroy_732@example.fr,Actif
733,C000733,Manon,David,1969-12-22,2020-06-03,Particulier,Employé,3622.37,34,A012,Anglet,64600,manon.david_733@example.fr,Actif
734,C000734,Camille,Girard,1993-12-01,2015-06-23,Particulier,Cadre,4768.31,32,A008,Langon,33210,camille.girard_734@example.fr,Actif
735,C000735,Zoé,Garcia,1987-12-18,2015-12-01,Professionnel,Retraité,2255.67,95,A010,Bayonne,64100,zoe.garcia_735@example.fr,Actif
736,C000736,Camille,Dubois,1969-08-16,2022-09-11,Particulier,Employé,5691.43,70,A006,Libourne,33500,camille.dubois_736@example.fr,Actif
737,C000737,Paul,Morel,1957-08-02,2017-10-13,Particulier,Enseignant,3569.15,85,A016,Rochefort,17300,paul.morel_737@example.fr,Actif
738,C000738,Gabriel,Morel,1965-12-30,2020-10-25,Particulier,Cadre,2276.91,67,A004,Pessac,33600,gabriel.morel_738@example.fr,Actif
739,C000739,Marie,Richard,1969-10-27,2020-12-31,Particulier,Cadre,2458.43,43,A003,Mérignac,33700,marie.richard_739@example.fr,Actif
740,C000740,Julien,Garcia,1978-04-13,2018-09-06,Particulier,Cadre,2255.56,33,A004,Pessac,33600,julien.garcia_740@example.fr,Actif
741,C000741,Emma,Legrand,1946-05-04,2015-10-10,Particulier,Enseignant,2208.27,79,A013,Orthez,64300,emma.legrand_741@example.fr,Actif
742,C000742,Antoine,Lefebvre,2003-09-30,2018-01-12,Particulier,Enseignant,4277.09,78,A016,Rochefort,17300,antoine.lefebvre_742@example.fr,Actif
743,C000743,Océane,Martinez,1956-11-22,2019-04-17,Particulier,Employé,2936.62,67,A006,Libourne,33500,oceane.martinez_743@example.fr,Actif
744,C000744,Lucas,Roux,1988-11-09,2017-05-05,Professionnel,Technicien,6842.78,51,A012,Anglet,64600,lucas.roux_744@example.fr,Actif
745,C000745,Emma,André,1960-09-17,2022-05-20,Particulier,Artisan,1629.54,56,A003,Mérignac,33700,emma.andré_745@example.fr,Actif
746,C000746,Sarah,Bernard,1962-02-03,2025-02-09,Professionnel,Employé,5623.19,53,A016,Rochefort,17300,sarah.bernard_746@example.fr,Actif
747,C000747,Paul,Richard,1976-02-24,2021-06-23,Particulier,Artisan,2811.71,49,A002,Bordeaux,33300,paul.richard_747@example.fr,Actif
748,C000748,Inès,Martinez,1952-06-12,2021-04-09,Particulier,Enseignant,1925.56,78,A008,Langon,33210,ines.martinez_748@example.fr,Actif
749,C000749,Jade,Michel,1988-07-06,2018-02-09,Particulier,Enseignant,4133.43,59,A016,Rochefort,17300,jade.michel_749@example.fr,Inactif
750,C000750,Amélie,Martin,1974-08-19,2016-03-16,Particulier,Retraité,1389.74,36,A004,Pessac,33600,amelie.martin_750@example.fr,Actif
751,C000751,Océane,Simon,2002-05-13,2024-05-12,Particulier,Retraité,1781.78,58,A006,Libourne,33500,oceane.simon_751@example.fr,Actif
752,C000752,Thomas,Bernard,2001-08-21,2026-06-25,Particulier,Cadre,2872.19,19,A001,Bordeaux,33000,thomas.bernard_752@example.fr,Actif
753,C000753,Marie,Michel,1949-03-29,2015-05-24,Particulier,Artisan,2195.08,59,A015,La Rochelle,17000,marie.michel_753@example.fr,Actif
754,C000754,Camille,Lambert,1993-01-28,2021-09-04,Particulier,Commerçant,163.26,35,A011,Biarritz,64200,camille.lambert_754@example.fr,Actif
755,C000755,Jade,Lambert,1982-09-14,2016-09-13,Particulier,Sans emploi,2932.85,65,A013,Orthez,64300,jade.lambert_755@example.fr,Actif
756,C000756,Zoé,Dubois,1985-05-22,2020-12-28,Particulier,Cadre,0.0,49,A007,Arcachon,33120,zoe.dubois_756@example.fr,Actif
757,C000757,Clara,Garcia,1991-01-03,2023-09-26,Particulier,Employé,2429.56,68,A017,Niort,79000,clara.garcia_757@example.fr,Actif
758,C000758,Mathis,Lambert,1949-07-21,2024-08-25,Professionnel,Profession libérale,6586.03,69,A003,Mérignac,33700,mathis.lambert_758@example.fr,Actif
759,C000759,Marie,Robert,1964-04-06,2016-03-29,Professionnel,Cadre,6597.46,16,A010,Bayonne,64100,marie.robert_759@example.fr,Actif
760,C000760,Sarah,Laurent,1976-02-07,2024-06-16,Professionnel,Retraité,2020.36,64,A006,Libourne,33500,sarah.laurent_760@example.fr,Actif
761,C000761,Zoé,Roux,1985-01-23,2015-09-10,Particulier,Technicien,2956.49,62,A022,Bergerac,24100,zoe.roux_761@example.fr,Actif
762,C000762,Élodie,André,1998-01-13,2017-03-18,Particulier,Étudiant,1632.23,75,A001,Bordeaux,33000,elodie.andré_762@example.fr,Actif
763,C000763,Mathis,Bonnet,1999-05-02,2019-10-09,Professionnel,Retraité,1153.1,42,A022,Bergerac,24100,mathis.bonnet_763@example.fr,Actif
764,C000764,Antoine,Legrand,1987-04-16,2025-09-05,Particulier,Technicien,0.0,54,A015,La Rochelle,17000,antoine.legrand_764@example.fr,Actif
765,C000765,Clara,Durand,1948-08-26,2026-03-30,Particulier,Artisan,3591.17,79,A010,Bayonne,64100,clara.durand_765@example.fr,Actif
766,C000766,Inès,Bonnet,2000-07-14,2015-05-03,Professionnel,Artisan,4825.78,48,A003,Mérignac,33700,ines.bonnet_766@example.fr,Actif
767,C000767,Inès,Bertrand,1967-07-07,2019-05-23,Professionnel,Employé,5594.02,67,A014,Oloron-Sainte-Marie,64400,ines.bertrand_767@example.fr,Actif
768,C000768,Paul,Roux,1949-09-26,2020-12-24,Particulier,Retraité,3198.6,56,A005,Talence,33400,paul.roux_768@example.fr,Actif
769,C000769,Clara,Vincent,2002-02-11,2021-12-12,Professionnel,Retraité,2641.35,60,A014,Oloron-Sainte-Marie,64400,clara.vincent_769@example.fr,Actif
770,C000770,Jade,Leroy,1959-01-27,2022-03-20,Particulier,Artisan,4334.13,49,A024,Mont-de-Marsan,40000,jade.leroy_770@example.fr,Actif
771,C000771,Julien,Bernard,1980-05-10,2018-06-17,Particulier,Retraité,2689.09,65,A008,Langon,33210,julien.bernard_771@example.fr,Inactif
772,C000772,Nathan,Moreau,1970-05-01,2023-01-02,Particulier,Employé,4582.55,18,A004,Pessac,33600,nathan.moreau_772@example.fr,Actif
773,C000773,Léa,Morel,1951-11-29,2020-10-22,Particulier,Commerçant,2573.93,52,A016,Rochefort,17300,lea.morel_773@example.fr,Actif
774,C000774,Marie,Morel,1997-10-28,2020-12-07,Particulier,Retraité,1815.13,44,A016,Rochefort,17300,marie.morel_774@example.fr,Actif
775,C000775,Enzo,François,1945-01-13,2023-07-25,Particulier,Employé,4377.99,48,A023,Agen,47000,enzo.françois_775@example.fr,Actif
776,C000776,Léa,André,1986-01-13,2017-05-04,Professionnel,Étudiant,1262.85,53,A012,Anglet,64600,lea.andré_776@example.fr,Actif
777,C000777,Paul,Laurent,1980-07-22,2015-04-30,Professionnel,Employé,5996.63,71,A013,Orthez,64300,paul.laurent_777@example.fr,Actif
778,C000778,Thomas,Simon,1987-07-05,2023-01-17,Professionnel,Employé,3262.09,68,A012,Anglet,64600,thomas.simon_778@example.fr,Actif
779,C000779,Hugo,Legrand,1991-11-13,2024-07-05,Particulier,Employé,2037.04,46,A018,Poitiers,86000,hugo.legrand_779@example.fr,Actif
780,C000780,Thomas,Bertrand,2001-03-20,2018-09-02,Particulier,Profession libérale,1788.2,26,A015,La Rochelle,17000,thomas.bertrand_780@example.fr,Actif
781,C000781,Gabriel,Vincent,1946-06-13,2015-04-22,Particulier,Enseignant,2768.23,23,A024,Mont-de-Marsan,40000,gabriel.vincent_781@example.fr,Actif
782,C000782,Antoine,Girard,1991-12-14,2025-11-10,Particulier,Technicien,3546.21,43,A012,Anglet,64600,antoine.girard_782@example.fr,Actif
783,C000783,Noah,Laurent,1965-12-31,2019-06-22,Particulier,Cadre,132.01,65,A021,Périgueux,24000,noah.laurent_783@example.fr,Actif
784,C000784,Jade,Martin,1978-11-25,2017-07-26,Particulier,Artisan,3844.46,22,A001,Bordeaux,33000,jade.martin_784@example.fr,Actif
785,C000785,Camille,François,1950-11-07,2025-11-27,Particulier,Cadre,2325.79,68,A016,Rochefort,17300,camille.françois_785@example.fr,Actif
786,C000786,Inès,Roux,1961-11-29,2017-12-19,Particulier,Artisan,3049.42,57,A009,Pau,64000,ines.roux_786@example.fr,Actif
787,C000787,Inès,Robert,1985-09-06,2020-07-16,Particulier,Profession libérale,0.0,52,A025,Dax,40100,ines.robert_787@example.fr,Actif
788,C000788,Inès,Laurent,1994-10-07,2022-02-06,Particulier,Retraité,1814.0,68,A023,Agen,47000,ines.laurent_788@example.fr,Actif
789,C000789,Sarah,Bertrand,1975-07-01,2018-06-26,Particulier,Employé,2265.11,63,A014,Oloron-Sainte-Marie,64400,sarah.bertrand_789@example.fr,Actif
790,C000790,Gabriel,François,1968-01-04,2020-10-04,Particulier,Artisan,0.0,64,A001,Bordeaux,33000,gabriel.françois_790@example.fr,Actif
791,C000791,Clara,Dubois,1956-11-25,2023-09-07,Particulier,Profession libérale,870.14,67,A014,Oloron-Sainte-Marie,64400,clara.dubois_791@example.fr,Actif
792,C000792,Antoine,Lambert,1966-03-02,2018-10-26,Particulier,Employé,6494.71,44,A024,Mont-de-Marsan,40000,antoine.lambert_792@example.fr,Actif
793,C000793,Inès,Morel,1978-02-12,2015-12-26,Professionnel,Retraité,1596.61,52,A024,Mont-de-Marsan,40000,ines.morel_793@example.fr,Actif
794,C000794,Mathis,Martin,1999-02-11,2015-12-09,Particulier,Cadre,3682.33,62,A006,Libourne,33500,mathis.martin_794@example.fr,Actif
795,C000795,Zoé,Richard,1953-11-21,2016-02-13,Particulier,Retraité,2967.86,61,A012,Anglet,64600,zoe.richard_795@example.fr,Actif
796,C000796,Lucas,Lambert,1957-07-20,2022-09-06,Particulier,Sans emploi,4920.5,43,A024,Mont-de-Marsan,40000,lucas.lambert_796@example.fr,Actif
797,C000797,Julien,François,1958-01-30,2024-10-10,Particulier,Artisan,3146.47,48,A015,La Rochelle,17000,julien.françois_797@example.fr,Actif
798,C000798,Hugo,Durand,1972-03-13,2024-11-09,Particulier,Enseignant,4221.38,54,A008,Langon,33210,hugo.durand_798@example.fr,Actif
799,C000799,Thomas,Michel,2002-11-25,2024-04-19,Particulier,Cadre,6684.87,70,A023,Agen,47000,thomas.michel_799@example.fr,Clos
800,C000800,Élodie,Bonnet,1966-05-30,2024-10-15,Particulier,Retraité,2144.3,95,A013,Orthez,64300,elodie.bonnet_800@example.fr,Clos
801,C000801,Antoine,Garcia,1966-12-08,2016-10-16,Particulier,Employé,2859.5,25,A008,Langon,33210,antoine.garcia_801@example.fr,Actif
802,C000802,Thomas,Dupont,1995-10-06,2026-04-28,Professionnel,Employé,2457.75,46,A005,Talence,33400,thomas.dupont_802@example.fr,Actif
803,C000803,Noah,Bonnet,1951-06-19,2020-10-29,Particulier,Retraité,1470.38,51,A011,Biarritz,64200,noah.bonnet_803@example.fr,Actif
804,C000804,Inès,Thomas,1991-10-21,2023-12-22,Association,Employé,5360.98,34,A011,Biarritz,64200,ines.thomas_804@example.fr,Actif
805,C000805,Amélie,Michel,1945-11-29,2016-03-24,Particulier,Retraité,1004.7,19,A014,Oloron-Sainte-Marie,64400,amelie.michel_805@example.fr,Clos
806,C000806,Inès,Michel,1977-03-25,2022-11-15,Particulier,Employé,3181.53,60,A005,Talence,33400,ines.michel_806@example.fr,Clos
807,C000807,Emma,Lambert,1955-06-26,2025-08-07,Particulier,Employé,0.0,42,A015,La Rochelle,17000,emma.lambert_807@example.fr,Actif
808,C000808,Hugo,Laurent,1980-08-26,2024-01-14,Particulier,Retraité,1529.27,81,A024,Mont-de-Marsan,40000,hugo.laurent_808@example.fr,Actif
809,C000809,Jade,Petit,1952-04-04,2024-03-25,Particulier,Étudiant,1247.1,52,A005,Talence,33400,jade.petit_809@example.fr,Clos
810,C000810,Nathan,Fournier,1966-09-29,2017-10-22,Professionnel,Employé,5588.89,52,A016,Rochefort,17300,nathan.fournier_810@example.fr,Actif
811,C000811,Hugo,Leroy,1981-12-07,2020-05-02,Particulier,Employé,5769.66,54,A004,Pessac,33600,hugo.leroy_811@example.fr,Actif
812,C000812,Sarah,Moreau,1982-04-02,2015-01-03,Association,Employé,6028.52,60,A012,Anglet,64600,sarah.moreau_812@example.fr,Actif
813,C000813,Enzo,André,1982-02-21,2019-01-25,Professionnel,Commerçant,2136.01,54,A021,Périgueux,24000,enzo.andré_813@example.fr,Actif
814,C000814,Élodie,Laurent,1999-07-22,2024-12-24,Particulier,Retraité,2168.92,76,A013,Orthez,64300,elodie.laurent_814@example.fr,Actif
815,C000815,Élodie,Simon,1963-09-03,2015-03-25,Particulier,Employé,2868.95,90,A025,Dax,40100,elodie.simon_815@example.fr,Actif
816,C000816,Océane,Morel,2001-05-07,2022-08-14,Particulier,Technicien,2984.2,73,A025,Dax,40100,oceane.morel_816@example.fr,Actif
817,C000817,Mathis,Michel,2004-06-14,2021-02-28,Particulier,Enseignant,3496.97,87,A019,Limoges,87000,mathis.michel_817@example.fr,Inactif
818,C000818,Élodie,Morel,1970-05-16,2021-01-15,Particulier,Retraité,2886.92,64,A019,Limoges,87000,elodie.morel_818@example.fr,Clos
819,C000819,Nathan,Vincent,1963-03-24,2020-02-02,Particulier,Cadre,4349.17,35,A020,Brive-la-Gaillarde,19100,nathan.vincent_819@example.fr,Actif
820,C000820,Thomas,Moreau,1951-01-29,2021-11-01,Particulier,Artisan,2757.44,74,A019,Limoges,87000,thomas.moreau_820@example.fr,Actif
821,C000821,Paul,André,1980-04-05,2024-11-07,Professionnel,Employé,4545.31,60,A011,Biarritz,64200,paul.andré_821@example.fr,Actif
822,C000822,Zoé,Dubois,1989-08-06,2016-05-13,Particulier,Employé,3057.37,24,A011,Biarritz,64200,zoe.dubois_822@example.fr,Actif
823,C000823,Zoé,François,1988-06-10,2020-12-03,Professionnel,Profession libérale,7728.63,85,A001,Bordeaux,33000,zoe.françois_823@example.fr,Actif
824,C000824,Noah,Garcia,1999-02-28,2023-08-01,Particulier,Cadre,3948.92,61,A007,Arcachon,33120,noah.garcia_824@example.fr,Actif
825,C000825,Emma,Roux,1964-10-29,2015-12-02,Particulier,Profession libérale,0.0,77,A025,Dax,40100,emma.roux_825@example.fr,Actif
826,C000826,Thomas,Robert,1946-10-09,2016-10-07,Particulier,Étudiant,1170.53,53,A004,Pessac,33600,thomas.robert_826@example.fr,Actif
827,C000827,Paul,Michel,1989-05-26,2017-02-22,Particulier,Retraité,3322.99,82,A012,Anglet,64600,paul.michel_827@example.fr,Actif
828,C000828,Lucas,Bernard,1952-12-04,2020-12-20,Particulier,Employé,2934.22,58,A005,Talence,33400,lucas.bernard_828@example.fr,Actif
829,C000829,Gabriel,Leroy,2004-04-04,2024-08-30,Particulier,Enseignant,3759.11,63,A025,Dax,40100,gabriel.leroy_829@example.fr,Actif
830,C000830,Alexandre,Lefebvre,1995-07-24,2018-07-10,Particulier,Cadre,1273.51,39,A016,Rochefort,17300,alexandre.lefebvre_830@example.fr,Actif
831,C000831,Thomas,Moreau,2003-08-06,2020-03-05,Particulier,Enseignant,2075.07,37,A011,Biarritz,64200,thomas.moreau_831@example.fr,Actif
832,C000832,Amélie,Bertrand,1980-12-11,2020-11-21,Particulier,Cadre,5152.98,42,A005,Talence,33400,amelie.bertrand_832@example.fr,Actif
833,C000833,Marie,Roux,1947-08-21,2016-01-09,Particulier,Employé,2289.76,85,A010,Bayonne,64100,marie.roux_833@example.fr,Actif
834,C000834,Antoine,Morel,2002-06-02,2016-05-31,Particulier,Profession libérale,2587.81,31,A005,Talence,33400,antoine.morel_834@example.fr,Actif
835,C000835,Marie,Dupont,1998-01-08,2024-01-19,Particulier,Cadre,4776.81,16,A022,Bergerac,24100,marie.dupont_835@example.fr,Actif
836,C000836,Antoine,David,1964-10-10,2016-10-18,Particulier,Étudiant,916.56,63,A020,Brive-la-Gaillarde,19100,antoine.david_836@example.fr,Actif
837,C000837,Julien,Simon,1975-04-18,2016-06-20,Particulier,Retraité,2815.29,33,A021,Périgueux,24000,julien.simon_837@example.fr,Actif
838,C000838,Julien,Richard,1953-09-23,2023-06-14,Particulier,Employé,2221.14,62,A002,Bordeaux,33300,julien.richard_838@example.fr,Actif
839,C000839,Manon,Leroy,1965-04-19,2018-08-27,Particulier,Technicien,1628.03,79,A016,Rochefort,17300,manon.leroy_839@example.fr,Actif
840,C000840,Alexandre,Vincent,1960-10-23,2021-09-19,Particulier,Artisan,3456.3,74,A008,Langon,33210,alexandre.vincent_840@example.fr,Actif
841,C000841,Zoé,Martin,1963-09-27,2018-09-19,Particulier,Employé,2255.57,73,A023,Agen,47000,zoe.martin_841@example.fr,Actif
842,C000842,Enzo,Bernard,1994-01-29,2017-11-23,Particulier,Employé,1181.99,74,A010,Bayonne,64100,enzo.bernard_842@example.fr,Actif
843,C000843,Julien,Mercier,1975-06-23,2021-08-06,Particulier,Technicien,2360.99,38,A010,Bayonne,64100,julien.mercier_843@example.fr,Actif
844,C000844,Thomas,Morel,1997-05-13,2019-12-17,Particulier,Enseignant,5770.25,70,A010,Bayonne,64100,thomas.morel_844@example.fr,Actif
845,C000845,Zoé,Michel,2001-11-21,2023-07-13,Particulier,Artisan,2532.78,52,A007,Arcachon,33120,zoe.michel_845@example.fr,Actif
846,C000846,Océane,Legrand,1973-04-26,2018-05-13,Particulier,Employé,5319.13,17,A021,Périgueux,24000,oceane.legrand_846@example.fr,Actif
847,C000847,Camille,François,1973-02-18,2018-11-26,Particulier,Cadre,2952.89,67,A016,Rochefort,17300,camille.françois_847@example.fr,Actif
848,C000848,Enzo,Fournier,1968-09-21,2015-08-04,Particulier,Employé,1597.94,52,A002,Bordeaux,33300,enzo.fournier_848@example.fr,Actif
849,C000849,Gabriel,Thomas,1973-12-21,2015-11-27,Particulier,Artisan,3484.92,45,A019,Limoges,87000,gabriel.thomas_849@example.fr,Actif
850,C000850,Gabriel,Martin,1956-09-23,2019-02-12,Particulier,Retraité,1597.49,50,A012,Anglet,64600,gabriel.martin_850@example.fr,Actif
851,C000851,Paul,André,1987-12-25,2022-06-19,Particulier,Employé,3553.33,55,A008,Langon,33210,paul.andré_851@example.fr,Actif
852,C000852,Chloé,Legrand,1974-02-13,2025-03-16,Particulier,Profession libérale,1042.76,53,A012,Anglet,64600,chloe.legrand_852@example.fr,Actif
853,C000853,Gabriel,Mercier,1992-06-18,2020-04-13,Particulier,Enseignant,4106.97,49,A004,Pessac,33600,gabriel.mercier_853@example.fr,Actif
854,C000854,Clara,Martinez,1948-06-04,2024-12-18,Particulier,Cadre,3376.06,41,A023,Agen,47000,clara.martinez_854@example.fr,Actif
855,C000855,Chloé,Richard,1978-07-26,2016-04-07,Professionnel,Employé,6502.59,46,A015,La Rochelle,17000,chloe.richard_855@example.fr,Actif
856,C000856,Nathan,Lefebvre,1983-07-02,2019-07-27,Particulier,Employé,2140.6,40,A009,Pau,64000,nathan.lefebvre_856@example.fr,Clos
857,C000857,Élodie,Simon,1972-09-11,2016-11-11,Particulier,Technicien,454.81,67,A019,Limoges,87000,elodie.simon_857@example.fr,Actif
858,C000858,Inès,Durand,1999-06-20,2018-05-23,Particulier,Cadre,3894.25,48,A024,Mont-de-Marsan,40000,ines.durand_858@example.fr,Actif
859,C000859,Marie,Girard,1951-06-28,2017-11-21,Particulier,Commerçant,3194.75,37,A001,Bordeaux,33000,marie.girard_859@example.fr,Actif
860,C000860,Mathis,François,2001-12-10,2015-04-23,Professionnel,Retraité,900.0,42,A019,Limoges,87000,mathis.françois_860@example.fr,Actif
861,C000861,Hugo,Bertrand,1955-06-20,2017-12-20,Particulier,Cadre,2804.17,46,A022,Bergerac,24100,hugo.bertrand_861@example.fr,Actif
862,C000862,Manon,Durand,1976-02-24,2016-01-29,Particulier,Retraité,3338.7,67,A012,Anglet,64600,manon.durand_862@example.fr,Inactif
863,C000863,Gabriel,Michel,2001-09-09,2026-02-05,Particulier,Artisan,3242.21,64,A016,Rochefort,17300,gabriel.michel_863@example.fr,Actif
864,C000864,Nathan,Mercier,1956-02-19,2019-05-26,Particulier,Commerçant,2284.79,75,A011,Biarritz,64200,nathan.mercier_864@example.fr,Inactif
865,C000865,Océane,Moreau,1987-03-29,2017-01-04,Particulier,Employé,2590.45,39,A007,Arcachon,33120,oceane.moreau_865@example.fr,Actif
866,C000866,Camille,Dupont,1953-01-17,2025-08-08,Particulier,Sans emploi,4653.72,34,A018,Poitiers,86000,camille.dupont_866@example.fr,Actif
867,C000867,Jade,Richard,1985-03-14,2021-03-10,Particulier,Cadre,3049.58,43,A018,Poitiers,86000,jade.richard_867@example.fr,Actif
868,C000868,Alexandre,Thomas,1952-03-10,2025-04-29,Professionnel,Profession libérale,5625.04,31,A001,Bordeaux,33000,alexandre.thomas_868@example.fr,Actif
869,C000869,Enzo,Laurent,1953-03-21,2019-09-09,Professionnel,Cadre,3871.38,72,A019,Limoges,87000,enzo.laurent_869@example.fr,Actif
870,C000870,Inès,André,1985-12-23,2020-09-15,Particulier,Cadre,4498.02,43,A008,Langon,33210,ines.andré_870@example.fr,Actif
871,C000871,Chloé,Richard,1957-09-29,2018-01-22,Particulier,Retraité,2178.33,64,A013,Orthez,64300,chloe.richard_871@example.fr,Inactif
872,C000872,Jade,Roux,1945-12-02,2023-11-07,Particulier,Cadre,2679.23,72,A010,Bayonne,64100,jade.roux_872@example.fr,Actif
873,C000873,Enzo,Moreau,1977-08-07,2021-11-21,Particulier,Profession libérale,4203.86,74,A019,Limoges,87000,enzo.moreau_873@example.fr,Actif
874,C000874,Thomas,Bernard,1975-06-20,2018-04-28,Particulier,Technicien,2051.22,76,A020,Brive-la-Gaillarde,19100,thomas.bernard_874@example.fr,Actif
875,C000875,Élodie,Robert,1980-01-11,2016-02-09,Particulier,Artisan,2380.75,55,A021,Périgueux,24000,elodie.robert_875@example.fr,Actif
876,C000876,Enzo,Michel,1953-08-06,2020-01-03,Particulier,Artisan,1186.29,19,A002,Bordeaux,33300,enzo.michel_876@example.fr,Actif
877,C000877,Paul,Laurent,1950-06-20,2020-06-02,Particulier,Employé,4881.08,60,A020,Brive-la-Gaillarde,19100,paul.laurent_877@example.fr,Actif
878,C000878,Paul,Michel,1997-11-06,2016-05-04,Particulier,Employé,2468.18,48,A021,Périgueux,24000,paul.michel_878@example.fr,Actif
879,C000879,Enzo,Girard,1951-02-23,2024-04-29,Professionnel,Cadre,2544.22,64,A012,Anglet,64600,enzo.girard_879@example.fr,Actif
880,C000880,Zoé,Simon,1984-03-26,2023-10-18,Particulier,Employé,1705.54,63,A014,Oloron-Sainte-Marie,64400,zoe.simon_880@example.fr,Inactif
881,C000881,Enzo,Garcia,1965-11-23,2018-03-30,Particulier,Employé,991.8,58,A006,Libourne,33500,enzo.garcia_881@example.fr,Actif
882,C000882,Thomas,Simon,1964-09-15,2019-07-09,Particulier,Étudiant,833.27,17,A025,Dax,40100,thomas.simon_882@example.fr,Actif
883,C000883,Manon,Petit,1956-10-10,2016-12-20,Professionnel,Sans emploi,5358.93,51,A014,Oloron-Sainte-Marie,64400,manon.petit_883@example.fr,Actif
884,C000884,Zoé,Thomas,1997-02-14,2024-07-21,Particulier,Employé,4419.59,65,A006,Libourne,33500,zoe.thomas_884@example.fr,Actif
885,C000885,Enzo,Bonnet,1983-12-13,2017-05-11,Particulier,Cadre,4647.97,67,A022,Bergerac,24100,enzo.bonnet_885@example.fr,Actif
886,C000886,Noah,Thomas,1978-02-16,2025-07-12,Particulier,Enseignant,819.2,37,A019,Limoges,87000,noah.thomas_886@example.fr,Actif
887,C000887,Chloé,Roux,1957-08-20,2019-09-20,Particulier,Artisan,0.0,69,A002,Bordeaux,33300,chloe.roux_887@example.fr,Clos
888,C000888,Enzo,Roux,1972-12-31,2022-12-10,Professionnel,Cadre,5440.98,70,A018,Poitiers,86000,enzo.roux_888@example.fr,Actif
889,C000889,Océane,Lefebvre,1964-02-13,2020-07-21,Particulier,Étudiant,1309.7,76,A002,Bordeaux,33300,oceane.lefebvre_889@example.fr,Actif
890,C000890,Léa,Dupont,1986-01-24,2020-07-09,Particulier,Profession libérale,718.83,38,A005,Talence,33400,lea.dupont_890@example.fr,Actif
891,C000891,Gabriel,Bernard,2002-12-05,2019-12-01,Particulier,Technicien,2757.86,59,A002,Bordeaux,33300,gabriel.bernard_891@example.fr,Actif
892,C000892,Thomas,Bertrand,1980-06-19,2017-09-07,Particulier,Employé,2329.99,61,A005,Talence,33400,thomas.bertrand_892@example.fr,Actif
893,C000893,Marie,François,1955-10-08,2018-07-22,Particulier,Retraité,2467.18,39,A023,Agen,47000,marie.françois_893@example.fr,Actif
894,C000894,Enzo,Morel,1945-01-20,2022-11-23,Particulier,Employé,3616.2,72,A016,Rochefort,17300,enzo.morel_894@example.fr,Actif
895,C000895,Clara,Leroy,1955-08-30,2021-11-20,Particulier,Artisan,1307.87,91,A001,Bordeaux,33000,clara.leroy_895@example.fr,Inactif
896,C000896,Manon,Garcia,1964-01-29,2020-11-27,Particulier,Technicien,3072.51,53,A001,Bordeaux,33000,manon.garcia_896@example.fr,Inactif
897,C000897,Noah,Garcia,1965-03-08,2019-06-03,Professionnel,Artisan,3657.87,78,A003,Mérignac,33700,noah.garcia_897@example.fr,Actif
898,C000898,Océane,Moreau,1998-11-02,2016-12-19,Particulier,Employé,5572.95,51,A001,Bordeaux,33000,oceane.moreau_898@example.fr,Actif
899,C000899,Amélie,Simon,1985-06-28,2018-07-04,Particulier,Employé,3028.75,60,A008,Langon,33210,amelie.simon_899@example.fr,Actif
900,C000900,Élodie,François,1977-07-11,2025-04-02,Particulier,Étudiant,200.04,65,A025,Dax,40100,elodie.françois_900@example.fr,Actif
901,C000901,Chloé,Morel,1982-01-10,2016-01-04,Particulier,Technicien,1909.13,73,A011,Biarritz,64200,chloe.morel_901@example.fr,Actif
902,C000902,Manon,Michel,2001-01-16,2025-09-09,Particulier,Retraité,1242.38,38,A023,Agen,47000,manon.michel_902@example.fr,Actif
903,C000903,Enzo,Leroy,1993-12-24,2026-01-12,Particulier,Sans emploi,1809.72,77,A011,Biarritz,64200,enzo.leroy_903@example.fr,Actif
904,C000904,Gabriel,Richard,1945-08-06,2016-06-15,Particulier,Technicien,8.02,62,A019,Limoges,87000,gabriel.richard_904@example.fr,Actif
905,C000905,Gabriel,Thomas,1952-02-01,2018-01-28,Particulier,Technicien,0.0,48,A001,Bordeaux,33000,gabriel.thomas_905@example.fr,Clos
906,C000906,Jade,Moreau,1965-01-02,2025-11-21,Particulier,Enseignant,2052.26,45,A005,Talence,33400,jade.moreau_906@example.fr,Actif
907,C000907,Manon,Leroy,1948-02-26,2021-05-15,Particulier,Commerçant,0.0,62,A009,Pau,64000,manon.leroy_907@example.fr,Actif
908,C000908,Amélie,Lefebvre,1966-11-24,2021-03-13,Particulier,Employé,3112.97,51,A003,Mérignac,33700,amelie.lefebvre_908@example.fr,Actif
909,C000909,Marie,Thomas,2001-08-25,2024-01-06,Professionnel,Cadre,7611.38,39,A002,Bordeaux,33300,marie.thomas_909@example.fr,Actif
910,C000910,Inès,Simon,2004-11-28,2018-12-15,Particulier,Cadre,1226.46,92,A001,Bordeaux,33000,ines.simon_910@example.fr,Actif
911,C000911,Nathan,Girard,1949-06-06,2025-06-16,Particulier,Commerçant,689.73,38,A001,Bordeaux,33000,nathan.girard_911@example.fr,Actif
912,C000912,Marie,Garcia,1984-11-30,2016-12-07,Particulier,Cadre,2239.84,70,A002,Bordeaux,33300,marie.garcia_912@example.fr,Actif
913,C000913,Nathan,Moreau,1985-06-20,2022-03-23,Professionnel,Commerçant,4827.44,34,A023,Agen,47000,nathan.moreau_913@example.fr,Actif
914,C000914,Paul,Bernard,1987-12-02,2022-08-17,Professionnel,Enseignant,5086.4,68,A006,Libourne,33500,paul.bernard_914@example.fr,Actif
915,C000915,Océane,André,1959-08-23,2023-06-30,Particulier,Employé,6076.48,59,A015,La Rochelle,17000,oceane.andré_915@example.fr,Actif
916,C000916,Zoé,Michel,1971-07-21,2019-12-24,Particulier,Retraité,1923.36,46,A019,Limoges,87000,zoe.michel_916@example.fr,Actif
917,C000917,Antoine,Martinez,1985-08-18,2020-04-30,Particulier,Cadre,4990.98,37,A005,Talence,33400,antoine.martinez_917@example.fr,Actif
918,C000918,Lucas,Mercier,1961-07-31,2017-10-27,Particulier,Enseignant,608.84,63,A001,Bordeaux,33000,lucas.mercier_918@example.fr,Actif
919,C000919,Hugo,Girard,1979-07-17,2022-03-01,Particulier,Employé,779.63,45,A025,Dax,40100,hugo.girard_919@example.fr,Actif
920,C000920,Mathis,Michel,1954-11-04,2021-12-28,Particulier,Enseignant,1323.61,38,A021,Périgueux,24000,mathis.michel_920@example.fr,Actif
921,C000921,Zoé,Laurent,2001-03-30,2019-01-13,Professionnel,Employé,3826.27,67,A007,Arcachon,33120,zoe.laurent_921@example.fr,Actif
922,C000922,Camille,Roux,1962-10-28,2018-07-20,Particulier,Retraité,1960.88,41,A012,Anglet,64600,camille.roux_922@example.fr,Actif
923,C000923,Manon,Girard,2004-09-11,2020-08-30,Particulier,Commerçant,4369.28,59,A010,Bayonne,64100,manon.girard_923@example.fr,Actif
924,C000924,Camille,Petit,1992-12-06,2016-09-13,Particulier,Profession libérale,1614.07,67,A009,Pau,64000,camille.petit_924@example.fr,Actif
925,C000925,Inès,André,1952-02-04,2019-07-07,Particulier,Employé,1586.29,62,A015,La Rochelle,17000,ines.andré_925@example.fr,Actif
926,C000926,Camille,Morel,1961-05-29,2021-08-06,Particulier,Artisan,3702.11,55,A022,Bergerac,24100,camille.morel_926@example.fr,Actif
927,C000927,Élodie,Dubois,1969-08-01,2023-03-03,Particulier,Cadre,3169.47,59,A025,Dax,40100,elodie.dubois_927@example.fr,Actif
928,C000928,Antoine,Roux,1971-10-26,2023-07-03,Professionnel,Employé,5259.82,78,A020,Brive-la-Gaillarde,19100,antoine.roux_928@example.fr,Actif
929,C000929,Inès,Legrand,1964-05-04,2020-11-15,Particulier,Cadre,0.0,93,A006,Libourne,33500,ines.legrand_929@example.fr,Actif
930,C000930,Amélie,André,1958-01-25,2023-09-25,Particulier,Employé,2018.55,63,A021,Périgueux,24000,amelie.andré_930@example.fr,Actif
931,C000931,Clara,Leroy,1993-08-06,2017-03-13,Particulier,Agriculteur,995.27,58,A025,Dax,40100,clara.leroy_931@example.fr,Actif
932,C000932,Hugo,David,1978-09-30,2023-12-22,Particulier,Employé,962.39,35,A016,Rochefort,17300,hugo.david_932@example.fr,Actif
933,C000933,Léa,Martin,1997-02-09,2025-06-19,Particulier,Artisan,4338.73,49,A004,Pessac,33600,lea.martin_933@example.fr,Actif
934,C000934,Clara,Girard,1996-10-17,2018-12-17,Particulier,Étudiant,1191.21,60,A013,Orthez,64300,clara.girard_934@example.fr,Actif
935,C000935,Marie,Michel,1954-08-22,2023-06-02,Professionnel,Cadre,5696.08,42,A009,Pau,64000,marie.michel_935@example.fr,Actif
936,C000936,Julien,Vincent,1995-03-25,2026-06-04,Professionnel,Employé,3730.16,67,A001,Bordeaux,33000,julien.vincent_936@example.fr,Actif
937,C000937,Julien,Dupont,1969-10-17,2022-07-29,Particulier,Technicien,3547.45,42,A018,Poitiers,86000,julien.dupont_937@example.fr,Actif
938,C000938,Sarah,Garcia,1951-09-30,2023-08-15,Professionnel,Artisan,7650.47,30,A018,Poitiers,86000,sarah.garcia_938@example.fr,Actif
939,C000939,Enzo,Richard,1977-02-12,2023-12-30,Particulier,Technicien,3160.47,95,A013,Orthez,64300,enzo.richard_939@example.fr,Actif
940,C000940,Noah,Durand,2001-07-07,2016-01-12,Particulier,Technicien,1382.46,62,A018,Poitiers,86000,noah.durand_940@example.fr,Actif
941,C000941,Sarah,François,1971-03-02,2020-05-06,Particulier,Commerçant,2643.94,23,A025,Dax,40100,sarah.françois_941@example.fr,Actif
942,C000942,Chloé,Michel,1975-03-21,2023-09-02,Particulier,Enseignant,2180.92,78,A023,Agen,47000,chloe.michel_942@example.fr,Actif
943,C000943,Zoé,Robert,1991-12-26,2017-09-29,Particulier,Cadre,471.29,42,A012,Anglet,64600,zoe.robert_943@example.fr,Actif
944,C000944,Manon,Michel,1985-09-15,2021-03-29,Professionnel,Employé,6322.21,52,A017,Niort,79000,manon.michel_944@example.fr,Actif
945,C000945,Noah,Bertrand,1965-07-03,2017-10-10,Professionnel,Étudiant,1251.67,61,A002,Bordeaux,33300,noah.bertrand_945@example.fr,Actif
946,C000946,Hugo,Laurent,1963-03-07,2024-03-22,Professionnel,Profession libérale,6088.42,61,A006,Libourne,33500,hugo.laurent_946@example.fr,Clos
947,C000947,Gabriel,André,1995-05-23,2023-05-12,Association,Retraité,2151.12,36,A002,Bordeaux,33300,gabriel.andré_947@example.fr,Actif
948,C000948,Chloé,Bonnet,1952-06-28,2016-07-13,Particulier,Artisan,4328.14,39,A013,Orthez,64300,chloe.bonnet_948@example.fr,Actif
949,C000949,Manon,Michel,1971-05-26,2020-01-30,Particulier,Enseignant,2827.7,80,A006,Libourne,33500,manon.michel_949@example.fr,Actif
950,C000950,Chloé,Roux,1979-07-02,2021-11-27,Professionnel,Enseignant,6915.52,70,A022,Bergerac,24100,chloe.roux_950@example.fr,Actif
951,C000951,Océane,Leroy,1958-09-09,2016-11-06,Particulier,Cadre,3571.05,63,A006,Libourne,33500,oceane.leroy_951@example.fr,Actif
952,C000952,Léa,Morel,2001-03-25,2015-02-19,Particulier,Retraité,2065.33,81,A022,Bergerac,24100,lea.morel_952@example.fr,Actif
953,C000953,Paul,Laurent,1956-08-29,2026-04-14,Particulier,Employé,0.0,28,A019,Limoges,87000,paul.laurent_953@example.fr,Actif
954,C000954,Noah,Fournier,1995-09-17,2019-01-02,Particulier,Profession libérale,4123.29,44,A010,Bayonne,64100,noah.fournier_954@example.fr,Actif
955,C000955,Julien,Robert,2002-12-07,2017-10-25,Particulier,Employé,4833.62,48,A005,Talence,33400,julien.robert_955@example.fr,Actif
956,C000956,Lucas,Vincent,1979-09-07,2016-11-22,Particulier,Artisan,2893.19,66,A008,Langon,33210,lucas.vincent_956@example.fr,Actif
957,C000957,Zoé,Roux,1975-03-03,2024-01-21,Particulier,Retraité,2076.93,78,A012,Anglet,64600,zoe.roux_957@example.fr,Actif
958,C000958,Clara,Richard,1963-12-15,2021-05-19,Particulier,Employé,1664.71,43,A013,Orthez,64300,clara.richard_958@example.fr,Actif
959,C000959,Sarah,Bernard,1946-06-26,2017-08-15,Particulier,Technicien,752.21,62,A011,Biarritz,64200,sarah.bernard_959@example.fr,Actif
960,C000960,Nathan,Mercier,1956-05-10,2020-12-26,Particulier,Cadre,6379.46,39,A006,Libourne,33500,nathan.mercier_960@example.fr,Actif
961,C000961,Jade,Vincent,1992-07-12,2022-08-25,Particulier,Profession libérale,705.34,20,A022,Bergerac,24100,jade.vincent_961@example.fr,Actif
962,C000962,Élodie,Fournier,1985-09-15,2016-01-26,Professionnel,Profession libérale,5469.83,76,A019,Limoges,87000,elodie.fournier_962@example.fr,Actif
963,C000963,Océane,David,1989-09-02,2022-11-14,Particulier,Enseignant,1674.86,73,A012,Anglet,64600,oceane.david_963@example.fr,Actif
964,C000964,Amélie,Dubois,1996-05-12,2019-05-08,Particulier,Technicien,2289.21,63,A016,Rochefort,17300,amelie.dubois_964@example.fr,Actif
965,C000965,Paul,Roux,1979-07-25,2026-05-04,Particulier,Employé,2456.08,64,A020,Brive-la-Gaillarde,19100,paul.roux_965@example.fr,Inactif
966,C000966,Noah,Bernard,1988-04-13,2016-07-31,Particulier,Employé,2001.03,82,A010,Bayonne,64100,noah.bernard_966@example.fr,Actif
967,C000967,Inès,Thomas,1994-08-03,2017-10-13,Particulier,Profession libérale,2072.43,33,A016,Rochefort,17300,ines.thomas_967@example.fr,Actif
968,C000968,Chloé,Vincent,1971-11-02,2016-09-16,Particulier,Employé,4455.39,48,A023,Agen,47000,chloe.vincent_968@example.fr,Actif
969,C000969,Sarah,Leroy,1990-08-27,2018-07-05,Particulier,Employé,3677.82,80,A002,Bordeaux,33300,sarah.leroy_969@example.fr,Actif
970,C000970,Élodie,Bonnet,1964-04-02,2019-05-26,Particulier,Employé,1765.31,58,A007,Arcachon,33120,elodie.bonnet_970@example.fr,Actif
971,C000971,Emma,Robert,1973-02-06,2025-12-15,Particulier,Technicien,2883.74,14,A006,Libourne,33500,emma.robert_971@example.fr,Actif
972,C000972,Lucas,Lambert,1972-07-23,2023-12-16,Particulier,Commerçant,2128.98,76,A013,Orthez,64300,lucas.lambert_972@example.fr,Actif
973,C000973,Thomas,Robert,1961-03-01,2026-02-17,Particulier,Employé,1909.41,46,A015,La Rochelle,17000,thomas.robert_973@example.fr,Actif
974,C000974,Paul,Vincent,1983-07-11,2020-05-13,Particulier,Profession libérale,2660.24,13,A010,Bayonne,64100,paul.vincent_974@example.fr,Inactif
975,C000975,Paul,Thomas,1984-11-23,2021-04-05,Particulier,Retraité,2935.59,19,A004,Pessac,33600,paul.thomas_975@example.fr,Actif
976,C000976,Hugo,Robert,1949-04-09,2021-07-13,Particulier,Cadre,2943.88,71,A023,Agen,47000,hugo.robert_976@example.fr,Actif
977,C000977,Noah,Vincent,1962-09-19,2021-10-14,Particulier,Retraité,1830.8,55,A015,La Rochelle,17000,noah.vincent_977@example.fr,Actif
978,C000978,Amélie,Martinez,1962-08-02,2022-11-25,Professionnel,Étudiant,1274.7,51,A014,Oloron-Sainte-Marie,64400,amelie.martinez_978@example.fr,Actif
979,C000979,Inès,Fournier,1952-05-14,2022-01-25,Particulier,Retraité,1994.32,86,A015,La Rochelle,17000,ines.fournier_979@example.fr,Actif
980,C000980,Mathis,Leroy,1969-08-15,2026-05-29,Particulier,Étudiant,894.9,57,A002,Bordeaux,33300,mathis.leroy_980@example.fr,Actif
981,C000981,Hugo,Michel,1981-06-06,2019-03-17,Particulier,Agriculteur,3070.11,66,A017,Niort,79000,hugo.michel_981@example.fr,Actif
982,C000982,Sarah,Martinez,1982-12-06,2024-07-10,Particulier,Employé,2665.57,33,A014,Oloron-Sainte-Marie,64400,sarah.martinez_982@example.fr,Actif
983,C000983,Noah,Martinez,1948-12-29,2016-12-14,Particulier,Sans emploi,1519.72,34,A021,Périgueux,24000,noah.martinez_983@example.fr,Actif
984,C000984,Emma,Dubois,2002-05-15,2022-12-15,Particulier,Retraité,3323.02,66,A025,Dax,40100,emma.dubois_984@example.fr,Actif
985,C000985,Clara,Lambert,1948-01-02,2019-12-08,Particulier,Employé,3718.25,90,A025,Dax,40100,clara.lambert_985@example.fr,Actif
986,C000986,Clara,Lambert,1967-08-14,2024-01-27,Particulier,Sans emploi,4052.54,28,A025,Dax,40100,clara.lambert_986@example.fr,Actif
987,C000987,Enzo,Mercier,1993-07-19,2016-02-18,Particulier,Technicien,1502.26,52,A001,Bordeaux,33000,enzo.mercier_987@example.fr,Actif
988,C000988,Julien,Vincent,1969-07-01,2025-03-24,Professionnel,Retraité,1575.48,66,A004,Pessac,33600,julien.vincent_988@example.fr,Inactif
989,C000989,Élodie,Girard,1966-01-08,2021-01-11,Particulier,Commerçant,1985.7,64,A011,Biarritz,64200,elodie.girard_989@example.fr,Actif
990,C000990,Mathis,Martin,1973-03-17,2016-10-14,Particulier,Commerçant,3828.6,17,A012,Anglet,64600,mathis.martin_990@example.fr,Actif
991,C000991,Chloé,Bertrand,1971-10-18,2024-01-31,Particulier,Employé,0.0,64,A009,Pau,64000,chloe.bertrand_991@example.fr,Actif
992,C000992,Chloé,Durand,1956-02-15,2019-09-09,Particulier,Employé,3743.96,46,A004,Pessac,33600,chloe.durand_992@example.fr,Actif
993,C000993,Nathan,Vincent,1950-05-22,2025-06-16,Professionnel,Sans emploi,7125.4,67,A003,Mérignac,33700,nathan.vincent_993@example.fr,Actif
994,C000994,Mathis,Bonnet,1996-11-16,2020-08-30,Particulier,Enseignant,1293.52,38,A006,Libourne,33500,mathis.bonnet_994@example.fr,Actif
995,C000995,Camille,Girard,1988-10-03,2018-02-15,Professionnel,Retraité,2098.55,71,A017,Niort,79000,camille.girard_995@example.fr,Actif
996,C000996,Gabriel,Vincent,1962-10-29,2019-04-21,Particulier,Profession libérale,6023.2,59,A025,Dax,40100,gabriel.vincent_996@example.fr,Actif
997,C000997,Julien,Mercier,1970-08-03,2021-02-10,Particulier,Enseignant,900.58,51,A003,Mérignac,33700,julien.mercier_997@example.fr,Actif
998,C000998,Jade,André,1981-05-15,2023-10-23,Particulier,Profession libérale,3082.57,59,A017,Niort,79000,jade.andré_998@example.fr,Actif
999,C000999,Lucas,Girard,1982-12-10,2022-04-10,Particulier,Retraité,1903.42,59,A022,Bergerac,24100,lucas.girard_999@example.fr,Actif
1000,C001000,Paul,Girard,1973-08-01,2024-10-16,Particulier,Technicien,4057.4,62,A013,Orthez,64300,paul.girard_1000@example.fr,Actif
1001,C001001,Sarah,Legrand,1992-03-12,2023-04-13,Particulier,Cadre,4260.37,62,A015,La Rochelle,17000,sarah.legrand_1001@example.fr,Actif
1002,C001002,Inès,Vincent,1959-11-01,2025-06-06,Particulier,Agriculteur,3186.22,46,A025,Dax,40100,ines.vincent_1002@example.fr,Actif
1003,C001003,Sarah,Legrand,1989-04-08,2019-02-27,Particulier,Profession libérale,3017.68,77,A022,Bergerac,24100,sarah.legrand_1003@example.fr,Actif
1004,C001004,Clara,Bertrand,1973-11-02,2019-04-15,Particulier,Sans emploi,4096.84,77,A009,Pau,64000,clara.bertrand_1004@example.fr,Actif
1005,C001005,Chloé,André,1983-04-18,2015-01-03,Particulier,Employé,2119.86,38,A017,Niort,79000,chloe.andré_1005@example.fr,Actif
1006,C001006,Zoé,Moreau,1990-04-01,2022-10-26,Particulier,Profession libérale,3246.74,79,A019,Limoges,87000,zoe.moreau_1006@example.fr,Actif
1007,C001007,Noah,Petit,1999-02-19,2025-11-29,Particulier,Technicien,3703.24,65,A002,Bordeaux,33300,noah.petit_1007@example.fr,Actif
1008,C001008,Manon,Bonnet,1973-07-22,2020-09-19,Professionnel,Cadre,4981.83,50,A016,Rochefort,17300,manon.bonnet_1008@example.fr,Actif
1009,C001009,Alexandre,Dubois,1946-05-27,2023-08-12,Particulier,Cadre,4486.51,71,A021,Périgueux,24000,alexandre.dubois_1009@example.fr,Actif
1010,C001010,Marie,Mercier,1977-11-04,2015-12-21,Particulier,Retraité,3659.31,86,A019,Limoges,87000,marie.mercier_1010@example.fr,Actif
1011,C001011,Thomas,Richard,1957-10-15,2018-09-26,Professionnel,Enseignant,7615.2,64,A002,Bordeaux,33300,thomas.richard_1011@example.fr,Actif
1012,C001012,Chloé,Roux,1945-06-30,2015-04-20,Association,Employé,4617.55,44,A019,Limoges,87000,chloe.roux_1012@example.fr,Actif
1013,C001013,Alexandre,Robert,2004-09-12,2025-03-17,Particulier,Sans emploi,4192.62,62,A015,La Rochelle,17000,alexandre.robert_1013@example.fr,Actif
1014,C001014,Jade,Legrand,1947-11-06,2022-09-25,Particulier,Cadre,4023.19,44,A002,Bordeaux,33300,jade.legrand_1014@example.fr,Actif
1015,C001015,Manon,Fournier,1986-01-29,2015-08-14,Particulier,Retraité,2066.23,53,A002,Bordeaux,33300,manon.fournier_1015@example.fr,Actif
1016,C001016,Julien,Morel,1993-03-10,2019-09-28,Particulier,Cadre,9142.31,54,A001,Bordeaux,33000,julien.morel_1016@example.fr,Actif
1017,C001017,Léa,Thomas,1996-05-16,2018-08-05,Particulier,Retraité,1956.18,42,A011,Biarritz,64200,lea.thomas_1017@example.fr,Actif
1018,C001018,Julien,Vincent,1950-04-15,2018-09-23,Particulier,Retraité,2687.75,53,A002,Bordeaux,33300,julien.vincent_1018@example.fr,Actif
1019,C001019,Marie,Michel,1993-10-31,2021-10-20,Particulier,Enseignant,2184.8,25,A001,Bordeaux,33000,marie.michel_1019@example.fr,Actif
1020,C001020,Enzo,Leroy,1984-12-22,2024-08-25,Particulier,Étudiant,831.02,41,A024,Mont-de-Marsan,40000,enzo.leroy_1020@example.fr,Actif
1021,C001021,Clara,Dubois,1979-04-06,2026-05-25,Particulier,Retraité,900.0,60,A006,Libourne,33500,clara.dubois_1021@example.fr,Actif
1022,C001022,Mathis,Vincent,1991-12-16,2018-10-29,Particulier,Commerçant,1796.29,5,A012,Anglet,64600,mathis.vincent_1022@example.fr,Actif
1023,C001023,Océane,Roux,1963-06-25,2020-01-16,Particulier,Étudiant,920.58,43,A005,Talence,33400,oceane.roux_1023@example.fr,Actif
1024,C001024,Mathis,Bernard,1956-10-06,2017-10-01,Particulier,Cadre,3169.49,43,A018,Poitiers,86000,mathis.bernard_1024@example.fr,Actif
1025,C001025,Mathis,Martin,1979-09-01,2023-03-28,Particulier,Cadre,818.13,59,A017,Niort,79000,mathis.martin_1025@example.fr,Clos
1026,C001026,Amélie,Bertrand,1950-03-07,2023-10-25,Particulier,Cadre,3019.73,12,A001,Bordeaux,33000,amelie.bertrand_1026@example.fr,Actif
1027,C001027,Enzo,Leroy,1960-09-29,2023-06-24,Particulier,Employé,3260.91,50,A018,Poitiers,86000,enzo.leroy_1027@example.fr,Actif
1028,C001028,Chloé,Mercier,1998-08-13,2019-03-02,Professionnel,Employé,4662.95,67,A005,Talence,33400,chloe.mercier_1028@example.fr,Actif
1029,C001029,Chloé,François,1951-04-02,2015-07-07,Particulier,Employé,1505.67,65,A018,Poitiers,86000,chloe.françois_1029@example.fr,Actif
1030,C001030,Lucas,Leroy,1986-07-15,2020-10-05,Particulier,Retraité,1815.03,23,A004,Pessac,33600,lucas.leroy_1030@example.fr,Actif
1031,C001031,Jade,Fournier,1990-04-17,2024-01-28,Particulier,Enseignant,4065.86,73,A015,La Rochelle,17000,jade.fournier_1031@example.fr,Actif
1032,C001032,Manon,Mercier,1956-03-19,2022-05-14,Particulier,Artisan,3764.08,81,A025,Dax,40100,manon.mercier_1032@example.fr,Actif
1033,C001033,Antoine,Thomas,1976-03-27,2020-03-23,Particulier,Employé,2188.55,54,A010,Bayonne,64100,antoine.thomas_1033@example.fr,Actif
1034,C001034,Clara,Durand,1948-03-28,2017-12-22,Particulier,Artisan,3084.73,59,A023,Agen,47000,clara.durand_1034@example.fr,Actif
1035,C001035,Paul,Vincent,1972-12-12,2023-11-09,Particulier,Agriculteur,3206.61,51,A022,Bergerac,24100,paul.vincent_1035@example.fr,Actif
1036,C001036,Clara,François,1982-05-28,2020-04-22,Particulier,Cadre,850.89,66,A010,Bayonne,64100,clara.françois_1036@example.fr,Actif
1037,C001037,Emma,François,1963-03-04,2017-01-16,Particulier,Retraité,1900.51,68,A015,La Rochelle,17000,emma.françois_1037@example.fr,Actif
1038,C001038,Lucas,François,1973-04-05,2020-03-17,Particulier,Profession libérale,4545.51,75,A014,Oloron-Sainte-Marie,64400,lucas.françois_1038@example.fr,Actif
1039,C001039,Emma,Moreau,1991-11-15,2026-01-07,Particulier,Étudiant,816.31,51,A001,Bordeaux,33000,emma.moreau_1039@example.fr,Actif
1040,C001040,Thomas,Lefebvre,1949-02-07,2015-06-04,Particulier,Profession libérale,1835.68,58,A003,Mérignac,33700,thomas.lefebvre_1040@example.fr,Actif
1041,C001041,Lucas,Simon,1961-02-05,2017-02-13,Particulier,Profession libérale,0.0,63,A016,Rochefort,17300,lucas.simon_1041@example.fr,Actif
1042,C001042,Emma,Martin,1945-08-25,2016-12-02,Particulier,Enseignant,2255.21,24,A014,Oloron-Sainte-Marie,64400,emma.martin_1042@example.fr,Actif
1043,C001043,Clara,Leroy,2003-02-24,2025-01-15,Particulier,Artisan,4833.39,69,A021,Périgueux,24000,clara.leroy_1043@example.fr,Clos
1044,C001044,Mathis,André,1999-12-28,2021-04-16,Particulier,Cadre,3998.32,74,A007,Arcachon,33120,mathis.andré_1044@example.fr,Actif
1045,C001045,Enzo,André,1947-06-12,2022-12-28,Particulier,Sans emploi,5012.48,69,A013,Orthez,64300,enzo.andré_1045@example.fr,Actif
1046,C001046,Clara,Bonnet,1971-05-28,2016-02-23,Particulier,Employé,2681.41,85,A003,Mérignac,33700,clara.bonnet_1046@example.fr,Actif
1047,C001047,Océane,Lambert,1989-09-16,2018-08-04,Particulier,Étudiant,0.0,85,A018,Poitiers,86000,oceane.lambert_1047@example.fr,Actif
1048,C001048,Camille,Laurent,1971-03-26,2024-02-19,Particulier,Étudiant,1083.49,50,A013,Orthez,64300,camille.laurent_1048@example.fr,Actif
1049,C001049,Noah,Bonnet,1980-02-08,2023-10-03,Particulier,Étudiant,1458.67,75,A009,Pau,64000,noah.bonnet_1049@example.fr,Actif
1050,C001050,Camille,Michel,1977-04-28,2024-09-02,Particulier,Cadre,0.0,24,A008,Langon,33210,camille.michel_1050@example.fr,Actif
1051,C001051,Inès,Garcia,1963-08-06,2023-02-17,Particulier,Artisan,3857.49,41,A018,Poitiers,86000,ines.garcia_1051@example.fr,Actif
1052,C001052,Marie,Durand,1949-08-17,2016-04-24,Particulier,Sans emploi,1616.96,56,A008,Langon,33210,marie.durand_1052@example.fr,Actif
1053,C001053,Inès,Girard,1963-07-23,2015-12-05,Particulier,Étudiant,1037.49,53,A014,Oloron-Sainte-Marie,64400,ines.girard_1053@example.fr,Actif
1054,C001054,Paul,Lambert,1969-08-10,2024-05-05,Particulier,Employé,0.0,33,A022,Bergerac,24100,paul.lambert_1054@example.fr,Actif
1055,C001055,Mathis,Girard,1972-06-16,2021-02-28,Professionnel,Profession libérale,2972.0,58,A009,Pau,64000,mathis.girard_1055@example.fr,Actif
1056,C001056,Manon,Bernard,1987-07-16,2018-02-26,Professionnel,Enseignant,3361.7,46,A001,Bordeaux,33000,manon.bernard_1056@example.fr,Actif
1057,C001057,Mathis,Roux,1955-06-08,2026-06-22,Particulier,Cadre,3562.72,39,A014,Oloron-Sainte-Marie,64400,mathis.roux_1057@example.fr,Clos
1058,C001058,Lucas,Mercier,1962-11-26,2021-12-21,Particulier,Employé,3554.82,74,A018,Poitiers,86000,lucas.mercier_1058@example.fr,Actif
1059,C001059,Paul,Roux,1995-11-08,2022-12-04,Particulier,Cadre,380.18,54,A020,Brive-la-Gaillarde,19100,paul.roux_1059@example.fr,Actif
1060,C001060,Marie,Bertrand,1971-12-11,2016-03-22,Particulier,Cadre,2724.03,24,A013,Orthez,64300,marie.bertrand_1060@example.fr,Actif
1061,C001061,Clara,Bonnet,1957-11-17,2023-05-14,Particulier,Employé,5003.7,41,A020,Brive-la-Gaillarde,19100,clara.bonnet_1061@example.fr,Actif
1062,C001062,Lucas,Thomas,1951-02-24,2025-05-31,Particulier,Technicien,4233.88,55,A016,Rochefort,17300,lucas.thomas_1062@example.fr,Actif
1063,C001063,Julien,Robert,1982-09-17,2025-12-22,Particulier,Retraité,2601.52,68,A024,Mont-de-Marsan,40000,julien.robert_1063@example.fr,Inactif
1064,C001064,Emma,Thomas,1947-03-27,2025-09-11,Particulier,Commerçant,1735.83,42,A020,Brive-la-Gaillarde,19100,emma.thomas_1064@example.fr,Actif
1065,C001065,Nathan,Bernard,1947-04-26,2017-10-04,Professionnel,ÉTUDIANT,1188.9,69,A013,Orthez,64300,nathan.bernard_1065@example.fr,Actif
1066,C001066,Noah,Girard,1945-01-15,2017-07-21,Particulier,Employé,3178.71,74,A005,Talence,33400,noah.girard_1066@example.fr,Clos
1067,C001067,Océane,Martin,1987-01-22,2021-08-02,Particulier,Retraité,2403.35,39,A016,Rochefort,17300,oceane.martin_1067@example.fr,Actif
1068,C001068,Antoine,Michel,1968-08-08,2017-12-07,Particulier,Cadre,1271.95,33,A024,Mont-de-Marsan,40000,antoine.michel_1068@example.fr,Actif
1069,C001069,Hugo,Dubois,1996-12-04,2020-04-16,Particulier,Commerçant,791.1,74,A016,Rochefort,17300,hugo.dubois_1069@example.fr,Actif
1070,C001070,Lucas,Durand,1998-07-22,2019-11-09,Particulier,Employé,4518.68,72,A005,Talence,33400,lucas.durand_1070@example.fr,Actif
1071,C001071,Emma,Petit,1998-07-26,2017-07-11,Particulier,Cadre,3521.42,57,A001,Bordeaux,33000,emma.petit_1071@example.fr,Inactif
1072,C001072,Amélie,Dupont,1962-05-07,2025-06-26,Particulier,Artisan,3156.15,42,A014,Oloron-Sainte-Marie,64400,amelie.dupont_1072@example.fr,Inactif
1073,C001073,Mathis,Thomas,1949-05-21,2016-03-28,Professionnel,Commerçant,7846.8,56,A022,Bergerac,24100,mathis.thomas_1073@example.fr,Inactif
1074,C001074,Julien,Laurent,1952-03-25,2022-05-19,Professionnel,Cadre,5160.13,25,A023,Agen,47000,julien.laurent_1074@example.fr,Actif
1075,C001075,Thomas,Laurent,1997-05-09,2020-01-06,Particulier,Employé,847.87,95,A015,La Rochelle,17000,thomas.laurent_1075@example.fr,Actif
1076,C001076,Élodie,Vincent,1973-12-20,2017-07-19,Particulier,Étudiant,1118.6,73,A022,Bergerac,24100,elodie.vincent_1076@example.fr,Actif
1077,C001077,Zoé,David,1974-05-16,2018-09-06,Particulier,Technicien,426.43,72,A013,Orthez,64300,zoe.david_1077@example.fr,Clos
1078,C001078,Emma,Bonnet,1956-08-25,2020-03-03,Particulier,Technicien,2857.57,84,A016,Rochefort,17300,emma.bonnet_1078@example.fr,Inactif
1079,C001079,Inès,Legrand,1979-09-21,2026-06-23,Particulier,Cadre,5044.17,48,A015,La Rochelle,17000,ines.legrand_1079@example.fr,Actif
1080,C001080,Marie,Garcia,1949-12-03,2024-08-23,Particulier,Enseignant,3408.44,63,A003,Mérignac,33700,marie.garcia_1080@example.fr,Actif
1081,C001081,Antoine,François,1952-06-13,2025-04-02,Particulier,Cadre,5343.65,36,A004,Pessac,33600,antoine.françois_1081@example.fr,Actif
1082,C001082,Noah,Durand,1963-06-26,2025-08-21,Particulier,Artisan,1056.66,41,A017,Niort,79000,noah.durand_1082@example.fr,Actif
1083,C001083,Chloé,François,2001-05-04,2021-01-02,Particulier,Profession libérale,2790.8,46,A014,Oloron-Sainte-Marie,64400,chloe.françois_1083@example.fr,Actif
1084,C001084,Amélie,Leroy,1950-02-06,2020-10-08,Particulier,Profession libérale,2029.21,48,A023,Agen,47000,amelie.leroy_1084@example.fr,Actif
1085,C001085,Emma,Bonnet,1994-06-25,2019-12-09,Particulier,Étudiant,813.63,57,A017,Niort,79000,emma.bonnet_1085@example.fr,Actif
1086,C001086,Gabriel,Thomas,1956-07-10,2020-05-14,Particulier,Commerçant,4236.89,59,A011,Biarritz,64200,gabriel.thomas_1086@example.fr,Actif
1087,C001087,Julien,Martinez,1963-02-04,2015-11-29,Particulier,Cadre,1345.01,49,A003,Mérignac,33700,julien.martinez_1087@example.fr,Actif
1088,C001088,Sarah,Bertrand,1971-01-25,2019-05-04,Particulier,Retraité,2609.49,56,A025,Dax,40100,sarah.bertrand_1088@example.fr,Actif
1089,C001089,Marie,Richard,1984-05-23,2026-05-03,Particulier,RETRAITÉ,3024.76,58,A007,Arcachon,33120,marie.richard_1089@example.fr,Actif
1090,C001090,Emma,André,1994-07-04,2022-12-12,Particulier,Employé,2890.74,61,A009,Pau,64000,emma.andré_1090@example.fr,Actif
1091,C001091,Inès,Legrand,1987-01-06,2020-01-24,Particulier,Employé,4145.79,69,A011,Biarritz,64200,ines.legrand_1091@example.fr,Actif
1092,C001092,Sarah,Petit,1965-02-09,2019-11-09,Particulier,Cadre,3694.06,51,A022,Bergerac,24100,sarah.petit_1092@example.fr,Actif
1093,C001093,Julien,Simon,1962-06-21,2022-04-13,Particulier,Artisan,4222.09,18,A016,Rochefort,17300,julien.simon_1093@example.fr,Actif
1094,C001094,Clara,Richard,1974-04-20,2025-11-15,Particulier,Étudiant,376.97,64,A002,Bordeaux,33300,clara.richard_1094@example.fr,Actif
1095,C001095,Alexandre,David,2003-10-03,2023-12-02,Particulier,Employé,3155.53,71,A018,Poitiers,86000,alexandre.david_1095@example.fr,Actif
1096,C001096,Inès,Vincent,1981-08-14,2026-05-18,Particulier,Étudiant,875.89,61,A002,Bordeaux,33300,ines.vincent_1096@example.fr,Actif
1097,C001097,Léa,Lefebvre,1952-07-29,2024-11-04,Particulier,Étudiant,1620.36,24,A003,Mérignac,33700,lea.lefebvre_1097@example.fr,Inactif
1098,C001098,Manon,Robert,1961-11-22,2020-04-07,Association,Artisan,2855.11,44,A013,Orthez,64300,manon.robert_1098@example.fr,Actif
1099,C001099,Paul,Mercier,1950-03-03,2025-10-24,Particulier,Étudiant,1743.37,52,A006,Libourne,33500,paul.mercier_1099@example.fr,Actif
1100,C001100,Océane,Legrand,1984-02-20,2024-06-17,Particulier,Employé,874.39,43,A017,Niort,79000,oceane.legrand_1100@example.fr,Actif
1101,C001101,Chloé,Roux,1984-04-06,2021-08-11,Particulier,Profession libérale,2879.2,28,A021,Périgueux,24000,chloe.roux_1101@example.fr,Actif
1102,C001102,Inès,Bertrand,1958-07-31,2016-02-03,Particulier,Retraité,2556.75,42,A013,Orthez,64300,ines.bertrand_1102@example.fr,Actif
1103,C001103,Enzo,André,1999-11-26,2025-09-24,Particulier,Employé,3805.82,76,A019,Limoges,87000,enzo.andré_1103@example.fr,Actif
1104,C001104,Alexandre,Bernard,1995-02-04,2017-04-26,Particulier,Commerçant,3096.21,55,A025,Dax,40100,alexandre.bernard_1104@example.fr,Actif
1105,C001105,Paul,François,1974-05-14,2020-07-07,Particulier,Employé,1168.97,45,A009,Pau,64000,paul.françois_1105@example.fr,Actif
1106,C001106,Camille,Bernard,1949-07-09,2016-02-03,Particulier,Profession libérale,3830.0,82,A009,Pau,64000,camille.bernard_1106@example.fr,Actif
1107,C001107,Sarah,Durand,1956-07-27,2022-09-18,Particulier,Profession libérale,494.61,52,A016,Rochefort,17300,sarah.durand_1107@example.fr,Actif
1108,C001108,Camille,Girard,1994-06-17,2018-04-09,Particulier,Employé,3242.3,80,A009,Pau,64000,camille.girard_1108@example.fr,Inactif
1109,C001109,Nathan,Legrand,2002-06-29,2025-12-02,Particulier,Commerçant,1171.24,20,A015,La Rochelle,17000,nathan.legrand_1109@example.fr,Actif
1110,C001110,Lucas,Bonnet,1970-01-20,2016-01-20,Particulier,Artisan,5259.09,61,A012,Anglet,64600,lucas.bonnet_1110@example.fr,Actif
1111,C001111,Zoé,Mercier,1990-11-19,2021-07-19,Particulier,Artisan,2494.24,77,A012,Anglet,64600,zoe.mercier_1111@example.fr,Actif
1112,C001112,Élodie,Legrand,1998-05-16,2018-11-02,Particulier,Employé,1568.18,65,A007,Arcachon,33120,elodie.legrand_1112@example.fr,Actif
1113,C001113,Lucas,Mercier,1986-10-18,2021-02-05,Association,Retraité,2346.79,95,A003,Mérignac,33700,lucas.mercier_1113@example.fr,Actif
1114,C001114,Inès,Simon,1962-12-15,2025-06-02,Association,Employé,4927.97,75,A017,Niort,79000,ines.simon_1114@example.fr,Actif
1115,C001115,Emma,Garcia,2002-04-19,2017-03-14,Professionnel,Étudiant,1146.08,61,A004,Pessac,33600,emma.garcia_1115@example.fr,Actif
1116,C001116,Lucas,Thomas,1953-07-28,2024-11-18,Particulier,Employé,2978.7,67,A020,Brive-la-Gaillarde,19100,lucas.thomas_1116@example.fr,Actif
1117,C001117,Manon,Bertrand,1961-06-23,2019-06-20,Particulier,Enseignant,3933.92,54,A018,Poitiers,86000,manon.bertrand_1117@example.fr,Actif
1118,C001118,Gabriel,Garcia,1995-06-28,2016-05-24,Particulier,Artisan,2019.11,72,A024,Mont-de-Marsan,40000,gabriel.garcia_1118@example.fr,Actif
1119,C001119,Emma,André,1994-11-24,2016-12-17,Particulier,Cadre,3649.79,31,A004,Pessac,33600,emma.andré_1119@example.fr,Actif
1120,C001120,Clara,Simon,2001-10-17,2016-03-10,Particulier,Employé,1363.43,72,A018,Poitiers,86000,clara.simon_1120@example.fr,Actif
1121,C001121,Léa,Lefebvre,1978-06-08,2017-06-19,Particulier,Profession libérale,0.0,63,A025,Dax,40100,lea.lefebvre_1121@example.fr,Actif
1122,C001122,Hugo,André,1999-08-23,2021-06-02,Particulier,Profession libérale,215.76,50,A007,Arcachon,33120,hugo.andré_1122@example.fr,Actif
1123,C001123,Camille,Morel,1975-05-29,2024-12-16,Particulier,Employé,274.74,45,A025,Dax,40100,camille.morel_1123@example.fr,Inactif
1124,C001124,Antoine,Dupont,1960-12-16,2023-11-22,Professionnel,Employé,3660.53,43,A004,Pessac,33600,antoine.dupont_1124@example.fr,Actif
1125,C001125,Inès,Moreau,1995-04-23,2021-01-04,Professionnel,Profession libérale,1906.36,88,A022,Bergerac,24100,ines.moreau_1125@example.fr,Actif
1126,C001126,Manon,Bernard,1957-07-07,2023-09-06,Particulier,Commerçant,1779.37,32,A002,Bordeaux,33300,manon.bernard_1126@example.fr,Actif
1127,C001127,Nathan,Dupont,1982-04-26,2024-11-26,Professionnel,Retraité,1584.88,32,A003,Mérignac,33700,nathan.dupont_1127@example.fr,Actif
1128,C001128,Alexandre,Girard,1955-11-09,2024-03-27,Particulier,Technicien,4298.06,77,A022,Bergerac,24100,alexandre.girard_1128@example.fr,Actif
1129,C001129,Hugo,André,1971-04-03,2018-02-27,Particulier,Cadre,2371.64,28,A010,Bayonne,64100,hugo.andré_1129@example.fr,Clos
1130,C001130,Hugo,Mercier,1968-09-08,2025-02-17,Professionnel,Étudiant,543.16,25,A014,Oloron-Sainte-Marie,64400,hugo.mercier_1130@example.fr,Actif
1131,C001131,Zoé,Lambert,1992-06-28,2019-08-07,Particulier,Enseignant,3549.59,41,A003,Mérignac,33700,zoe.lambert_1131@example.fr,Actif
1132,C001132,Élodie,Martin,1945-06-25,2017-01-14,Particulier,Agriculteur,196.94,23,A017,Niort,79000,elodie.martin_1132@example.fr,Actif
1133,C001133,Léa,André,1981-09-25,2015-08-04,Professionnel,Employé,4222.61,68,A001,Bordeaux,33000,lea.andré_1133@example.fr,Actif
1134,C001134,Enzo,Dubois,1962-12-26,2021-06-12,Professionnel,Commerçant,1677.69,48,A008,Langon,33210,enzo.dubois_1134@example.fr,Actif
1135,C001135,Gabriel,Robert,1999-02-20,2018-08-04,Particulier,Employé,3697.39,59,A018,Poitiers,86000,gabriel.robert_1135@example.fr,Actif
1136,C001136,Nathan,Durand,1962-01-13,2026-05-04,Particulier,Artisan,4309.15,61,A022,Bergerac,24100,nathan.durand_1136@example.fr,Actif
1137,C001137,Paul,André,1978-01-22,2023-07-26,Particulier,Commerçant,2243.91,86,A024,Mont-de-Marsan,40000,paul.andré_1137@example.fr,Actif
1138,C001138,Chloé,Richard,1998-09-20,2017-12-23,Particulier,Retraité,1454.74,61,A023,Agen,47000,chloe.richard_1138@example.fr,Actif
1139,C001139,Julien,Bonnet,1971-12-30,2019-02-23,Particulier,Enseignant,3647.12,34,A001,Bordeaux,33000,julien.bonnet_1139@example.fr,Actif
1140,C001140,Lucas,Girard,1992-09-14,2025-01-17,Particulier,Enseignant,2498.55,14,A011,Biarritz,64200,lucas.girard_1140@example.fr,Actif
1141,C001141,Amélie,Legrand,1955-10-29,2025-05-05,Particulier,Profession libérale,3511.95,5,A016,Rochefort,17300,amelie.legrand_1141@example.fr,Actif
1142,C001142,Camille,Richard,2002-02-01,2016-06-17,Particulier,Technicien,2114.45,79,A004,Pessac,33600,camille.richard_1142@example.fr,Actif
1143,C001143,Nathan,Legrand,1981-07-12,2016-09-20,Particulier,Artisan,2451.56,39,A018,Poitiers,86000,nathan.legrand_1143@example.fr,Actif
1144,C001144,Julien,Dupont,1993-07-22,2015-10-28,Particulier,Enseignant,2111.94,27,A014,Oloron-Sainte-Marie,64400,julien.dupont_1144@example.fr,Inactif
1145,C001145,Julien,Bonnet,1964-10-07,2024-07-21,Particulier,Employé,2051.32,86,A012,Anglet,64600,julien.bonnet_1145@example.fr,Actif
1146,C001146,Océane,Bertrand,1969-12-19,2024-10-11,Particulier,Cadre,5724.74,80,A021,Périgueux,24000,oceane.bertrand_1146@example.fr,Actif
1147,C001147,Zoé,Legrand,1999-11-11,2019-03-18,Particulier,Cadre,1162.57,21,A017,Niort,79000,zoe.legrand_1147@example.fr,Actif
1148,C001148,Alexandre,Laurent,1965-10-27,2016-11-07,Particulier,Enseignant,4785.78,18,A022,Bergerac,24100,alexandre.laurent_1148@example.fr,Actif
1149,C001149,Nathan,Petit,1987-04-20,2022-02-03,Particulier,Retraité,1935.2,62,A020,Brive-la-Gaillarde,19100,nathan.petit_1149@example.fr,Actif
1150,C001150,Océane,Dubois,1946-10-05,2016-01-14,Particulier,Retraité,3289.67,36,A021,Périgueux,24000,oceane.dubois_1150@example.fr,Actif
1151,C001151,Gabriel,Bertrand,1949-01-11,2024-12-01,Particulier,Cadre,3746.82,50,A011,Biarritz,64200,gabriel.bertrand_1151@example.fr,Actif
1152,C001152,Enzo,Robert,1962-08-15,2016-06-11,Particulier,Cadre,6374.12,52,A017,Niort,79000,enzo.robert_1152@example.fr,Actif
1153,C001153,Noah,Moreau,1995-08-26,2022-09-19,Particulier,Profession libérale,0.0,84,A014,Oloron-Sainte-Marie,64400,noah.moreau_1153@example.fr,Actif
1154,C001154,Lucas,Lefebvre,1952-02-18,2017-11-26,Particulier,Sans emploi,1939.48,41,A007,Arcachon,33120,lucas.lefebvre_1154@example.fr,Actif
1155,C001155,Lucas,Fournier,1973-12-10,2018-07-05,Particulier,Agriculteur,2665.59,52,A002,Bordeaux,33300,lucas.fournier_1155@example.fr,Actif
1156,C001156,Chloé,Petit,1981-09-18,2024-09-25,Particulier,Artisan,2853.82,70,A021,Périgueux,24000,chloe.petit_1156@example.fr,Actif
1157,C001157,Mathis,Dubois,1985-07-19,2023-03-06,Professionnel,Étudiant,493.47,55,A017,Niort,79000,mathis.dubois_1157@example.fr,Actif
1158,C001158,Lucas,Girard,1985-05-22,2017-06-14,Particulier,Commerçant,3066.49,41,A014,Oloron-Sainte-Marie,64400,lucas.girard_1158@example.fr,Actif
1159,C001159,Paul,Legrand,1949-09-13,2017-02-08,Particulier,Retraité,2455.64,36,A020,Brive-la-Gaillarde,19100,paul.legrand_1159@example.fr,Actif
1160,C001160,Jade,Thomas,1962-02-28,2016-04-22,Particulier,Enseignant,1788.44,58,A021,Périgueux,24000,jade.thomas_1160@example.fr,Actif
1161,C001161,Chloé,Lefebvre,2004-11-16,2015-03-13,Particulier,Employé,2850.07,21,A006,Libourne,33500,chloe.lefebvre_1161@example.fr,Actif
1162,C001162,Inès,Dubois,1976-03-15,2017-10-07,Particulier,Artisan,3687.82,62,A023,Agen,47000,ines.dubois_1162@example.fr,Actif
1163,C001163,Marie,Durand,1987-10-13,2016-07-25,Particulier,Commerçant,0.0,46,A021,Périgueux,24000,marie.durand_1163@example.fr,Actif
1164,C001164,Noah,Legrand,1947-05-22,2026-02-13,Particulier,Technicien,4417.11,60,A015,La Rochelle,17000,noah.legrand_1164@example.fr,Actif
1165,C001165,Paul,Richard,1950-11-18,2018-04-27,Professionnel,Employé,4549.52,69,A002,Bordeaux,33300,paul.richard_1165@example.fr,Clos
1166,C001166,Léa,Dubois,1950-12-10,2016-11-16,Particulier,Technicien,2061.4,46,A001,Bordeaux,33000,lea.dubois_1166@example.fr,Actif
1167,C001167,Amélie,Lambert,1984-05-17,2018-03-27,Particulier,Retraité,3169.94,60,A011,Biarritz,64200,amelie.lambert_1167@example.fr,Actif
1168,C001168,Gabriel,Bonnet,1954-04-14,2019-09-09,Particulier,Sans emploi,993.57,56,A014,Oloron-Sainte-Marie,64400,gabriel.bonnet_1168@example.fr,Actif
1169,C001169,Élodie,Dubois,1975-04-01,2017-07-23,Particulier,Enseignant,1681.51,70,A020,Brive-la-Gaillarde,19100,elodie.dubois_1169@example.fr,Actif
1170,C001170,Emma,Simon,1976-10-12,2020-05-03,particulier,Retraité,3260.02,74,A003,Mérignac,33700,emma.simon_1170@example.fr,Actif
1171,C001171,Clara,Dupont,1955-02-17,2022-12-04,Particulier,Technicien,1839.55,47,A019,Limoges,87000,clara.dupont_1171@example.fr,Actif
1172,C001172,Marie,Richard,1954-06-19,2018-09-28,Particulier,Retraité,2470.85,54,A015,La Rochelle,17000,marie.richard_1172@example.fr,Clos
1173,C001173,Julien,André,1967-05-15,2016-05-21,Particulier,Agriculteur,4832.75,31,A013,Orthez,64300,julien.andré_1173@example.fr,Inactif
1174,C001174,Élodie,Robert,1981-03-21,2021-10-12,Particulier,Cadre,1436.2,52,A010,Bayonne,64100,elodie.robert_1174@example.fr,Actif
1175,C001175,Chloé,Simon,1957-12-29,2020-04-19,Particulier,Employé,2983.32,67,A013,Orthez,64300,chloe.simon_1175@example.fr,Actif
1176,C001176,Enzo,Bertrand,1966-12-23,2015-09-20,Particulier,Employé,3216.36,43,A004,Pessac,33600,enzo.bertrand_1176@example.fr,Actif
1177,C001177,Enzo,Laurent,1988-09-06,2025-08-26,Particulier,Technicien,5475.99,17,A012,Anglet,64600,enzo.laurent_1177@example.fr,Actif
1178,C001178,Chloé,Dupont,2004-01-22,2016-06-03,Professionnel,Agriculteur,3580.89,83,A003,Mérignac,33700,chloe.dupont_1178@example.fr,Inactif
1179,C001179,Antoine,Bernard,2003-12-08,2015-01-28,Particulier,Employé,3464.61,53,A024,Mont-de-Marsan,40000,antoine.bernard_1179@example.fr,Actif
1180,C001180,Léa,Legrand,1965-05-19,2024-07-03,Particulier,Employé,2552.8,45,A021,Périgueux,24000,lea.legrand_1180@example.fr,Actif
1181,C001181,Lucas,David,1987-05-09,2020-08-21,Particulier,Enseignant,5086.18,53,A009,Pau,64000,lucas.david_1181@example.fr,Actif
1182,C001182,Hugo,Bonnet,1999-08-14,2018-07-20,Particulier,Artisan,3326.78,48,A010,Bayonne,64100,hugo.bonnet_1182@example.fr,Actif
1183,C001183,Gabriel,Mercier,1994-08-20,2021-05-01,Particulier,Agriculteur,3207.25,65,A004,Pessac,33600,gabriel.mercier_1183@example.fr,Actif
1184,C001184,Clara,André,1957-11-30,2017-07-24,Particulier,Enseignant,0.0,43,A018,Poitiers,86000,clara.andré_1184@example.fr,Actif
1185,C001185,Élodie,Simon,2000-05-23,2025-12-06,Particulier,Cadre,2947.14,59,A012,Anglet,64600,elodie.simon_1185@example.fr,Clos
1186,C001186,Thomas,Mercier,1988-03-21,2025-04-24,Professionnel,Étudiant,864.38,70,A021,Périgueux,24000,thomas.mercier_1186@example.fr,Actif
1187,C001187,Alexandre,Richard,1979-07-28,2022-06-15,Particulier,Étudiant,75.51,52,A017,Niort,79000,alexandre.richard_1187@example.fr,Actif
1188,C001188,Alexandre,Laurent,1957-08-06,2025-07-13,Particulier,Technicien,3779.17,52,A018,Poitiers,86000,alexandre.laurent_1188@example.fr,Actif
1189,C001189,Enzo,François,1953-08-02,2022-02-14,Particulier,Enseignant,1964.95,46,A018,Poitiers,86000,enzo.françois_1189@example.fr,Actif
1190,C001190,Hugo,François,1978-02-01,2017-07-29,Particulier,Employé,883.47,31,A014,Oloron-Sainte-Marie,64400,hugo.françois_1190@example.fr,Actif
1191,C001191,Chloé,Richard,1945-01-16,2022-01-08,Professionnel,Employé,5930.81,30,A010,Bayonne,64100,chloe.richard_1191@example.fr,Actif
1192,C001192,Amélie,Simon,1949-08-15,2022-08-15,Particulier,Retraité,2054.15,52,A006,Libourne,33500,amelie.simon_1192@example.fr,Actif
1193,C001193,Amélie,Vincent,1974-03-06,2015-07-21,Particulier,Employé,773.16,48,A018,Poitiers,86000,amelie.vincent_1193@example.fr,Actif
1194,C001194,Enzo,Lambert,1971-02-01,2015-09-02,Professionnel,Technicien,5383.23,60,A005,Talence,33400,enzo.lambert_1194@example.fr,Actif
1195,C001195,Camille,Vincent,1970-03-18,2026-03-10,Particulier,Étudiant,0.0,42,A023,Agen,47000,camille.vincent_1195@example.fr,Actif
1196,C001196,Enzo,Martin,1984-06-26,2018-10-07,Particulier,Retraité,2431.11,24,A021,Périgueux,24000,enzo.martin_1196@example.fr,Actif
1197,C001197,Gabriel,Morel,1960-02-27,2022-12-21,Particulier,Enseignant,4522.85,25,A006,Libourne,33500,gabriel.morel_1197@example.fr,Actif
1198,C001198,Jade,Martin,1978-05-11,2024-11-22,Particulier,Employé,4532.06,64,A015,La Rochelle,17000,jade.martin_1198@example.fr,Actif
1199,C001199,Noah,Moreau,1966-07-07,2018-11-17,Particulier,Profession libérale,936.5,46,A009,Pau,64000,noah.moreau_1199@example.fr,Actif
1200,C001200,Mathis,Robert,1971-01-23,2025-11-15,Particulier,Enseignant,63.85,71,A003,Mérignac,33700,mathis.robert_1200@example.fr,Actif
1201,C001201,Léa,Lambert,1966-06-25,2025-01-23,Particulier,Technicien,3953.45,64,A013,Orthez,64300,lea.lambert_1201@example.fr,Actif
1202,C001202,Enzo,Bertrand,1998-01-14,2025-07-15,Particulier,Enseignant,606.66,57,A020,Brive-la-Gaillarde,19100,enzo.bertrand_1202@example.fr,Actif
1203,C001203,Léa,Dubois,1972-05-07,2020-03-22,Professionnel,Commerçant,5736.74,26,A015,La Rochelle,17000,lea.dubois_1203@example.fr,Actif
1204,C001204,Emma,Morel,2002-11-04,2022-08-25,Particulier,Étudiant,105.93,66,A024,Mont-de-Marsan,40000,emma.morel_1204@example.fr,Actif
1205,C001205,Mathis,Dupont,1960-02-12,2019-06-01,Particulier,Retraité,1518.79,22,A020,Brive-la-Gaillarde,19100,mathis.dupont_1205@example.fr,Actif
1206,C001206,Hugo,David,1959-07-23,2015-05-22,Particulier,Employé,1858.12,61,A016,Rochefort,17300,hugo.david_1206@example.fr,Actif
1207,C001207,Élodie,Vincent,1969-10-05,2023-07-16,Professionnel,Retraité,2171.82,63,A009,Pau,64000,elodie.vincent_1207@example.fr,Actif
1208,C001208,Nathan,Legrand,1957-06-14,2025-09-09,Professionnel,Artisan,2238.86,45,A021,Périgueux,24000,nathan.legrand_1208@example.fr,Actif
1209,C001209,Antoine,Roux,1991-03-31,2024-03-10,Particulier,Profession libérale,960.36,77,A004,Pessac,33600,antoine.roux_1209@example.fr,Actif
1210,C001210,Mathis,Legrand,1984-10-04,2019-07-23,Particulier,Cadre,2405.1,66,A025,Dax,40100,mathis.legrand_1210@example.fr,Actif
1211,C001211,Jade,Martinez,1946-07-27,2016-01-22,Particulier,Technicien,4405.32,38,A016,Rochefort,17300,jade.martinez_1211@example.fr,Actif
1212,C001212,Nathan,Michel,1946-01-14,2023-12-08,Particulier,Employé,2516.84,69,A002,Bordeaux,33300,nathan.michel_1212@example.fr,Actif
1213,C001213,Antoine,Martinez,1977-11-10,2015-01-05,Particulier,Employé,4795.8,30,A010,Bayonne,64100,antoine.martinez_1213@example.fr,Actif
1214,C001214,Antoine,Bernard,1972-09-18,2017-09-05,Professionnel,Enseignant,5890.1,85,A018,Poitiers,86000,antoine.bernard_1214@example.fr,Actif
1215,C001215,Mathis,Legrand,1963-10-28,2021-09-26,Particulier,Profession libérale,369.48,42,A020,Brive-la-Gaillarde,19100,mathis.legrand_1215@example.fr,Actif
1216,C001216,Lucas,Thomas,1955-08-02,2018-05-04,Particulier,Employé,3391.77,57,A024,Mont-de-Marsan,40000,lucas.thomas_1216@example.fr,Actif
1217,C001217,Emma,Dupont,1961-02-13,2026-04-12,Particulier,Enseignant,1801.99,87,A013,Orthez,64300,emma.dupont_1217@example.fr,Actif
1218,C001218,Gabriel,Girard,1963-01-14,2024-10-30,Particulier,Cadre,1153.12,33,A024,Mont-de-Marsan,40000,gabriel.girard_1218@example.fr,Clos
1219,C001219,Clara,Lambert,1977-01-04,2020-12-03,Professionnel,Agriculteur,6012.39,61,A023,Agen,47000,clara.lambert_1219@example.fr,Actif
1220,C001220,Emma,Bonnet,1965-04-26,2018-06-06,Particulier,Enseignant,4571.0,32,A003,Mérignac,33700,emma.bonnet_1220@example.fr,Actif
1221,C001221,Alexandre,Garcia,1954-07-01,2026-06-01,Particulier,Commerçant,2322.47,67,A011,Biarritz,64200,alexandre.garcia_1221@example.fr,Actif
1222,C001222,Mathis,Martin,1992-01-12,2021-09-27,Particulier,Agriculteur,3976.99,78,A003,Mérignac,33700,mathis.martin_1222@example.fr,Actif
1223,C001223,Enzo,Richard,1946-09-08,2020-08-14,Particulier,Artisan,3754.54,54,A018,Poitiers,86000,enzo.richard_1223@example.fr,Actif
1224,C001224,Manon,Simon,1987-09-09,2020-05-25,Particulier,Technicien,2631.69,49,A007,Arcachon,33120,manon.simon_1224@example.fr,Actif
1225,C001225,Julien,Dubois,1990-08-23,2018-11-19,Professionnel,Profession libérale,4840.27,57,A017,Niort,79000,julien.dubois_1225@example.fr,Inactif
1226,C001226,Antoine,Roux,1998-01-06,2016-09-27,Professionnel,Commerçant,3480.72,49,A001,Bordeaux,33000,antoine.roux_1226@example.fr,Actif
1227,C001227,Océane,Bertrand,1976-08-22,2024-06-16,Particulier,Retraité,2551.26,64,A018,Poitiers,86000,oceane.bertrand_1227@example.fr,Actif
1228,C001228,Clara,Fournier,1994-12-23,2022-03-10,Particulier,Étudiant,455.37,74,A008,Langon,33210,clara.fournier_1228@example.fr,Actif
1229,C001229,Jade,Leroy,1986-11-03,2016-04-27,Particulier,Artisan,3042.58,60,A013,Orthez,64300,jade.leroy_1229@example.fr,Actif
1230,C001230,Emma,Mercier,1950-08-31,2015-12-31,Particulier,Enseignant,3115.69,52,A011,Biarritz,64200,emma.mercier_1230@example.fr,Actif
1231,C001231,Manon,Garcia,1976-03-05,2020-01-01,Particulier,Enseignant,4624.64,46,A012,Anglet,64600,manon.garcia_1231@example.fr,Actif
1232,C001232,Jade,Lambert,1971-02-27,2019-06-07,Particulier,Employé,3891.18,67,A015,La Rochelle,17000,jade.lambert_1232@example.fr,Inactif
1233,C001233,Antoine,Garcia,1961-08-16,2025-10-04,Particulier,Employé,5189.45,34,A002,Bordeaux,33300,antoine.garcia_1233@example.fr,Inactif
1234,C001234,Emma,Simon,1989-03-12,2024-07-10,Professionnel,Commerçant,4823.25,75,A018,Poitiers,86000,emma.simon_1234@example.fr,Actif
1235,C001235,Enzo,François,1967-06-26,2023-07-02,Particulier,Technicien,2176.65,58,A004,Pessac,33600,enzo.françois_1235@example.fr,Actif
1236,C001236,Élodie,Thomas,2003-10-12,2015-08-25,Professionnel,Employé,6308.55,43,A004,Pessac,33600,elodie.thomas_1236@example.fr,Actif
1237,C001237,Emma,François,1993-04-04,2020-09-29,Particulier,Retraité,1677.76,39,A017,Niort,79000,emma.françois_1237@example.fr,Actif
1238,C001238,Marie,André,1992-07-07,2019-05-26,Particulier,Employé,2941.2,32,A019,Limoges,87000,marie.andré_1238@example.fr,Actif
1239,C001239,Emma,Robert,1960-10-03,2019-01-15,Particulier,Employé,1771.84,69,A025,Dax,40100,emma.robert_1239@example.fr,Actif
1240,C001240,Camille,Vincent,1956-08-10,2021-06-25,Particulier,Retraité,2178.7,26,A020,Brive-la-Gaillarde,19100,camille.vincent_1240@example.fr,Actif
1241,C001241,Océane,Laurent,1951-07-12,2019-12-18,Particulier,Employé,2898.13,28,A025,Dax,40100,oceane.laurent_1241@example.fr,Actif
1242,C001242,Emma,Bertrand,1945-01-02,2017-12-06,Particulier,Étudiant,736.65,52,A013,Orthez,64300,emma.bertrand_1242@example.fr,Actif
1243,C001243,Clara,Petit,1966-08-05,2022-09-05,Particulier,Enseignant,5522.19,45,A022,Bergerac,24100,clara.petit_1243@example.fr,Actif
1244,C001244,Enzo,Martin,1963-10-18,2021-02-10,Professionnel,Artisan,6246.54,40,A024,Mont-de-Marsan,40000,enzo.martin_1244@example.fr,Actif
1245,C001245,Hugo,Durand,1951-02-09,2020-01-13,Professionnel,Employé,7389.44,32,A023,Agen,47000,hugo.durand_1245@example.fr,Actif
1246,C001246,Noah,Martinez,1986-12-29,2023-01-15,Particulier,Enseignant,2633.68,72,A010,Bayonne,64100,noah.martinez_1246@example.fr,Actif
1247,C001247,Manon,Dubois,1986-04-12,2021-04-22,Particulier,Artisan,3214.76,64,A021,Périgueux,24000,manon.dubois_1247@example.fr,Actif
1248,C001248,Sarah,Michel,1969-04-01,2025-02-21,Particulier,Enseignant,0.0,81,A016,Rochefort,17300,sarah.michel_1248@example.fr,Actif
1249,C001249,Paul,Martinez,1959-06-29,2022-11-10,Particulier,Retraité,2337.31,64,A010,Bayonne,64100,paul.martinez_1249@example.fr,Actif
1250,C001250,Amélie,Simon,1993-03-11,2022-08-19,Professionnel,Employé,7518.7,43,A023,Agen,47000,amelie.simon_1250@example.fr,Actif
1251,C001251,Gabriel,Lambert,1958-11-02,2021-03-30,Particulier,Cadre,2947.43,66,A005,Talence,33400,gabriel.lambert_1251@example.fr,Actif
1252,C001252,Alexandre,Laurent,1966-06-26,2017-09-16,Particulier,Enseignant,0.0,72,A007,Arcachon,33120,alexandre.laurent_1252@example.fr,Actif
1253,C001253,Amélie,Morel,1967-07-21,2020-05-27,Particulier,Employé,4383.57,93,A025,Dax,40100,amelie.morel_1253@example.fr,Actif
1254,C001254,Manon,Morel,1946-03-22,2021-09-05,Particulier,Artisan,1101.92,47,A024,Mont-de-Marsan,40000,manon.morel_1254@example.fr,Actif
1255,C001255,Antoine,Martin,1991-01-01,2015-09-26,Particulier,Retraité,1307.87,95,A022,Bergerac,24100,antoine.martin_1255@example.fr,Actif
1256,C001256,Camille,Martin,1983-04-23,2015-05-23,Particulier,Retraité,1771.61,83,A019,Limoges,87000,camille.martin_1256@example.fr,Actif
1257,C001257,Zoé,Leroy,2002-05-07,2015-07-31,Professionnel,Cadre,7035.39,70,A001,Bordeaux,33000,zoe.leroy_1257@example.fr,Actif
1258,C001258,Emma,Richard,1948-11-20,2024-06-23,Particulier,Retraité,2855.91,45,A015,La Rochelle,17000,emma.richard_1258@example.fr,Actif
1259,C001259,Clara,Martin,1996-11-07,2025-03-08,Particulier,Enseignant,2682.29,14,A013,Orthez,64300,clara.martin_1259@example.fr,Inactif
1260,C001260,Gabriel,Girard,1973-07-07,2025-10-22,Professionnel,Employé,7050.24,74,A015,La Rochelle,17000,gabriel.girard_1260@example.fr,Actif
1261,C001261,Mathis,Durand,1968-07-16,2020-02-26,Particulier,Étudiant,1300.04,60,A014,Oloron-Sainte-Marie,64400,mathis.durand_1261@example.fr,Actif
1262,C001262,Nathan,Bertrand,1995-03-28,2023-11-15,Professionnel,Employé,10084.28,78,A017,Niort,79000,nathan.bertrand_1262@example.fr,Actif
1263,C001263,Mathis,Fournier,1986-10-03,2022-03-24,Particulier,Employé,6962.15,40,A006,Libourne,33500,mathis.fournier_1263@example.fr,Actif
1264,C001264,Lucas,Lefebvre,1986-11-08,2024-02-12,Professionnel,Commerçant,5846.89,47,A025,Dax,40100,lucas.lefebvre_1264@example.fr,Clos
1265,C001265,Paul,Girard,1956-09-18,2026-02-18,Particulier,Enseignant,1619.85,38,A016,Rochefort,17300,paul.girard_1265@example.fr,Actif
1266,C001266,Océane,Moreau,1973-06-13,2023-01-25,Particulier,Employé,3807.06,41,A003,Mérignac,33700,oceane.moreau_1266@example.fr,Actif
1267,C001267,Clara,Robert,1978-02-21,2017-03-14,Particulier,Sans emploi,4478.45,50,A024,Mont-de-Marsan,40000,clara.robert_1267@example.fr,Actif
1268,C001268,Thomas,Leroy,2003-04-12,2016-04-25,Professionnel,Profession libérale,4670.26,73,A020,Brive-la-Gaillarde,19100,thomas.leroy_1268@example.fr,Actif
1269,C001269,Paul,André,1995-08-21,2026-04-23,Professionnel,Profession libérale,3988.07,54,A018,Poitiers,86000,paul.andré_1269@example.fr,Actif
1270,C001270,Noah,Martinez,1967-12-07,2022-08-25,Particulier,Enseignant,1186.97,81,A011,Biarritz,64200,noah.martinez_1270@example.fr,Actif
1271,C001271,Julien,François,1968-09-15,2015-03-29,Particulier,Retraité,2286.24,8,A003,Mérignac,33700,julien.françois_1271@example.fr,Actif
1272,C001272,Léa,Bernard,1996-11-10,2021-09-11,Particulier,Employé,466.72,56,A021,Périgueux,24000,lea.bernard_1272@example.fr,Actif
1273,C001273,Marie,Bertrand,1973-01-30,2017-12-10,Particulier,Cadre,2130.89,54,A019,Limoges,87000,marie.bertrand_1273@example.fr,Actif
1274,C001274,Amélie,Roux,1957-11-13,2015-07-27,Particulier,Enseignant,2224.49,47,A011,Biarritz,64200,amelie.roux_1274@example.fr,Actif
1275,C001275,Hugo,Bernard,1967-06-29,2019-07-09,Particulier,Cadre,2802.1,53,A006,Libourne,33500,hugo.bernard_1275@example.fr,Actif
1276,C001276,Nathan,David,1989-06-11,2024-12-03,Particulier,Employé,5120.01,58,A002,Bordeaux,33300,nathan.david_1276@example.fr,Actif
1277,C001277,Léa,Moreau,1995-02-23,2020-04-25,Particulier,Retraité,1832.63,19,A024,Mont-de-Marsan,40000,lea.moreau_1277@example.fr,Actif
1278,C001278,Marie,Petit,1989-10-08,2025-06-05,Particulier,Employé,2576.26,52,A011,Biarritz,64200,marie.petit_1278@example.fr,Actif
1279,C001279,Antoine,Petit,1955-05-24,2018-09-25,Professionnel,Employé,6387.59,69,A019,Limoges,87000,antoine.petit_1279@example.fr,Actif
1280,C001280,Zoé,Lambert,1986-11-02,2018-10-27,Particulier,Employé,6085.57,88,A008,Langon,33210,zoe.lambert_1280@example.fr,Actif
1281,C001281,Mathis,André,1973-04-10,2021-05-13,Professionnel,Technicien,4132.53,21,A010,Bayonne,64100,mathis.andré_1281@example.fr,Actif
1282,C001282,Sarah,Moreau,1988-07-25,2016-04-06,Particulier,Profession libérale,4125.61,32,A004,Pessac,33600,sarah.moreau_1282@example.fr,Actif
1283,C001283,Camille,Lefebvre,1957-10-22,2024-06-05,Particulier,Étudiant,818.71,75,A021,Périgueux,24000,camille.lefebvre_1283@example.fr,Actif
1284,C001284,Thomas,Bernard,1980-11-06,2026-04-13,Particulier,Commerçant,3070.32,73,A011,Biarritz,64200,thomas.bernard_1284@example.fr,Actif
1285,C001285,Inès,Bernard,1972-03-05,2018-04-21,Particulier,Technicien,3902.14,40,A021,Périgueux,24000,ines.bernard_1285@example.fr,Actif
1286,C001286,Lucas,Bonnet,1977-04-05,2025-12-07,Particulier,Enseignant,968.74,65,A004,Pessac,33600,lucas.bonnet_1286@example.fr,Actif
1287,C001287,Mathis,Morel,2004-06-25,2016-05-14,Particulier,Employé,2010.81,64,A005,Talence,33400,mathis.morel_1287@example.fr,Clos
1288,C001288,Lucas,Girard,1965-05-28,2016-12-04,Particulier,Retraité,1476.4,58,A005,Talence,33400,lucas.girard_1288@example.fr,Actif
1289,C001289,Alexandre,Legrand,1969-09-25,2020-11-13,Particulier,Employé,4560.2,51,A005,Talence,33400,alexandre.legrand_1289@example.fr,Actif
1290,C001290,Marie,Durand,1991-07-21,2020-11-02,Particulier,Retraité,2547.94,63,A002,Bordeaux,33300,marie.durand_1290@example.fr,Actif
1291,C001291,Gabriel,Bernard,1994-04-28,2019-09-25,Particulier,Étudiant,672.96,63,A022,Bergerac,24100,gabriel.bernard_1291@example.fr,Actif
1292,C001292,Noah,Lefebvre,1975-01-23,2026-03-01,Particulier,Cadre,4289.45,61,A010,Bayonne,64100,noah.lefebvre_1292@example.fr,Actif
1293,C001293,Inès,Garcia,1989-11-01,2022-03-06,Particulier,Employé,1760.79,34,A007,Arcachon,33120,ines.garcia_1293@example.fr,Actif
1294,C001294,Chloé,Fournier,1991-11-28,2024-09-10,Particulier,Enseignant,5861.52,54,A008,Langon,33210,chloe.fournier_1294@example.fr,Actif
1295,C001295,Antoine,Leroy,1973-01-02,2020-12-16,Professionnel,Étudiant,0.0,41,A020,Brive-la-Gaillarde,19100,antoine.leroy_1295@example.fr,Actif
1296,C001296,Hugo,Girard,1978-09-30,2025-04-16,Particulier,Employé,3827.02,59,A005,Talence,33400,hugo.girard_1296@example.fr,Actif
1297,C001297,Julien,Laurent,1968-06-07,2016-12-21,Professionnel,Artisan,3457.53,55,A013,Orthez,64300,julien.laurent_1297@example.fr,Actif
1298,C001298,Antoine,Lefebvre,1963-02-04,2016-02-16,Particulier,Artisan,3707.46,77,A010,Bayonne,64100,antoine.lefebvre_1298@example.fr,Actif
1299,C001299,Gabriel,Lambert,1954-12-13,2024-10-02,Particulier,Employé,3605.3,36,A006,Libourne,33500,gabriel.lambert_1299@example.fr,Actif
1300,C001300,Hugo,Simon,1981-11-10,2016-02-13,Particulier,Profession libérale,3761.87,47,A016,Rochefort,17300,hugo.simon_1300@example.fr,Actif
1301,C001301,Sarah,Petit,2001-09-24,2019-02-13,Professionnel,Commerçant,6232.32,49,A006,Libourne,33500,sarah.petit_1301@example.fr,Actif
1302,C001302,Hugo,Petit,1954-11-14,2023-10-05,Particulier,Technicien,2484.79,37,A021,Périgueux,24000,hugo.petit_1302@example.fr,Actif
1303,C001303,Jade,Martin,1952-09-03,2015-03-20,Particulier,Employé,1429.44,95,A006,Libourne,33500,jade.martin_1303@example.fr,Actif
1304,C001304,Marie,Roux,1980-11-03,2015-04-17,Particulier,Retraité,2519.14,57,A008,Langon,33210,marie.roux_1304@example.fr,Inactif
1305,C001305,Mathis,Dubois,1992-11-22,2024-03-11,Particulier,Technicien,4396.2,79,A015,La Rochelle,17000,mathis.dubois_1305@example.fr,Actif
1306,C001306,Paul,Girard,1995-07-24,2019-06-19,Particulier,Employé,8276.7,60,A022,Bergerac,24100,paul.girard_1306@example.fr,Actif
1307,C001307,Élodie,Dubois,1958-11-23,2022-08-24,Particulier,Retraité,2849.95,85,A022,Bergerac,24100,elodie.dubois_1307@example.fr,Actif
1308,C001308,Océane,André,1985-03-27,2019-06-30,Particulier,Technicien,1759.92,45,A004,Pessac,33600,oceane.andré_1308@example.fr,Actif
1309,C001309,Paul,Lambert,1970-04-02,2025-07-23,Particulier,Étudiant,1076.36,21,A003,Mérignac,33700,paul.lambert_1309@example.fr,Actif
1310,C001310,Marie,Garcia,1953-02-21,2022-10-02,Particulier,Employé,0.0,15,A009,Pau,64000,marie.garcia_1310@example.fr,Actif
1311,C001311,Léa,Martin,1983-02-06,2020-02-14,Professionnel,Cadre,5477.8,34,A006,Libourne,33500,lea.martin_1311@example.fr,Actif
1312,C001312,Nathan,Laurent,1995-11-01,2024-08-14,Particulier,Retraité,900.0,66,A008,Langon,33210,nathan.laurent_1312@example.fr,Actif
1313,C001313,Alexandre,David,1991-04-27,2022-01-30,Particulier,Technicien,3485.12,73,A011,Biarritz,64200,alexandre.david_1313@example.fr,Clos
1314,C001314,Marie,François,1950-12-19,2021-03-26,Particulier,Commerçant,3175.57,33,A024,Mont-de-Marsan,40000,marie.françois_1314@example.fr,Actif
1315,C001315,Thomas,Fournier,1998-03-25,2024-10-25,Particulier,Cadre,3957.72,47,A012,Anglet,64600,thomas.fournier_1315@example.fr,Actif
1316,C001316,Zoé,Girard,1986-06-11,2015-04-01,Particulier,Artisan,1613.41,93,A003,Mérignac,33700,zoe.girard_1316@example.fr,Actif
1317,C001317,Alexandre,Vincent,1977-02-04,2016-05-03,Particulier,Employé,4637.03,53,A001,Bordeaux,33000,alexandre.vincent_1317@example.fr,Inactif
1318,C001318,Camille,Girard,1951-01-07,2024-02-02,Particulier,Sans emploi,2822.1,50,A024,Mont-de-Marsan,40000,camille.girard_1318@example.fr,Actif
1319,C001319,Jade,Martinez,1955-08-14,2024-04-26,Particulier,Enseignant,1218.43,45,A015,La Rochelle,17000,jade.martinez_1319@example.fr,Actif
1320,C001320,Camille,Roux,1970-02-11,2016-07-16,Particulier,Employé,926.76,32,A020,Brive-la-Gaillarde,19100,camille.roux_1320@example.fr,Actif
1321,C001321,Alexandre,Girard,1993-11-30,2021-01-31,Particulier,Employé,5877.73,48,A004,Pessac,33600,alexandre.girard_1321@example.fr,Actif
1322,C001322,Manon,Leroy,1973-11-18,2023-11-26,Association,Étudiant,477.24,34,A020,Brive-la-Gaillarde,19100,manon.leroy_1322@example.fr,Actif
1323,C001323,Alexandre,Simon,1986-11-13,2016-03-16,Particulier,Technicien,4391.0,48,A024,Mont-de-Marsan,40000,alexandre.simon_1323@example.fr,Actif
1324,C001324,Hugo,Bonnet,1961-12-15,2026-04-13,Particulier,Cadre,5324.39,67,A003,Mérignac,33700,hugo.bonnet_1324@example.fr,Actif
1325,C001325,Camille,Dupont,1970-01-06,2024-10-01,Particulier,Employé,2375.3,36,A024,Mont-de-Marsan,40000,camille.dupont_1325@example.fr,Actif
1326,C001326,Mathis,Leroy,1967-10-21,2022-03-13,Particulier,Enseignant,1530.5,88,A013,Orthez,64300,mathis.leroy_1326@example.fr,Actif
1327,C001327,Inès,Mercier,1985-03-15,2022-08-24,Association,Étudiant,835.67,25,A005,Talence,33400,ines.mercier_1327@example.fr,Actif
1328,C001328,Manon,Roux,1973-08-09,2017-05-17,Particulier,Profession libérale,2594.41,57,A018,Poitiers,86000,manon.roux_1328@example.fr,Actif
1329,C001329,Sarah,Dupont,2003-06-27,2021-09-19,Particulier,Sans emploi,1128.4,73,A009,Pau,64000,sarah.dupont_1329@example.fr,Actif
1330,C001330,Hugo,Mercier,1945-02-17,2024-06-24,Particulier,Employé,2163.9,61,A015,La Rochelle,17000,hugo.mercier_1330@example.fr,Actif
1331,C001331,Alexandre,Martinez,1977-05-22,2018-08-23,Professionnel,Employé,0.0,56,A023,Agen,47000,alexandre.martinez_1331@example.fr,Actif
1332,C001332,Lucas,Simon,1997-03-08,2015-08-15,Particulier,Technicien,4003.74,81,A011,Biarritz,64200,lucas.simon_1332@example.fr,Actif
1333,C001333,Enzo,Lambert,1991-08-05,2025-08-25,Professionnel,Cadre,4763.29,44,A004,Pessac,33600,enzo.lambert_1333@example.fr,Actif
1334,C001334,Noah,Michel,1967-11-24,2021-02-05,Particulier,Agriculteur,1248.22,63,A011,Biarritz,64200,noah.michel_1334@example.fr,Actif
1335,C001335,Noah,Bertrand,1964-04-23,2021-05-18,Professionnel,Sans emploi,4709.75,49,A001,Bordeaux,33000,noah.bertrand_1335@example.fr,Actif
1336,C001336,Antoine,Robert,1981-04-04,2025-10-26,Particulier,Employé,3076.7,56,A015,La Rochelle,17000,antoine.robert_1336@example.fr,Actif
1337,C001337,Julien,André,1992-05-13,2026-01-09,Particulier,Retraité,2772.0,73,A006,Libourne,33500,julien.andré_1337@example.fr,Actif
1338,C001338,Alexandre,Leroy,1971-01-18,2025-09-28,Particulier,Technicien,4043.25,67,A001,Bordeaux,33000,alexandre.leroy_1338@example.fr,Actif
1339,C001339,Chloé,Robert,1974-05-28,2026-03-06,Particulier,Employé,1186.31,36,A017,Niort,79000,chloe.robert_1339@example.fr,Actif
1340,C001340,Zoé,Simon,1950-11-28,2025-12-12,Particulier,Employé,2060.72,40,A016,Rochefort,17300,zoe.simon_1340@example.fr,Actif
1341,C001341,Camille,Michel,1963-09-01,2018-10-09,Particulier,Employé,6032.06,75,A021,Périgueux,24000,camille.michel_1341@example.fr,Actif
1342,C001342,Zoé,Michel,1956-08-10,2017-06-02,Particulier,Cadre,3722.01,27,A005,Talence,33400,zoe.michel_1342@example.fr,Actif
1343,C001343,Zoé,Fournier,1998-11-18,2023-12-10,Particulier,Employé,5326.14,36,A002,Bordeaux,33300,zoe.fournier_1343@example.fr,Actif
1344,C001344,Noah,Richard,1987-11-13,2016-10-31,Particulier,Employé,3163.95,61,A007,Arcachon,33120,noah.richard_1344@example.fr,Actif
1345,C001345,Zoé,Thomas,1979-06-10,2019-01-30,Particulier,Artisan,1824.92,69,A021,Périgueux,24000,zoe.thomas_1345@example.fr,Actif
1346,C001346,Océane,Bernard,1960-07-21,2022-07-23,Particulier,Agriculteur,4195.97,30,A015,La Rochelle,17000,oceane.bernard_1346@example.fr,Inactif
1347,C001347,Alexandre,Thomas,1969-04-20,2019-02-28,Particulier,Employé,204.78,78,A009,Pau,64000,alexandre.thomas_1347@example.fr,Actif
1348,C001348,Amélie,Durand,1957-12-30,2026-04-08,Particulier,Employé,2341.61,64,A022,Bergerac,24100,amelie.durand_1348@example.fr,Actif
1349,C001349,Enzo,Vincent,1957-06-27,2026-06-01,Particulier,Artisan,197.08,60,A002,Bordeaux,33300,enzo.vincent_1349@example.fr,Actif
1350,C001350,Zoé,Fournier,2003-01-04,2025-06-02,Particulier,Commerçant,2766.59,79,A017,Niort,79000,zoe.fournier_1350@example.fr,Actif
1351,C001351,Léa,Robert,1995-08-27,2021-05-01,Particulier,Enseignant,2551.69,61,A002,Bordeaux,33300,lea.robert_1351@example.fr,Actif
1352,C001352,Manon,Leroy,1975-03-04,2017-09-30,Particulier,Étudiant,616.02,58,A025,Dax,40100,manon.leroy_1352@example.fr,Actif
1353,C001353,Mathis,Durand,1957-05-05,2023-03-26,Particulier,Cadre,957.85,18,A001,Bordeaux,33000,mathis.durand_1353@example.fr,Actif
1354,C001354,Chloé,Martin,1975-08-09,2018-08-16,Particulier,Employé,5332.66,22,A011,Biarritz,64200,chloe.martin_1354@example.fr,Actif
1355,C001355,Gabriel,Bernard,1970-11-27,2025-08-01,Particulier,Retraité,900.0,56,A005,Talence,33400,gabriel.bernard_1355@example.fr,Actif
1356,C001356,Thomas,Lambert,1954-12-06,2022-06-22,Particulier,Enseignant,4535.84,30,A006,Libourne,33500,thomas.lambert_1356@example.fr,Actif
1357,C001357,Clara,Mercier,1962-08-23,2019-03-05,Particulier,Cadre,0.0,95,A008,Langon,33210,clara.mercier_1357@example.fr,Actif
1358,C001358,Océane,Laurent,1958-02-06,2023-01-03,Particulier,Retraité,1352.82,67,A013,Orthez,64300,oceane.laurent_1358@example.fr,Actif
1359,C001359,Jade,Petit,1968-11-18,2015-06-24,Particulier,Artisan,1586.71,62,A018,Poitiers,86000,jade.petit_1359@example.fr,Actif
1360,C001360,Nathan,Simon,1992-07-06,2019-02-20,Particulier,Profession libérale,1915.69,77,A010,Bayonne,64100,nathan.simon_1360@example.fr,Actif
1361,C001361,Gabriel,Fournier,1950-05-10,2025-05-26,Association,Employé,6307.93,69,A009,Pau,64000,gabriel.fournier_1361@example.fr,Actif
1362,C001362,Antoine,Leroy,1965-04-26,2019-05-30,Particulier,Cadre,3589.5,56,A015,La Rochelle,17000,antoine.leroy_1362@example.fr,Inactif
1363,C001363,Léa,Garcia,1990-05-21,2021-08-03,Particulier,Employé,1628.41,59,A025,Dax,40100,lea.garcia_1363@example.fr,Actif
1364,C001364,Alexandre,Vincent,1973-11-27,2016-12-15,Particulier,Étudiant,427.38,79,A006,Libourne,33500,alexandre.vincent_1364@example.fr,Actif
1365,C001365,Noah,Bertrand,1981-06-18,2016-01-28,Particulier,Retraité,1822.16,81,A008,Langon,33210,noah.bertrand_1365@example.fr,Inactif
1366,C001366,Julien,Legrand,1989-12-23,2017-01-09,Particulier,Étudiant,243.49,16,A019,Limoges,87000,julien.legrand_1366@example.fr,Clos
1367,C001367,Gabriel,Legrand,1986-03-24,2021-10-09,Particulier,Cadre,0.0,38,A007,Arcachon,33120,gabriel.legrand_1367@example.fr,Actif
1368,C001368,Nathan,Martinez,1945-06-06,2020-08-14,Particulier,Employé,1285.29,64,A007,Arcachon,33120,nathan.martinez_1368@example.fr,Actif
1369,C001369,Paul,Martinez,1996-01-05,2021-04-30,Particulier,Technicien,2657.03,75,A003,Mérignac,33700,paul.martinez_1369@example.fr,Actif
1370,C001370,Jade,Robert,1946-02-05,2022-01-11,Particulier,Enseignant,1115.33,50,A024,Mont-de-Marsan,40000,jade.robert_1370@example.fr,Actif
1371,C001371,Emma,Laurent,2004-05-06,2018-05-13,Particulier,Retraité,1849.93,53,A001,Bordeaux,33000,emma.laurent_1371@example.fr,Actif
1372,C001372,Élodie,Bertrand,1964-01-19,2025-06-20,Particulier,Retraité,1776.96,64,A003,Mérignac,33700,elodie.bertrand_1372@example.fr,Actif
1373,C001373,Paul,Bonnet,1986-11-02,2016-09-02,Professionnel,Employé,8469.35,65,A006,Libourne,33500,paul.bonnet_1373@example.fr,Actif
1374,C001374,Léa,Bertrand,1950-05-29,2019-10-16,Particulier,Retraité,3459.45,61,A023,Agen,47000,lea.bertrand_1374@example.fr,Actif
1375,C001375,Mathis,Martinez,1958-02-13,2025-10-27,Particulier,Employé,4071.24,54,A007,Arcachon,33120,mathis.martinez_1375@example.fr,Actif
1376,C001376,Camille,Leroy,1957-02-21,2016-02-29,Particulier,Technicien,2698.26,84,A016,Rochefort,17300,camille.leroy_1376@example.fr,Actif
1377,C001377,Antoine,Roux,1949-05-03,2021-08-10,Particulier,Agriculteur,4537.55,51,A007,Arcachon,33120,antoine.roux_1377@example.fr,Actif
1378,C001378,Enzo,David,1954-02-27,2020-10-30,Particulier,Employé,3145.65,46,A007,Arcachon,33120,enzo.david_1378@example.fr,Actif
1379,C001379,Océane,Morel,2001-12-07,2015-06-13,Professionnel,RETRAITÉ,2184.69,78,A013,Orthez,64300,oceane.morel_1379@example.fr,Actif
1380,C001380,Chloé,Robert,2002-04-16,2023-01-24,Particulier,Retraité,2359.81,53,A019,Limoges,87000,chloe.robert_1380@example.fr,Actif
1381,C001381,Alexandre,André,1998-09-27,2024-09-01,Particulier,Agriculteur,1368.86,84,A007,Arcachon,33120,alexandre.andré_1381@example.fr,Actif
1382,C001382,Amélie,Vincent,1997-06-23,2026-05-07,Particulier,Commerçant,4769.33,39,A018,Poitiers,86000,amelie.vincent_1382@example.fr,Actif
1383,C001383,Antoine,Fournier,1997-10-23,2015-01-01,Particulier,Étudiant,971.68,94,A019,Limoges,87000,antoine.fournier_1383@example.fr,Actif
1384,C001384,Alexandre,André,1957-12-05,2019-06-18,Particulier,Sans emploi,677.72,64,A022,Bergerac,24100,alexandre.andré_1384@example.fr,Actif
1385,C001385,Emma,Vincent,1948-12-31,2023-04-26,Particulier,Enseignant,1732.92,57,A010,Bayonne,64100,emma.vincent_1385@example.fr,Inactif
1386,C001386,Océane,Bonnet,1991-09-19,2025-02-10,Particulier,Profession libérale,4663.31,50,A007,Arcachon,33120,oceane.bonnet_1386@example.fr,Actif
1387,C001387,Thomas,Roux,1991-05-02,2016-07-30,Professionnel,Employé,3213.47,47,A013,Orthez,64300,thomas.roux_1387@example.fr,Actif
1388,C001388,Thomas,Bonnet,1952-03-14,2019-06-17,Particulier,Étudiant,1033.37,42,A023,Agen,47000,thomas.bonnet_1388@example.fr,Inactif
1389,C001389,Marie,Martinez,2003-06-05,2019-07-29,Particulier,Étudiant,1279.24,46,A022,Bergerac,24100,marie.martinez_1389@example.fr,Actif
1390,C001390,Élodie,Garcia,2003-02-16,2021-02-24,Particulier,Cadre,3178.91,81,A022,Bergerac,24100,elodie.garcia_1390@example.fr,Actif
1391,C001391,Alexandre,Bernard,1953-04-27,2015-03-14,Particulier,Employé,4372.43,58,A004,Pessac,33600,alexandre.bernard_1391@example.fr,Actif
1392,C001392,Julien,Vincent,1977-07-07,2019-02-12,Particulier,Cadre,0.0,54,A010,Bayonne,64100,julien.vincent_1392@example.fr,Actif
1393,C001393,Lucas,Thomas,1996-07-02,2017-07-21,Particulier,Enseignant,1490.52,39,A001,Bordeaux,33000,lucas.thomas_1393@example.fr,Actif
1394,C001394,Paul,Girard,1976-06-14,2017-09-30,Particulier,Étudiant,1083.04,47,A015,La Rochelle,17000,paul.girard_1394@example.fr,Inactif
1395,C001395,Antoine,Bertrand,2003-12-20,2015-05-07,Particulier,Employé,4716.13,80,A004,Pessac,33600,antoine.bertrand_1395@example.fr,Inactif
1396,C001396,Élodie,Durand,1987-03-11,2017-10-07,Particulier,Employé,4546.64,38,A002,Bordeaux,33300,elodie.durand_1396@example.fr,Actif
1397,C001397,Hugo,Richard,1962-12-30,2024-06-15,Particulier,Artisan,1906.43,61,A011,Biarritz,64200,hugo.richard_1397@example.fr,Actif
1398,C001398,Jade,Bertrand,1961-02-19,2015-02-07,Particulier,Profession libérale,2665.33,63,A003,Mérignac,33700,jade.bertrand_1398@example.fr,Actif
1399,C001399,Alexandre,Simon,1952-02-18,2017-11-04,Particulier,Agriculteur,2317.16,43,A024,Mont-de-Marsan,40000,alexandre.simon_1399@example.fr,Actif
1400,C001400,Gabriel,Dubois,1966-12-07,2022-07-30,Particulier,Employé,1108.03,50,A010,Bayonne,64100,gabriel.dubois_1400@example.fr,Actif
1401,C001401,Thomas,Bernard,1946-11-28,2023-10-04,Particulier,Profession libérale,3404.44,67,A014,Oloron-Sainte-Marie,64400,thomas.bernard_1401@example.fr,Actif
1402,C001402,Camille,Bonnet,1966-04-10,2019-08-25,Particulier,Commerçant,3663.91,38,A002,Bordeaux,33300,camille.bonnet_1402@example.fr,Actif
1403,C001403,Clara,Laurent,2000-10-05,2015-08-08,Professionnel,Employé,6871.31,48,A024,Mont-de-Marsan,40000,clara.laurent_1403@example.fr,Actif
1404,C001404,Chloé,Bonnet,1973-01-26,2015-07-18,Particulier,Retraité,2261.96,52,A017,Niort,79000,chloe.bonnet_1404@example.fr,Actif
1405,C001405,Nathan,Fournier,2002-08-02,2016-04-11,Particulier,Employé,2021.44,51,A012,Anglet,64600,nathan.fournier_1405@example.fr,Actif
1406,C001406,Gabriel,Bertrand,1978-01-06,2016-06-02,Professionnel,Enseignant,4658.78,67,A004,Pessac,33600,gabriel.bertrand_1406@example.fr,Actif
1407,C001407,Sarah,Durand,1947-12-22,2021-08-16,Particulier,Technicien,1840.85,60,A021,Périgueux,24000,sarah.durand_1407@example.fr,Actif
1408,C001408,Manon,Michel,1945-02-01,2018-12-01,Particulier,Retraité,2730.07,62,A020,Brive-la-Gaillarde,19100,manon.michel_1408@example.fr,Actif
1409,C001409,Zoé,Lambert,1982-01-14,2020-05-08,Professionnel,Profession libérale,4632.07,43,A025,Dax,40100,zoe.lambert_1409@example.fr,Actif
1410,C001410,Noah,Lefebvre,1950-11-14,2018-08-02,Professionnel,Employé,4723.38,85,A023,Agen,47000,noah.lefebvre_1410@example.fr,Actif
1411,C001411,Sarah,Richard,1978-10-07,2018-10-11,Particulier,Retraité,1898.81,64,A011,Biarritz,64200,sarah.richard_1411@example.fr,Actif
1412,C001412,Emma,Simon,1974-02-06,2026-02-04,Professionnel,Employé,5185.27,56,A024,Mont-de-Marsan,40000,emma.simon_1412@example.fr,Actif
1413,C001413,Antoine,Michel,1979-06-01,2019-11-21,Particulier,Artisan,6090.09,44,A013,Orthez,64300,antoine.michel_1413@example.fr,Actif
1414,C001414,Julien,Legrand,1998-07-22,2025-04-28,Particulier,Employé,2728.2,67,A006,Libourne,33500,julien.legrand_1414@example.fr,Actif
1415,C001415,Jade,Vincent,1993-02-27,2018-10-28,Particulier,Sans emploi,1130.16,33,A010,Bayonne,64100,jade.vincent_1415@example.fr,Actif
1416,C001416,Alexandre,Lefebvre,1971-01-30,2024-04-22,Association,Étudiant,769.54,37,A009,Pau,64000,alexandre.lefebvre_1416@example.fr,Actif
1417,C001417,Élodie,Bonnet,1967-12-05,2020-06-09,Particulier,Employé,1340.18,36,A001,Bordeaux,33000,elodie.bonnet_1417@example.fr,Actif
1418,C001418,Zoé,Fournier,1960-10-05,2015-09-08,Professionnel,Cadre,5646.37,87,A008,Langon,33210,zoe.fournier_1418@example.fr,Actif
1419,C001419,Léa,Michel,1956-01-14,2019-07-08,Particulier,Étudiant,1327.35,84,A014,Oloron-Sainte-Marie,64400,lea.michel_1419@example.fr,Inactif
1420,C001420,Gabriel,Dubois,1951-02-28,2017-05-19,Professionnel,Technicien,8630.15,40,A009,Pau,64000,gabriel.dubois_1420@example.fr,Actif
1421,C001421,Léa,André,2003-12-26,2023-02-13,Particulier,Artisan,2947.2,71,A007,Arcachon,33120,lea.andré_1421@example.fr,Actif
1422,C001422,Lucas,Lambert,2002-10-26,2018-07-30,Particulier,Commerçant,4010.71,73,A002,Bordeaux,33300,lucas.lambert_1422@example.fr,Actif
1423,C001423,Sarah,Durand,1959-02-01,2016-06-22,Particulier,Employé,2671.43,59,A006,Libourne,33500,sarah.durand_1423@example.fr,Actif
1424,C001424,Noah,Fournier,1992-05-08,2025-04-13,Particulier,Enseignant,2018.77,66,A004,Pessac,33600,noah.fournier_1424@example.fr,Actif
1425,C001425,Alexandre,François,1950-02-24,2019-08-02,Particulier,Artisan,4666.7,55,A021,Périgueux,24000,alexandre.françois_1425@example.fr,Inactif
1426,C001426,Zoé,Lefebvre,1987-10-18,2019-08-24,Particulier,Cadre,1783.6,56,A009,Pau,64000,zoe.lefebvre_1426@example.fr,Actif
1427,C001427,Clara,Garcia,1968-04-20,2020-02-20,Particulier,Enseignant,6483.11,59,A005,Talence,33400,clara.garcia_1427@example.fr,Actif
1428,C001428,Jade,Legrand,1963-08-17,2018-11-13,Particulier,Employé,2754.55,55,A017,Niort,79000,jade.legrand_1428@example.fr,Actif
1429,C001429,Gabriel,Simon,1963-01-20,2020-05-17,Particulier,Cadre,3238.81,68,A024,Mont-de-Marsan,40000,gabriel.simon_1429@example.fr,Actif
1430,C001430,Emma,Laurent,1963-06-28,2015-09-19,Particulier,Commerçant,4001.0,36,A007,Arcachon,33120,emma.laurent_1430@example.fr,Actif
1431,C001431,Chloé,Thomas,1958-10-20,2016-09-19,Particulier,Artisan,1638.52,48,A022,Bergerac,24100,chloe.thomas_1431@example.fr,Actif
1432,C001432,Amélie,Thomas,1961-05-11,2019-10-19,Professionnel,Employé,3463.02,32,A001,Bordeaux,33000,amelie.thomas_1432@example.fr,Inactif
1433,C001433,Zoé,Durand,1981-12-14,2016-05-21,Particulier,Profession libérale,4330.15,81,A005,Talence,33400,zoe.durand_1433@example.fr,Actif
1434,C001434,Manon,Martinez,1966-08-13,2017-06-20,Particulier,Employé,4908.93,72,A011,Biarritz,64200,manon.martinez_1434@example.fr,Actif
1435,C001435,Manon,Lefebvre,1954-11-19,2023-11-17,Particulier,Technicien,2886.02,28,A010,Bayonne,64100,manon.lefebvre_1435@example.fr,Actif
1436,C001436,Thomas,Thomas,1955-09-28,2018-04-21,Particulier,Cadre,0.0,61,A025,Dax,40100,thomas.thomas_1436@example.fr,Actif
1437,C001437,Amélie,Martinez,1951-05-09,2017-07-23,Particulier,Cadre,5847.99,85,A014,Oloron-Sainte-Marie,64400,amelie.martinez_1437@example.fr,Actif
1438,C001438,Élodie,Garcia,1965-08-24,2020-04-20,Particulier,Employé,3363.4,39,A019,Limoges,87000,elodie.garcia_1438@example.fr,Actif
1439,C001439,Noah,Laurent,1978-01-09,2019-01-29,Particulier,Artisan,6562.0,45,A025,Dax,40100,noah.laurent_1439@example.fr,Actif
1440,C001440,Emma,Durand,1975-08-17,2021-04-17,Particulier,Employé,2536.68,62,A012,Anglet,64600,emma.durand_1440@example.fr,Actif
1441,C001441,Gabriel,Lefebvre,1995-08-27,2015-07-05,Professionnel,Retraité,1629.89,74,A015,La Rochelle,17000,gabriel.lefebvre_1441@example.fr,Actif
1442,C001442,Hugo,Girard,2001-12-22,2019-02-27,Particulier,Agriculteur,796.46,45,A014,Oloron-Sainte-Marie,64400,hugo.girard_1442@example.fr,Actif
1443,C001443,Élodie,Martinez,1995-05-19,2017-04-17,Particulier,Technicien,0.0,84,A018,Poitiers,86000,elodie.martinez_1443@example.fr,Actif
1444,C001444,Clara,François,1968-01-27,2024-02-06,Particulier,Employé,173.25,63,A003,Mérignac,33700,clara.françois_1444@example.fr,Actif
1445,C001445,Antoine,Petit,1958-12-31,2018-09-13,Particulier,Artisan,4382.65,54,A003,Mérignac,33700,antoine.petit_1445@example.fr,Actif
1446,C001446,Zoé,Girard,1962-06-07,2022-01-27,Particulier,Enseignant,3399.73,60,A018,Poitiers,86000,zoe.girard_1446@example.fr,Actif
1447,C001447,Thomas,Durand,1993-03-16,2025-05-03,Particulier,Étudiant,397.24,48,A015,La Rochelle,17000,thomas.durand_1447@example.fr,Actif
1448,C001448,Élodie,Petit,1971-12-17,2021-03-11,Particulier,Profession libérale,1807.91,74,A025,Dax,40100,elodie.petit_1448@example.fr,Actif
1449,C001449,Chloé,Leroy,1951-08-04,2015-04-27,Particulier,Retraité,3994.36,20,A007,Arcachon,33120,chloe.leroy_1449@example.fr,Inactif
1450,C001450,Julien,Laurent,1993-11-04,2025-08-09,Particulier,Retraité,1318.9,62,A009,Pau,64000,julien.laurent_1450@example.fr,Actif
1451,C001451,Chloé,Michel,1973-11-24,2020-10-12,Particulier,Profession libérale,4892.35,47,A006,Libourne,33500,chloe.michel_1451@example.fr,Actif
1452,C001452,Lucas,Leroy,1954-04-21,2020-11-07,Particulier,Technicien,4019.06,64,A025,Dax,40100,lucas.leroy_1452@example.fr,Actif
1453,C001453,Léa,Martinez,1967-07-30,2015-11-30,Particulier,Technicien,5922.47,48,A001,Bordeaux,33000,lea.martinez_1453@example.fr,Actif
1454,C001454,Chloé,Girard,1976-02-22,2026-05-08,Particulier,Enseignant,6409.64,27,A007,Arcachon,33120,chloe.girard_1454@example.fr,Actif
1455,C001455,Paul,Mercier,1946-12-26,2023-03-02,Particulier,Retraité,2467.39,37,A023,Agen,47000,paul.mercier_1455@example.fr,Clos
1456,C001456,Manon,Leroy,1980-05-22,2024-12-02,Particulier,Retraité,1732.86,65,A013,Orthez,64300,manon.leroy_1456@example.fr,Actif
1457,C001457,Mathis,Bonnet,1971-05-29,2021-02-23,Particulier,Étudiant,1210.07,49,A013,Orthez,64300,mathis.bonnet_1457@example.fr,Actif
1458,C001458,Amélie,Michel,1968-09-27,2017-01-25,Particulier,Enseignant,2772.41,41,A019,Limoges,87000,amelie.michel_1458@example.fr,Actif
1459,C001459,Chloé,Thomas,1948-08-01,2015-03-18,Particulier,Artisan,2169.51,33,A011,Biarritz,64200,chloe.thomas_1459@example.fr,Inactif
1460,C001460,Chloé,Laurent,1960-07-17,2017-09-26,Particulier,Employé,2469.9,59,A011,Biarritz,64200,chloe.laurent_1460@example.fr,Actif
1461,C001461,Nathan,Dubois,1989-03-20,2025-01-02,Professionnel,Employé,7980.29,50,A024,Mont-de-Marsan,40000,nathan.dubois_1461@example.fr,Actif
1462,C001462,Noah,Moreau,1965-05-22,2018-12-11,Association,Employé,5558.25,36,A016,Rochefort,17300,noah.moreau_1462@example.fr,Actif
1463,C001463,Océane,Petit,1945-09-24,2020-03-22,Particulier,Artisan,2147.11,83,A001,Bordeaux,33000,oceane.petit_1463@example.fr,Actif
1464,C001464,Inès,Petit,1959-06-30,2019-08-25,Particulier,Retraité,1605.03,62,A018,Poitiers,86000,ines.petit_1464@example.fr,Actif
1465,C001465,Paul,Michel,1995-06-09,2020-09-08,Particulier,Retraité,2589.3,46,A004,Pessac,33600,paul.michel_1465@example.fr,Actif
1466,C001466,Hugo,Mercier,1987-10-18,2021-05-01,Particulier,Agriculteur,5444.03,69,A017,Niort,79000,hugo.mercier_1466@example.fr,Actif
1467,C001467,Chloé,Richard,1987-11-28,2022-03-10,Particulier,Artisan,4859.75,51,A003,Mérignac,33700,chloe.richard_1467@example.fr,Actif
1468,C001468,Lucas,Lefebvre,1978-01-21,2020-08-11,Particulier,Retraité,1989.27,59,A011,Biarritz,64200,lucas.lefebvre_1468@example.fr,Actif
1469,C001469,Manon,Durand,1959-07-27,2021-01-22,Particulier,Étudiant,714.0,8,A025,Dax,40100,manon.durand_1469@example.fr,Actif
1470,C001470,Noah,Moreau,1972-10-01,2022-10-23,Particulier,Étudiant,1945.23,57,A016,Rochefort,17300,noah.moreau_1470@example.fr,Clos
1471,C001471,Emma,Mercier,1984-03-08,2024-04-10,Particulier,Employé,3724.07,51,A001,Bordeaux,33000,emma.mercier_1471@example.fr,Actif
1472,C001472,Amélie,Simon,1996-05-21,2019-12-18,Particulier,Cadre,2646.03,80,A009,Pau,64000,amelie.simon_1472@example.fr,Actif
1473,C001473,Enzo,Mercier,1951-10-15,2016-04-27,Particulier,Agriculteur,3810.8,48,A022,Bergerac,24100,enzo.mercier_1473@example.fr,Inactif
1474,C001474,Enzo,Moreau,1988-10-19,2018-08-19,Particulier,Employé,4366.0,52,A016,Rochefort,17300,enzo.moreau_1474@example.fr,Actif
1475,C001475,Julien,Mercier,1956-08-05,2020-02-24,Particulier,Employé,3605.46,46,A022,Bergerac,24100,julien.mercier_1475@example.fr,Actif
1476,C001476,Mathis,André,1973-07-09,2022-10-27,Particulier,Employé,2642.7,53,A010,Bayonne,64100,mathis.andré_1476@example.fr,Actif
1477,C001477,Paul,Bernard,1949-12-03,2019-09-24,Particulier,Sans emploi,4418.74,87,A024,Mont-de-Marsan,40000,paul.bernard_1477@example.fr,Actif
1478,C001478,Camille,Simon,1962-06-05,2021-04-24,Particulier,Profession libérale,1296.85,80,A024,Mont-de-Marsan,40000,camille.simon_1478@example.fr,Actif
1479,C001479,Léa,Simon,1978-12-03,2022-01-12,Particulier,Commerçant,2714.86,5,A009,Pau,64000,lea.simon_1479@example.fr,Actif
1480,C001480,Alexandre,Garcia,1958-12-30,2020-05-27,Particulier,Commerçant,4024.64,60,A013,Orthez,64300,alexandre.garcia_1480@example.fr,Actif
1481,C001481,Manon,Bernard,1985-07-17,2017-01-06,Particulier,Profession libérale,4302.24,68,A018,Poitiers,86000,manon.bernard_1481@example.fr,Actif
1482,C001482,Hugo,Martin,1964-06-05,2021-12-08,Particulier,Cadre,2448.73,70,A008,Langon,33210,hugo.martin_1482@example.fr,Actif
1483,C001483,Marie,Bertrand,1949-11-27,2019-04-06,Particulier,Technicien,3709.77,36,A007,Arcachon,33120,marie.bertrand_1483@example.fr,Actif
1484,C001484,Emma,David,2000-01-22,2018-07-22,Particulier,Cadre,5220.53,37,A019,Limoges,87000,emma.david_1484@example.fr,Actif
1485,C001485,Marie,Lambert,1989-04-15,2024-01-08,Particulier,Étudiant,1301.89,16,A015,La Rochelle,17000,marie.lambert_1485@example.fr,Actif
1486,C001486,Mathis,Morel,1946-07-16,2024-03-12,Particulier,Agriculteur,5087.05,53,A007,Arcachon,33120,,Actif
1487,C001487,Manon,Bonnet,1974-01-25,2019-01-28,Particulier,Commerçant,1542.65,41,A016,Rochefort,17300,manon.bonnet_1487@example.fr,Actif
1488,C001488,Amélie,Vincent,1978-07-17,2025-07-07,Particulier,Agriculteur,3647.98,44,A003,Mérignac,33700,amelie.vincent_1488@example.fr,Actif
1489,C001489,Antoine,Legrand,1975-12-15,2023-04-13,Particulier,Cadre,3325.35,86,A020,Brive-la-Gaillarde,19100,antoine.legrand_1489@example.fr,Actif
1490,C001490,Camille,Bonnet,1986-02-20,2021-07-10,Particulier,Retraité,1669.71,58,A023,Agen,47000,camille.bonnet_1490@example.fr,Inactif
1491,C001491,Enzo,Fournier,1988-05-05,2015-02-15,Particulier,Artisan,5033.86,56,A006,Libourne,33500,enzo.fournier_1491@example.fr,Clos
1492,C001492,Paul,Bonnet,1974-10-28,2021-02-03,Particulier,Employé,891.18,39,A015,La Rochelle,17000,paul.bonnet_1492@example.fr,Actif
1493,C001493,Lucas,Martinez,1970-07-14,2018-04-28,Particulier,Étudiant,948.71,48,A017,Niort,79000,lucas.martinez_1493@example.fr,Inactif
1494,C001494,Océane,Lambert,1983-02-19,2020-04-08,Particulier,Retraité,1664.48,47,A009,Pau,64000,oceane.lambert_1494@example.fr,Actif
1495,C001495,Clara,Richard,1962-06-08,2026-02-23,Particulier,Artisan,1683.58,41,A021,Périgueux,24000,clara.richard_1495@example.fr,Actif
1496,C001496,Antoine,Fournier,1985-05-27,2025-03-29,Particulier,Artisan,2686.85,57,A021,Périgueux,24000,antoine.fournier_1496@example.fr,Actif
1497,C001497,Lucas,Legrand,1979-03-18,2022-12-07,Particulier,Cadre,312.48,59,A024,Mont-de-Marsan,40000,lucas.legrand_1497@example.fr,Actif
1498,C001498,Enzo,Mercier,1963-07-05,2022-04-05,Particulier,Artisan,0.0,73,A019,Limoges,87000,enzo.mercier_1498@example.fr,Inactif
1499,C001499,Manon,Morel,1964-08-10,2023-03-22,Professionnel,Agriculteur,3617.24,49,A015,La Rochelle,17000,manon.morel_1499@example.fr,Actif
1500,C001500,Hugo,Bonnet,1955-06-21,2023-05-08,Particulier,Employé,4048.29,48,A023,Agen,47000,hugo.bonnet_1500@example.fr,Actif
1501,C001501,Alexandre,Petit,1975-01-14,2021-10-18,Professionnel,Cadre,7001.12,27,A016,Rochefort,17300,alexandre.petit_1501@example.fr,Actif
1502,C001502,Paul,Martinez,1981-09-08,2022-03-13,Particulier,Employé,780.89,51,A007,Arcachon,33120,paul.martinez_1502@example.fr,Actif
1503,C001503,Enzo,Lefebvre,1982-07-10,2021-07-23,Particulier,Profession libérale,2212.0,64,A019,Limoges,87000,enzo.lefebvre_1503@example.fr,Actif
1504,C001504,Océane,Moreau,1960-05-17,2022-05-30,Particulier,Enseignant,5392.22,68,A012,Anglet,64600,oceane.moreau_1504@example.fr,Actif
1505,C001505,Alexandre,Richard,1990-12-03,2026-06-28,Particulier,Employé,4847.37,66,A012,Anglet,64600,alexandre.richard_1505@example.fr,Actif
1506,C001506,Emma,Dubois,1977-12-08,2022-04-14,Particulier,Sans emploi,3095.1,61,A020,Brive-la-Gaillarde,19100,emma.dubois_1506@example.fr,Actif
1507,C001507,Élodie,Moreau,1998-12-20,2020-12-11,Professionnel,Employé,4745.03,57,A014,Oloron-Sainte-Marie,64400,elodie.moreau_1507@example.fr,Actif
1508,C001508,Élodie,François,1961-09-23,2018-11-21,Particulier,Sans emploi,1719.19,76,A011,Biarritz,64200,elodie.françois_1508@example.fr,Actif
1509,C001509,Julien,Martin,1949-10-17,2022-11-06,Particulier,Artisan,0.0,76,A025,Dax,40100,julien.martin_1509@example.fr,Actif
1510,C001510,Alexandre,Legrand,1988-04-30,2024-01-28,Particulier,Technicien,3179.53,69,A016,Rochefort,17300,alexandre.legrand_1510@example.fr,Actif
1511,C001511,Amélie,Roux,1978-07-01,2018-03-31,Particulier,Cadre,5153.87,53,A017,Niort,79000,amelie.roux_1511@example.fr,Actif
1512,C001512,Thomas,Mercier,1991-08-30,2023-02-23,Particulier,Agriculteur,2145.76,87,A004,Pessac,33600,thomas.mercier_1512@example.fr,Clos
1513,C001513,Camille,Martin,1980-12-26,2017-07-15,Particulier,Retraité,3418.45,83,A013,Orthez,64300,camille.martin_1513@example.fr,Actif
1514,C001514,Nathan,Legrand,1986-12-06,2020-12-04,Professionnel,Employé,5046.92,37,A018,Poitiers,86000,nathan.legrand_1514@example.fr,Actif
1515,C001515,Zoé,Thomas,1995-04-09,2021-07-20,Particulier,Enseignant,4269.59,44,A011,Biarritz,64200,zoe.thomas_1515@example.fr,Actif
1516,C001516,Sarah,Durand,1963-06-15,2026-01-25,Particulier,Étudiant,1392.89,54,A021,Périgueux,24000,sarah.durand_1516@example.fr,Actif
1517,C001517,Manon,Morel,1954-12-10,2019-12-12,Particulier,Retraité,1655.83,70,A002,Bordeaux,33300,manon.morel_1517@example.fr,Actif
1518,C001518,Inès,Bonnet,1998-12-20,2016-07-18,Particulier,Employé,3076.22,33,A008,Langon,33210,ines.bonnet_1518@example.fr,Inactif
1519,C001519,Emma,Michel,1998-03-08,2022-12-13,Particulier,Cadre,6.86,69,A024,Mont-de-Marsan,40000,emma.michel_1519@example.fr,Actif
1520,C001520,Thomas,Roux,1955-05-16,2020-04-12,Association,Employé,5506.83,40,A016,Rochefort,17300,thomas.roux_1520@example.fr,Actif
1521,C001521,Élodie,Thomas,1987-03-07,2021-03-10,Particulier,Employé,4806.95,61,A019,Limoges,87000,elodie.thomas_1521@example.fr,Actif
1522,C001522,Manon,Michel,2001-10-05,2025-09-03,Particulier,Enseignant,1079.78,24,A006,Libourne,33500,manon.michel_1522@example.fr,Clos
1523,C001523,Nathan,Girard,1965-01-22,2026-04-30,Particulier,Cadre,793.2,83,A006,Libourne,33500,nathan.girard_1523@example.fr,Actif
1524,C001524,Emma,Dubois,1980-03-09,2022-08-06,Particulier,Cadre,2943.63,40,A018,Poitiers,86000,emma.dubois_1524@example.fr,Actif
1525,C001525,Thomas,Michel,1967-06-09,2016-10-23,Particulier,Cadre,1626.1,63,A001,Bordeaux,33000,thomas.michel_1525@example.fr,Actif
1526,C001526,Marie,David,1983-06-20,2020-07-06,Particulier,Cadre,3493.0,47,A015,La Rochelle,17000,marie.david_1526@example.fr,Actif
1527,C001527,Zoé,Michel,1945-04-17,2015-06-15,Particulier,Retraité,2116.8,75,A004,Pessac,33600,zoe.michel_1527@example.fr,Actif
1528,C001528,Hugo,Fournier,1950-09-17,2021-12-18,Professionnel,Étudiant,1156.08,66,A003,Mérignac,33700,hugo.fournier_1528@example.fr,Actif
1529,C001529,Sarah,André,1968-03-31,2024-03-28,Particulier,Employé,2536.8,17,A007,Arcachon,33120,sarah.andré_1529@example.fr,Clos
1530,C001530,Enzo,Richard,1974-01-31,2016-10-02,Particulier,Retraité,2138.08,38,A024,Mont-de-Marsan,40000,enzo.richard_1530@example.fr,Actif
1531,C001531,Élodie,Leroy,1980-01-17,2022-03-11,Particulier,Profession libérale,3453.18,65,A008,Langon,33210,elodie.leroy_1531@example.fr,Actif
1532,C001532,Antoine,Vincent,2004-01-18,2025-01-06,Particulier,Cadre,2506.13,69,A017,Niort,79000,antoine.vincent_1532@example.fr,Actif
1533,C001533,Chloé,Vincent,1984-03-18,2019-10-20,Particulier,Enseignant,6486.85,41,A001,Bordeaux,33000,chloe.vincent_1533@example.fr,Actif
1534,C001534,Mathis,Legrand,1976-09-15,2024-09-10,Particulier,Employé,2114.5,38,A016,Rochefort,17300,mathis.legrand_1534@example.fr,Actif
1535,C001535,Camille,Martin,1954-01-07,2021-01-11,Particulier,Sans emploi,2039.18,74,A004,Pessac,33600,camille.martin_1535@example.fr,Actif
1536,C001536,Antoine,Durand,1993-02-03,2016-10-11,Particulier,Technicien,3632.85,58,A022,Bergerac,24100,antoine.durand_1536@example.fr,Actif
1537,C001537,Antoine,Morel,1959-10-17,2022-04-13,Particulier,Employé,3552.81,73,A021,Périgueux,24000,antoine.morel_1537@example.fr,Actif
1538,C001538,Clara,Richard,1953-12-03,2019-04-01,Professionnel,Profession libérale,4455.29,27,A008,Langon,33210,clara.richard_1538@example.fr,Actif
1539,C001539,Léa,Lambert,1995-05-03,2022-02-12,Particulier,Cadre,3929.96,62,A005,Talence,33400,lea.lambert_1539@example.fr,Actif
1540,C001540,Lucas,Martinez,1970-01-02,2023-05-20,Particulier,Retraité,2973.73,61,A015,La Rochelle,17000,lucas.martinez_1540@example.fr,Inactif
1541,C001541,Chloé,Girard,1949-03-09,2023-10-17,Particulier,Enseignant,4065.85,47,A020,Brive-la-Gaillarde,19100,chloe.girard_1541@example.fr,Actif
1542,C001542,Zoé,Girard,1963-08-07,2017-03-17,Professionnel,Commerçant,8196.61,65,A002,Bordeaux,33300,,Actif
1543,C001543,Manon,Laurent,1974-01-14,2025-01-12,Particulier,Employé,5287.35,39,A005,Talence,33400,manon.laurent_1543@example.fr,Actif
1544,C001544,Élodie,Bertrand,1958-03-06,2017-09-18,Particulier,Étudiant,281.17,54,A017,Niort,79000,elodie.bertrand_1544@example.fr,Actif
1545,C001545,Jade,Vincent,1990-12-06,2021-03-25,Particulier,Artisan,3718.77,48,A008,Langon,33210,jade.vincent_1545@example.fr,Actif
1546,C001546,Alexandre,Michel,1997-09-04,2024-07-11,Particulier,Employé,2687.62,71,A011,Biarritz,64200,alexandre.michel_1546@example.fr,Actif
1547,C001547,Sarah,Lambert,1975-04-25,2023-07-15,Particulier,Enseignant,4591.26,45,A004,Pessac,33600,sarah.lambert_1547@example.fr,Actif
1548,C001548,Océane,Petit,1946-01-24,2023-10-07,Particulier,Employé,2712.56,70,A014,Oloron-Sainte-Marie,64400,oceane.petit_1548@example.fr,Actif
1549,C001549,Julien,Mercier,1954-06-16,2015-12-29,Particulier,Employé,2539.16,76,A021,Périgueux,24000,julien.mercier_1549@example.fr,Actif
1550,C001550,Noah,Girard,1958-04-13,2026-02-28,Particulier,Technicien,2674.94,41,A002,Bordeaux,33300,noah.girard_1550@example.fr,Clos
1551,C001551,Emma,Bonnet,1947-06-23,2023-08-14,Particulier,Employé,1613.91,38,A012,Anglet,64600,emma.bonnet_1551@example.fr,Actif
1552,C001552,Clara,Martinez,1951-04-28,2025-10-30,Particulier,Retraité,-2988.34,53,A017,Niort,79000,clara.martinez_1552@example.fr,Actif
1553,C001553,Thomas,Robert,2004-01-20,2023-11-10,Particulier,Artisan,2838.95,87,A013,Orthez,64300,thomas.robert_1553@example.fr,Actif
1554,C001554,Chloé,Dubois,1984-03-15,2016-05-07,Particulier,Technicien,1980.88,51,A025,Dax,,chloe.dubois_1554@example.fr,Actif
1555,C001555,Sarah,Vincent,1976-06-01,2019-12-04,Professionnel,Technicien,7353.63,48,A017,Niort,79000,sarah.vincent_1555@example.fr,Actif
1556,C001556,Hugo,Fournier,1956-07-25,2023-12-09,Professionnel,Technicien,7387.39,65,A002,Bordeaux,33300,hugo.fournier_1556@example.fr,Actif
1557,C001557,Camille,Robert,1982-11-08,2016-10-05,Particulier,Cadre,1004.75,53,A015,La Rochelle,17000,camille.robert_1557@example.fr,Actif
1558,C001558,Hugo,Michel,1981-03-21,2022-08-23,Particulier,Cadre,0.0,36,A018,Poitiers,86000,hugo.michel_1558@example.fr,Actif
1559,C001559,Léa,Martin,1955-12-25,2021-11-06,particulier,Employé,3451.67,48,A011,Biarritz,64200,lea.martin_1559@example.fr,Actif
1560,C001560,Inès,Thomas,1967-08-16,2017-07-20,Particulier,Enseignant,2821.3,23,A014,Oloron-Sainte-Marie,64400,ines.thomas_1560@example.fr,Actif
1561,C001561,Inès,Bertrand,1966-05-03,2025-09-03,Professionnel,Artisan,6174.46,53,A002,Bordeaux,33300,ines.bertrand_1561@example.fr,Actif
1562,C001562,Enzo,Girard,1993-05-29,2023-09-30,Particulier,Agriculteur,6973.78,43,A004,Pessac,33600,enzo.girard_1562@example.fr,Actif
1563,C001563,Amélie,Moreau,1975-06-21,2019-02-12,Professionnel,Technicien,6043.24,36,A006,Libourne,33500,amelie.moreau_1563@example.fr,Actif
1564,C001564,Noah,Bernard,2001-08-28,2026-06-02,Particulier,Technicien,2208.3,72,A025,Dax,40100,noah.bernard_1564@example.fr,Actif
1565,C001565,Élodie,Fournier,1961-03-13,2017-07-02,Particulier,Artisan,3987.18,60,A016,Rochefort,17300,elodie.fournier_1565@example.fr,Actif
1566,C001566,Sarah,Legrand,2000-08-24,2020-03-08,Particulier,Retraité,3132.74,42,A006,Libourne,33500,sarah.legrand_1566@example.fr,Actif
1567,C001567,Nathan,Moreau,1954-06-20,2024-06-08,Particulier,Technicien,0.0,55,A002,Bordeaux,33300,nathan.moreau_1567@example.fr,Actif
1568,C001568,Jade,Fournier,2002-05-20,2016-06-06,Particulier,Employé,3315.45,65,A005,Talence,33400,jade.fournier_1568@example.fr,Actif
1569,C001569,Antoine,André,1948-09-25,2017-02-21,Particulier,Employé,3821.34,54,A001,Bordeaux,33000,antoine.andré_1569@example.fr,Actif
1570,C001570,Zoé,Richard,1987-09-09,2022-08-03,Particulier,Étudiant,0.0,74,A008,Langon,33210,zoe.richard_1570@example.fr,Actif
1571,C001571,Océane,Richard,1945-01-20,2018-12-24,Particulier,Étudiant,829.19,76,A020,Brive-la-Gaillarde,19100,oceane.richard_1571@example.fr,Actif
1572,C001572,Léa,Morel,1957-08-23,2023-01-02,Particulier,Commerçant,1734.78,52,A001,Bordeaux,33000,lea.morel_1572@example.fr,Actif
1573,C001573,Manon,Martin,2003-07-25,2022-12-16,Professionnel,Technicien,7478.54,47,A021,Périgueux,24000,manon.martin_1573@example.fr,Actif
1574,C001574,Enzo,Petit,1956-09-08,2023-09-14,Particulier,Commerçant,2413.05,46,A017,Niort,79000,enzo.petit_1574@example.fr,Actif
1575,C001575,Julien,Dubois,1981-09-03,2020-05-10,Particulier,Technicien,3027.5,30,A017,Niort,79000,julien.dubois_1575@example.fr,Clos
1576,C001576,Alexandre,Thomas,1981-03-03,2019-10-05,Particulier,Étudiant,1321.17,57,A015,La Rochelle,17000,alexandre.thomas_1576@example.fr,Inactif
1577,C001577,Manon,Roux,1994-10-02,2021-05-10,Professionnel,Cadre,2894.15,33,A016,Rochefort,17300,manon.roux_1577@example.fr,Actif
1578,C001578,Camille,Fournier,1984-06-27,2017-05-28,Particulier,Commerçant,126.88,50,A002,Bordeaux,33300,camille.fournier_1578@example.fr,Actif
1579,C001579,Paul,Leroy,1972-05-23,2023-03-06,Particulier,Enseignant,1877.3,62,A010,Bayonne,64100,paul.leroy_1579@example.fr,Actif
1580,C001580,Antoine,Girard,1995-04-26,2022-02-24,Particulier,Employé,2028.18,68,A012,Anglet,64600,antoine.girard_1580@example.fr,Actif
1581,C001581,Noah,Durand,1995-11-25,2021-03-14,Particulier,Technicien,3702.21,58,A025,Dax,40100,noah.durand_1581@example.fr,Actif
1582,C001582,Gabriel,Moreau,1959-10-10,2016-04-27,Particulier,Retraité,2706.81,20,A007,Arcachon,33120,gabriel.moreau_1582@example.fr,Actif
1583,C001583,Paul,Garcia,1980-11-18,2020-07-14,Particulier,Étudiant,1023.53,33,A008,Langon,33210,paul.garcia_1583@example.fr,Actif
1584,C001584,Hugo,Lefebvre,1991-11-28,2016-06-06,Particulier,Enseignant,1451.15,47,A015,La Rochelle,17000,hugo.lefebvre_1584@example.fr,Actif
1585,C001585,Thomas,Moreau,1987-07-07,2015-08-10,Particulier,Agriculteur,2755.28,38,A024,Mont-de-Marsan,40000,thomas.moreau_1585@example.fr,Actif
1586,C001586,Julien,Dupont,1966-10-11,2026-06-17,Professionnel,Technicien,6829.87,75,A002,Bordeaux,33300,julien.dupont_1586@example.fr,Actif
1587,C001587,Jade,David,1974-10-27,2026-06-20,Particulier,Enseignant,1313.5,38,A021,Périgueux,24000,jade.david_1587@example.fr,Actif
1588,C001588,Inès,Martinez,1984-08-02,2020-01-31,Particulier,Employé,488.43,39,A018,Poitiers,86000,ines.martinez_1588@example.fr,Actif
1589,C001589,Paul,Fournier,1981-09-23,2023-05-27,Particulier,Enseignant,2516.31,50,A006,Libourne,33500,paul.fournier_1589@example.fr,Actif
1590,C001590,Clara,Mercier,2002-04-14,2021-04-07,Particulier,Retraité,2463.03,73,A016,Rochefort,17300,clara.mercier_1590@example.fr,Actif
1591,C001591,Inès,Mercier,1976-03-26,2021-12-28,Particulier,Employé,3884.72,49,A024,Mont-de-Marsan,40000,ines.mercier_1591@example.fr,Actif
1592,C001592,Chloé,Bernard,1992-07-21,2018-05-13,Professionnel,Enseignant,4691.43,25,A022,Bergerac,24100,chloe.bernard_1592@example.fr,Actif
1593,C001593,Julien,Martinez,1992-05-04,2020-12-22,Particulier,Technicien,3106.1,67,A005,Talence,33400,julien.martinez_1593@example.fr,Actif
1594,C001594,Zoé,Dupont,1964-08-18,2016-07-02,Particulier,Étudiant,1626.07,48,A004,Pessac,33600,zoe.dupont_1594@example.fr,Actif
1595,C001595,Mathis,Durand,1984-07-13,2024-11-28,Particulier,Employé,0.0,48,A020,Brive-la-Gaillarde,19100,mathis.durand_1595@example.fr,Actif
1596,C001596,Gabriel,Vincent,1956-10-08,2021-01-17,Association,Enseignant,4533.83,38,A024,Mont-de-Marsan,40000,gabriel.vincent_1596@example.fr,Actif
1597,C001597,Alexandre,Leroy,1990-10-14,2018-03-02,Particulier,Cadre,5168.14,60,A020,Brive-la-Gaillarde,19100,alexandre.leroy_1597@example.fr,Actif
1598,C001598,Camille,Lambert,1951-01-22,2016-06-12,Particulier,Cadre,2498.85,21,A021,Périgueux,24000,camille.lambert_1598@example.fr,Actif
1599,C001599,Julien,Lefebvre,2000-11-20,2023-06-03,Particulier,Sans emploi,4787.64,49,A006,Libourne,33500,julien.lefebvre_1599@example.fr,Actif
1600,C001600,Amélie,Fournier,1985-12-14,2026-01-11,Particulier,Commerçant,44.73,36,A012,Anglet,64600,amelie.fournier_1600@example.fr,Actif
1601,C001601,Hugo,David,1993-12-07,2017-10-22,Particulier,Enseignant,3483.05,46,A017,Niort,79000,hugo.david_1601@example.fr,Actif
1602,C001602,Antoine,Lambert,1968-04-25,2025-11-11,Particulier,Agriculteur,3303.73,34,A012,Anglet,64600,antoine.lambert_1602@example.fr,Actif
1603,C001603,Paul,Petit,1978-10-07,2018-01-10,Professionnel,Employé,5880.34,61,A014,Oloron-Sainte-Marie,64400,paul.petit_1603@example.fr,Actif
1604,C001604,Nathan,Girard,1964-06-27,2017-10-11,Particulier,Cadre,0.0,47,A002,Bordeaux,33300,nathan.girard_1604@example.fr,Actif
1605,C001605,Julien,Mercier,1945-05-04,2016-06-23,Particulier,Commerçant,3567.89,57,A016,Rochefort,17300,julien.mercier_1605@example.fr,Actif
1606,C001606,Hugo,Bernard,1954-05-17,2026-02-10,Particulier,Profession libérale,3561.06,84,A004,Pessac,33600,,Actif
1607,C001607,Julien,Martinez,1959-01-13,2022-08-08,Particulier,Technicien,1547.65,41,A011,Biarritz,64200,julien.martinez_1607@example.fr,Actif
1608,C001608,Amélie,Thomas,1992-05-23,2016-12-02,Professionnel,Artisan,5750.96,64,A008,Langon,33210,amelie.thomas_1608@example.fr,Actif
1609,C001609,Camille,Mercier,1973-07-29,2015-08-20,Professionnel,Employé,4104.73,9,A012,Anglet,64600,camille.mercier_1609@example.fr,Actif
1610,C001610,Jade,Mercier,1977-02-14,2022-11-26,Particulier,Cadre,0.0,47,A024,Mont-de-Marsan,40000,jade.mercier_1610@example.fr,Actif
1611,C001611,Paul,François,1965-01-10,2018-09-20,Particulier,Cadre,4078.28,62,A008,Langon,33210,paul.françois_1611@example.fr,Actif
1612,C001612,Mathis,Bonnet,1953-04-17,2021-04-10,Particulier,Artisan,2584.82,52,A013,Orthez,64300,mathis.bonnet_1612@example.fr,Actif
1613,C001613,Sarah,Robert,1982-05-13,2019-05-07,Particulier,Employé,0.0,49,A005,Talence,33400,sarah.robert_1613@example.fr,Actif
1614,C001614,Antoine,Michel,1992-11-04,2025-04-23,Particulier,Commerçant,906.64,47,A021,Périgueux,24000,antoine.michel_1614@example.fr,Actif
1615,C001615,Julien,Durand,2000-07-13,2022-12-02,Professionnel,Artisan,7361.09,7,A016,Rochefort,17300,julien.durand_1615@example.fr,Actif
1616,C001616,Océane,François,1992-10-15,2020-09-29,Professionnel,Artisan,7454.05,88,A025,Dax,40100,oceane.françois_1616@example.fr,Actif
1617,C001617,Paul,Dubois,1980-05-07,2018-03-01,Particulier,Cadre,4149.52,68,A016,Rochefort,17300,paul.dubois_1617@example.fr,Actif
1618,C001618,Antoine,François,1973-06-14,2017-04-07,Particulier,Retraité,1726.79,52,A011,Biarritz,64200,antoine.françois_1618@example.fr,Actif
1619,C001619,Élodie,Lambert,1991-04-25,2025-08-12,Professionnel,Cadre,4236.2,83,A023,Agen,47000,elodie.lambert_1619@example.fr,Actif
1620,C001620,Amélie,Lefebvre,1983-06-12,2024-12-19,Particulier,Retraité,2468.75,79,A011,Biarritz,64200,amelie.lefebvre_1620@example.fr,Actif
1621,C001621,Mathis,Petit,1973-03-12,2017-01-02,Particulier,Agriculteur,3752.59,28,A002,Bordeaux,33300,mathis.petit_1621@example.fr,Actif
1622,C001622,Élodie,Dubois,1992-07-06,2020-03-17,Particulier,Employé,3600.21,88,A010,Bayonne,64100,elodie.dubois_1622@example.fr,Actif
1623,C001623,Gabriel,Leroy,1949-12-27,2016-04-28,Particulier,Enseignant,4483.84,30,A022,Bergerac,24100,gabriel.leroy_1623@example.fr,Actif
1624,C001624,Lucas,Garcia,1993-02-22,2019-07-12,Particulier,Cadre,1993.29,69,A003,Mérignac,33700,lucas.garcia_1624@example.fr,Actif
1625,C001625,Noah,Richard,1988-07-10,2023-01-26,Particulier,Enseignant,3983.87,73,A005,Talence,33400,noah.richard_1625@example.fr,Actif
1626,C001626,Jade,Dubois,2004-11-15,2025-03-29,Professionnel,Employé,8221.5,51,A008,Langon,33210,jade.dubois_1626@example.fr,Actif
1627,C001627,Hugo,Laurent,1945-10-28,2020-11-26,Particulier,Profession libérale,2812.13,35,A011,Biarritz,64200,hugo.laurent_1627@example.fr,Actif
1628,C001628,Océane,Leroy,1994-01-17,2020-11-13,Particulier,Technicien,5714.36,60,A005,Talence,33400,oceane.leroy_1628@example.fr,Actif
1629,C001629,Noah,Thomas,1957-08-28,2026-02-05,Particulier,Profession libérale,2425.76,87,A011,Biarritz,64200,noah.thomas_1629@example.fr,Actif
1630,C001630,Jade,Martin,1966-06-29,2020-09-16,Particulier,Profession libérale,2837.17,61,A015,La Rochelle,17000,jade.martin_1630@example.fr,Actif
1631,C001631,Alexandre,Lefebvre,1960-04-06,2022-07-09,Particulier,Employé,7139.81,48,A019,Limoges,87000,alexandre.lefebvre_1631@example.fr,Actif
1632,C001632,Clara,Petit,1994-11-07,2022-02-04,Particulier,Technicien,1508.36,46,A025,Dax,40100,clara.petit_1632@example.fr,Actif
1633,C001633,Camille,Morel,1989-09-03,2022-01-23,Particulier,Étudiant,364.96,85,A007,Arcachon,33120,camille.morel_1633@example.fr,Actif
1634,C001634,Élodie,Dupont,1969-03-16,2020-07-10,Professionnel,Étudiant,617.24,55,A014,Oloron-Sainte-Marie,64400,elodie.dupont_1634@example.fr,Inactif
1635,C001635,Nathan,Bernard,1972-03-12,2018-10-17,Particulier,Employé,1353.48,41,A007,Arcachon,33120,nathan.bernard_1635@example.fr,Actif
1636,C001636,Élodie,Thomas,1970-09-04,2020-01-09,Particulier,Employé,2487.76,25,A022,Bergerac,24100,elodie.thomas_1636@example.fr,Actif
1637,C001637,Noah,Legrand,1960-12-23,2015-03-16,Particulier,Technicien,669.94,85,A023,Agen,47000,noah.legrand_1637@example.fr,Actif
1638,C001638,Jade,Girard,2003-11-10,2018-11-13,Particulier,Retraité,2692.11,37,A012,Anglet,64600,jade.girard_1638@example.fr,Actif
1639,C001639,Nathan,Martinez,1958-03-16,2019-09-21,Particulier,Retraité,2289.5,27,A022,Bergerac,24100,nathan.martinez_1639@example.fr,Actif
1640,C001640,Léa,Thomas,2003-11-23,2026-05-12,Professionnel,Retraité,3058.87,43,A018,Poitiers,86000,lea.thomas_1640@example.fr,Inactif
1641,C001641,Paul,Dubois,1987-04-21,2019-09-30,Particulier,Employé,1592.62,34,A012,Anglet,64600,paul.dubois_1641@example.fr,Actif
1642,C001642,Amélie,David,1984-08-10,2019-08-21,Particulier,SANS EMPLOI,4838.4,84,A017,Niort,79000,amelie.david_1642@example.fr,Actif
1643,C001643,Paul,Girard,1951-06-18,2019-08-19,Professionnel,Retraité,1720.72,35,A017,Niort,79000,paul.girard_1643@example.fr,Actif
1644,C001644,Océane,David,1956-05-30,2019-03-15,Professionnel,Cadre,7312.22,41,A015,La Rochelle,17000,oceane.david_1644@example.fr,Actif
1645,C001645,Enzo,Roux,1958-07-02,2017-02-12,Particulier,Étudiant,918.86,38,A010,Bayonne,64100,enzo.roux_1645@example.fr,Actif
1646,C001646,Nathan,Bertrand,1974-04-25,2023-08-27,Particulier,Employé,760.0,65,A015,La Rochelle,17000,nathan.bertrand_1646@example.fr,Actif
1647,C001647,Élodie,Fournier,1992-04-30,2020-01-11,Particulier,Artisan,4317.71,50,A019,Limoges,87000,elodie.fournier_1647@example.fr,Actif
1648,C001648,Mathis,Morel,1991-03-16,2021-03-09,Particulier,Enseignant,1835.6,41,A001,Bordeaux,33000,mathis.morel_1648@example.fr,Actif
1649,C001649,Nathan,Dupont,2002-08-13,2017-05-30,Particulier,Cadre,1091.93,70,A021,Périgueux,24000,nathan.dupont_1649@example.fr,Actif
1650,C001650,Lucas,Garcia,1970-08-13,2020-07-13,Particulier,Commerçant,6238.98,62,A013,Orthez,64300,lucas.garcia_1650@example.fr,Actif
1651,C001651,Alexandre,François,1967-03-08,2021-08-04,Particulier,Employé,823.52,58,A014,Oloron-Sainte-Marie,64400,alexandre.françois_1651@example.fr,Actif
1652,C001652,Lucas,Laurent,1955-10-18,2023-09-14,Particulier,Retraité,1674.36,81,A009,Pau,64000,lucas.laurent_1652@example.fr,Actif
1653,C001653,Camille,David,1991-02-25,2020-07-11,Particulier,Technicien,5387.63,57,A010,Bayonne,64100,camille.david_1653@example.fr,Actif
1654,C001654,Océane,Moreau,1970-12-07,2020-02-13,Association,Profession libérale,3579.18,63,A001,Bordeaux,33000,oceane.moreau_1654@example.fr,Actif
1655,C001655,Océane,Dubois,1990-06-19,2024-01-27,Particulier,Cadre,6008.48,57,A007,Arcachon,33120,oceane.dubois_1655@example.fr,Actif
1656,C001656,Amélie,Martin,1960-02-06,2015-10-17,Particulier,Cadre,3378.69,55,A005,Talence,33400,amelie.martin_1656@example.fr,Actif
1657,C001657,Mathis,Lambert,1991-10-22,2026-01-18,Professionnel,Artisan,5786.83,60,A005,Talence,33400,mathis.lambert_1657@example.fr,Actif
1658,C001658,Chloé,Moreau,1958-04-08,2023-01-23,Particulier,Enseignant,5566.62,48,A015,La Rochelle,17000,chloe.moreau_1658@example.fr,Actif
1659,C001659,Zoé,Martinez,2003-11-06,2018-07-26,Particulier,Agriculteur,1355.04,48,A007,Arcachon,33120,zoe.martinez_1659@example.fr,Actif
1660,C001660,Enzo,Roux,1977-01-11,2025-12-29,Particulier,Étudiant,1366.12,75,A024,Mont-de-Marsan,40000,enzo.roux_1660@example.fr,Clos
1661,C001661,Manon,Michel,1954-11-16,2016-12-15,Particulier,Retraité,900.0,36,A007,Arcachon,33120,manon.michel_1661@example.fr,Actif
1662,C001662,Thomas,Mercier,1947-01-15,2019-04-24,Particulier,Enseignant,3725.38,30,A013,Orthez,64300,thomas.mercier_1662@example.fr,Actif
1663,C001663,Nathan,Leroy,1976-11-01,2025-12-11,Particulier,Employé,1852.44,81,A020,Brive-la-Gaillarde,19100,nathan.leroy_1663@example.fr,Actif
1664,C001664,Paul,Fournier,1984-12-07,2016-09-26,Particulier,Cadre,2285.15,54,A007,Arcachon,33120,paul.fournier_1664@example.fr,Actif
1665,C001665,Antoine,Bertrand,1959-02-08,2019-04-05,Professionnel,Profession libérale,4207.78,82,A014,Oloron-Sainte-Marie,64400,antoine.bertrand_1665@example.fr,Actif
1666,C001666,Amélie,Simon,1945-07-17,2022-04-25,Particulier,Employé,1879.66,88,A019,Limoges,87000,amelie.simon_1666@example.fr,Actif
1667,C001667,Inès,Bernard,1997-02-25,2021-12-24,Particulier,Étudiant,736.71,57,A011,Biarritz,64200,ines.bernard_1667@example.fr,Actif
1668,C001668,Alexandre,Martinez,1996-06-23,2025-11-02,Particulier,Sans emploi,2686.3,19,A010,Bayonne,64100,alexandre.martinez_1668@example.fr,Actif
1669,C001669,Océane,Dupont,2001-11-13,2021-03-16,Particulier,Retraité,1302.08,45,A025,Dax,40100,oceane.dupont_1669@example.fr,Actif
1670,C001670,Clara,Bernard,1968-02-20,2021-06-29,Particulier,Commerçant,2572.81,47,A003,Mérignac,33700,clara.bernard_1670@example.fr,Actif
1671,C001671,Gabriel,Bernard,1995-10-11,2017-01-17,Particulier,Artisan,6466.46,44,A011,Biarritz,64200,gabriel.bernard_1671@example.fr,Actif
1672,C001672,Jade,Simon,1962-08-08,2025-03-08,Professionnel,Cadre,7151.68,63,A012,Anglet,64600,jade.simon_1672@example.fr,Actif
1673,C001673,Antoine,Morel,1957-01-26,2017-09-28,Professionnel,Technicien,4526.05,44,A020,Brive-la-Gaillarde,19100,antoine.morel_1673@example.fr,Actif
1674,C001674,Sarah,Fournier,1977-06-17,2016-12-12,Particulier,Employé,289.47,81,A021,Périgueux,24000,sarah.fournier_1674@example.fr,Actif
1675,C001675,Lucas,Bonnet,2003-01-18,2015-05-02,Particulier,Étudiant,1200.35,66,A025,Dax,40100,lucas.bonnet_1675@example.fr,Actif
1676,C001676,Noah,François,1948-10-13,2016-12-06,Particulier,Cadre,2996.93,53,A017,Niort,79000,noah.françois_1676@example.fr,Actif
1677,C001677,Paul,Robert,1980-05-30,2015-04-22,Professionnel,Étudiant,917.64,39,A014,Oloron-Sainte-Marie,64400,paul.robert_1677@example.fr,Actif
1678,C001678,Zoé,André,2000-12-24,2022-06-01,Particulier,Profession libérale,3157.33,56,A009,Pau,64000,zoe.andré_1678@example.fr,Actif
1679,C001679,Julien,Morel,1950-07-06,2016-06-20,Particulier,Sans emploi,2196.65,71,A009,Pau,64000,julien.morel_1679@example.fr,Actif
1680,C001680,Hugo,Mercier,1951-08-06,2020-06-23,Particulier,Cadre,5098.54,47,A022,Bergerac,24100,hugo.mercier_1680@example.fr,Actif
1681,C001681,Jade,Martinez,1988-06-06,2016-06-26,Particulier,Retraité,1799.69,95,A017,Niort,79000,jade.martinez_1681@example.fr,Actif
1682,C001682,Marie,Michel,1949-07-12,2017-05-25,Particulier,Profession libérale,3087.21,63,A017,Niort,79000,marie.michel_1682@example.fr,Actif
1683,C001683,Paul,Moreau,1957-02-07,2017-06-27,Particulier,Employé,5765.82,45,A015,La Rochelle,17000,paul.moreau_1683@example.fr,Actif
1684,C001684,Manon,Lefebvre,1957-08-12,2022-11-01,Particulier,Cadre,1416.41,61,A005,Talence,33400,manon.lefebvre_1684@example.fr,Actif
1685,C001685,Marie,Richard,1988-05-27,2019-08-29,Professionnel,Sans emploi,5995.58,48,A001,Bordeaux,33000,marie.richard_1685@example.fr,Actif
1686,C001686,Clara,Bernard,1988-04-15,2019-02-09,Particulier,Employé,2557.53,59,A009,Pau,64000,clara.bernard_1686@example.fr,Actif
1687,C001687,Hugo,Fournier,1959-10-12,2025-11-11,Particulier,Enseignant,5280.93,47,A008,Langon,33210,hugo.fournier_1687@example.fr,Actif
1688,C001688,Zoé,Martinez,1967-05-02,2024-02-11,Particulier,Employé,3370.18,59,A007,Arcachon,33120,zoe.martinez_1688@example.fr,Clos
1689,C001689,Inès,Richard,1985-03-25,2015-09-22,Particulier,Sans emploi,1900.18,34,A012,Anglet,64600,ines.richard_1689@example.fr,Actif
1690,C001690,Thomas,Garcia,1992-02-11,2016-04-01,Particulier,Cadre,6823.38,74,A003,Mérignac,33700,thomas.garcia_1690@example.fr,Actif
1691,C001691,Camille,Laurent,2002-01-12,2025-09-16,Particulier,Employé,5535.0,28,A005,Talence,33400,camille.laurent_1691@example.fr,Actif
1692,C001692,Noah,Garcia,1966-06-26,2016-02-12,Particulier,Employé,4142.31,21,A013,Orthez,64300,noah.garcia_1692@example.fr,Actif
1693,C001693,Zoé,Vincent,1994-05-28,2022-04-23,Particulier,Cadre,2217.34,41,A025,Dax,40100,zoe.vincent_1693@example.fr,Actif
1694,C001694,Julien,Durand,1976-02-15,2022-02-19,Particulier,Employé,3915.48,51,A008,Langon,33210,julien.durand_1694@example.fr,Actif
1695,C001695,Hugo,Lambert,1960-03-16,2026-02-16,Particulier,Profession libérale,0.0,48,A012,Anglet,64600,hugo.lambert_1695@example.fr,Actif
1696,C001696,Manon,Simon,1970-02-02,2019-05-28,Professionnel,Cadre,5039.1,52,A016,Rochefort,17300,manon.simon_1696@example.fr,Actif
1697,C001697,Gabriel,Moreau,1955-09-15,2023-09-26,Professionnel,Enseignant,4026.27,38,A016,Rochefort,17300,gabriel.moreau_1697@example.fr,Actif
1698,C001698,Lucas,Garcia,1965-07-19,2025-11-23,Particulier,Technicien,4389.81,72,A018,Poitiers,86000,lucas.garcia_1698@example.fr,Actif
1699,C001699,Enzo,Girard,1990-02-15,2024-03-20,Particulier,Retraité,1287.41,51,A022,Bergerac,24100,enzo.girard_1699@example.fr,Actif
1700,C001700,Mathis,Robert,1977-08-29,2015-01-21,Particulier,Employé,244.41,67,A010,Bayonne,64100,mathis.robert_1700@example.fr,Clos
1701,C001701,Julien,Garcia,1945-08-16,2022-06-23,Particulier,Employé,1773.05,33,A023,Agen,47000,julien.garcia_1701@example.fr,Actif
1702,C001702,Léa,Robert,1965-02-28,2026-05-25,Particulier,Agriculteur,3240.78,55,A005,Talence,33400,lea.robert_1702@example.fr,Actif
1703,C001703,Lucas,Legrand,2004-05-07,2023-04-30,Particulier,Enseignant,3682.42,87,A021,Périgueux,24000,lucas.legrand_1703@example.fr,Actif
1704,C001704,Julien,Michel,1967-05-17,2020-04-08,Particulier,Agriculteur,3666.96,55,A021,Périgueux,24000,julien.michel_1704@example.fr,Actif
1705,C001705,Mathis,Laurent,1960-09-10,2020-07-02,Particulier,Employé,1639.45,60,A024,Mont-de-Marsan,40000,mathis.laurent_1705@example.fr,Inactif
1706,C001706,Hugo,Dupont,1955-07-10,2015-02-27,Professionnel,Profession libérale,471.08,77,A012,Anglet,64600,hugo.dupont_1706@example.fr,Actif
1707,C001707,Léa,Dupont,2000-05-05,2022-02-23,Professionnel,Employé,4695.74,66,A006,Libourne,33500,lea.dupont_1707@example.fr,Actif
1708,C001708,Lucas,Robert,1953-06-23,2017-07-26,Professionnel,Étudiant,1050.49,31,A006,Libourne,33500,lucas.robert_1708@example.fr,Actif
1709,C001709,Léa,Petit,1982-06-29,2026-03-22,Particulier,Enseignant,5742.72,41,A011,Biarritz,64200,lea.petit_1709@example.fr,Inactif
1710,C001710,Thomas,Mercier,1999-10-18,2021-12-19,Particulier,Profession libérale,3649.5,85,A011,Biarritz,64200,thomas.mercier_1710@example.fr,Actif
1711,C001711,Hugo,Martin,1996-01-08,2025-02-28,Particulier,Retraité,1660.14,80,A004,Pessac,33600,hugo.martin_1711@example.fr,Actif
1712,C001712,Chloé,Richard,1957-04-22,2018-08-05,Professionnel,Étudiant,693.08,68,A004,Pessac,33600,chloe.richard_1712@example.fr,Actif
1713,C001713,Clara,Garcia,1954-06-23,2020-10-12,Particulier,Retraité,2216.83,33,A017,Niort,79000,clara.garcia_1713@example.fr,Inactif
1714,C001714,Mathis,Bonnet,1975-12-05,2021-01-10,Professionnel,Retraité,3246.37,56,A005,Talence,33400,mathis.bonnet_1714@example.fr,Actif
1715,C001715,Zoé,Lambert,1980-09-03,2023-09-23,particulier,Retraité,2800.41,54,A014,Oloron-Sainte-Marie,64400,zoe.lambert_1715@example.fr,Actif
1716,C001716,Mathis,Leroy,1984-11-20,2018-12-20,Particulier,Retraité,1847.16,30,A001,Bordeaux,33000,mathis.leroy_1716@example.fr,Actif
1717,C001717,Clara,Fournier,1989-10-01,2023-03-02,Particulier,Employé,5073.16,67,A005,Talence,33400,clara.fournier_1717@example.fr,Inactif
1718,C001718,Camille,Bernard,1947-07-05,2018-09-08,Particulier,Enseignant,784.03,67,A024,Mont-de-Marsan,40000,camille.bernard_1718@example.fr,Actif
1719,C001719,Noah,Bonnet,1947-04-14,2025-07-07,Particulier,Employé,2626.58,67,A007,Arcachon,33120,noah.bonnet_1719@example.fr,Actif
1720,C001720,Amélie,Morel,2000-07-31,2020-04-17,Particulier,Retraité,2040.9,35,A011,Biarritz,64200,amelie.morel_1720@example.fr,Actif
1721,C001721,Marie,François,1967-10-28,2025-12-13,Particulier,Commerçant,5996.29,35,A006,Libourne,33500,marie.françois_1721@example.fr,Actif
1722,C001722,Jade,Robert,1975-08-11,2022-07-08,Particulier,Employé,1196.56,47,A013,Orthez,64300,jade.robert_1722@example.fr,Actif
1723,C001723,Julien,Leroy,1989-08-15,2019-01-20,Particulier,Artisan,4781.35,78,A009,Pau,64000,julien.leroy_1723@example.fr,Inactif
1724,C001724,Élodie,Dupont,1993-03-31,2025-10-13,Particulier,Agriculteur,1022.02,62,A011,Biarritz,64200,elodie.dupont_1724@example.fr,Actif
1725,C001725,Julien,Lambert,1948-07-28,2019-06-18,Particulier,Agriculteur,2946.54,66,A018,Poitiers,86000,julien.lambert_1725@example.fr,Actif
1726,C001726,Zoé,François,1949-09-27,2024-07-02,Particulier,Étudiant,769.01,46,A008,Langon,33210,zoe.françois_1726@example.fr,Actif
1727,C001727,Élodie,Moreau,1948-08-30,2024-05-22,Particulier,Profession libérale,3435.79,47,A005,Talence,33400,elodie.moreau_1727@example.fr,Actif
1728,C001728,Alexandre,Richard,1951-06-03,2019-03-29,Particulier,Cadre,3186.68,33,A004,Pessac,33600,alexandre.richard_1728@example.fr,Actif
1729,C001729,Léa,Garcia,1969-07-26,2026-02-14,Particulier,Commerçant,4430.06,42,A017,Niort,79000,lea.garcia_1729@example.fr,Actif
1730,C001730,Marie,Leroy,1964-07-31,2024-11-06,Professionnel,Sans emploi,4263.47,31,A016,Rochefort,17300,marie.leroy_1730@example.fr,Actif
1731,C001731,Alexandre,Petit,1977-04-08,2016-08-03,Particulier,Commerçant,682.87,56,A007,Arcachon,33120,alexandre.petit_1731@example.fr,Actif
1732,C001732,Thomas,François,1987-12-28,2015-10-29,Particulier,Employé,3383.15,60,A021,Périgueux,24000,thomas.françois_1732@example.fr,Actif
1733,C001733,Enzo,Lambert,1968-01-25,2019-03-25,Particulier,Commerçant,1025.87,55,A012,Anglet,64600,enzo.lambert_1733@example.fr,Actif
1734,C001734,Clara,Laurent,1979-03-08,2023-12-29,Professionnel,Étudiant,628.96,90,A022,Bergerac,24100,clara.laurent_1734@example.fr,Actif
1735,C001735,Zoé,Simon,1967-07-06,2024-11-21,Professionnel,Technicien,5294.15,71,A008,Langon,33210,zoe.simon_1735@example.fr,Actif
1736,C001736,Noah,David,1987-02-27,2017-01-07,Particulier,Étudiant,558.97,16,A007,Arcachon,33120,noah.david_1736@example.fr,Actif
1737,C001737,Mathis,Martin,1975-05-14,2023-11-29,Particulier,Technicien,4028.91,22,A015,La Rochelle,17000,mathis.martin_1737@example.fr,Actif
1738,C001738,Mathis,Bonnet,1984-10-25,2023-11-01,Association,Enseignant,6388.37,77,A001,Bordeaux,33000,mathis.bonnet_1738@example.fr,Actif
1739,C001739,Chloé,Robert,1965-05-19,2016-03-10,Particulier,Technicien,3548.01,40,A011,Biarritz,64200,chloe.robert_1739@example.fr,Actif
1740,C001740,Nathan,Morel,2004-11-13,2021-10-11,Particulier,Employé,2715.26,21,A024,Mont-de-Marsan,40000,nathan.morel_1740@example.fr,Actif
1741,C001741,Jade,François,1945-09-07,2019-05-29,Particulier,Profession libérale,1051.14,16,A008,Langon,33210,jade.françois_1741@example.fr,Actif
1742,C001742,Manon,Michel,1982-12-20,2021-10-04,Particulier,Enseignant,2759.11,66,A023,Agen,47000,manon.michel_1742@example.fr,Actif
1743,C001743,Antoine,Dupont,1956-11-17,2025-12-25,Particulier,Enseignant,3587.28,68,A012,Anglet,64600,antoine.dupont_1743@example.fr,Actif
1744,C001744,Noah,Lefebvre,1999-10-14,2023-07-31,Professionnel,Enseignant,4586.35,70,A012,Anglet,64600,noah.lefebvre_1744@example.fr,Actif
1745,C001745,Antoine,Garcia,1951-11-06,2019-01-03,Particulier,Cadre,2472.62,47,A016,Rochefort,17300,antoine.garcia_1745@example.fr,Actif
1746,C001746,Sarah,Lambert,1980-01-07,2021-12-17,Particulier,Profession libérale,4063.85,71,A001,Bordeaux,33000,sarah.lambert_1746@example.fr,Actif
1747,C001747,Marie,Moreau,2004-04-21,2018-09-15,Particulier,Employé,2399.8,51,A015,La Rochelle,17000,marie.moreau_1747@example.fr,Actif
1748,C001748,Emma,Durand,1951-01-09,2018-06-27,Particulier,Employé,3184.91,95,A023,Agen,47000,emma.durand_1748@example.fr,Actif
1749,C001749,Enzo,Lambert,1980-08-16,2015-01-28,Particulier,Employé,4731.55,49,A016,Rochefort,17300,enzo.lambert_1749@example.fr,Actif
1750,C001750,Zoé,François,1983-02-07,2020-02-03,Particulier,Employé,876.17,27,A015,La Rochelle,17000,zoe.françois_1750@example.fr,Actif
1751,C001751,Alexandre,Vincent,1966-11-25,2020-10-23,Particulier,Artisan,1539.08,81,A003,Mérignac,33700,alexandre.vincent_1751@example.fr,Actif
1752,C001752,Emma,Petit,1995-08-08,2018-01-26,Particulier,Cadre,669.1,77,A011,Biarritz,64200,emma.petit_1752@example.fr,Actif
1753,C001753,Inès,Bernard,1991-05-05,2024-08-03,Particulier,Employé,4267.01,62,A022,Bergerac,24100,ines.bernard_1753@example.fr,Inactif
1754,C001754,Enzo,Lambert,1964-06-18,2024-09-29,Particulier,Enseignant,0.0,26,A021,Périgueux,24000,enzo.lambert_1754@example.fr,Actif
1755,C001755,Manon,Robert,1985-03-27,2018-02-05,Particulier,Commerçant,4616.03,47,A003,Mérignac,33700,manon.robert_1755@example.fr,Inactif
1756,C001756,Julien,Fournier,1995-04-01,2017-08-11,Particulier,Retraité,3000.69,78,A008,Langon,33210,julien.fournier_1756@example.fr,Actif
1757,C001757,Noah,Martinez,1974-11-03,2021-04-20,Particulier,Cadre,1818.46,95,A023,Agen,47000,noah.martinez_1757@example.fr,Actif
1758,C001758,Lucas,Durand,1996-12-02,2024-02-25,Particulier,Retraité,2494.75,34,A016,Rochefort,17300,lucas.durand_1758@example.fr,Actif
1759,C001759,Hugo,David,1951-12-03,2019-10-07,Particulier,Technicien,836.32,30,A013,Orthez,64300,hugo.david_1759@example.fr,Actif
1760,C001760,Élodie,Bertrand,1982-05-16,2017-05-08,Particulier,Cadre,500.73,95,A008,Langon,33210,elodie.bertrand_1760@example.fr,Actif
1761,C001761,Inès,David,1997-02-12,2022-05-25,Particulier,Employé,4489.12,68,A024,Mont-de-Marsan,40000,ines.david_1761@example.fr,Actif
1762,C001762,Nathan,Fournier,1986-03-17,2016-10-01,Professionnel,Employé,3948.36,36,A017,Niort,79000,nathan.fournier_1762@example.fr,Actif
1763,C001763,Léa,Garcia,1964-09-21,2016-10-01,Particulier,Retraité,1201.99,43,A009,Pau,64000,lea.garcia_1763@example.fr,Actif
1764,C001764,Léa,Durand,1973-02-21,2018-11-12,Particulier,Profession libérale,3702.05,39,A024,Mont-de-Marsan,40000,lea.durand_1764@example.fr,Actif
1765,C001765,Mathis,Petit,1997-12-11,2025-06-11,Particulier,Employé,406.17,44,A013,Orthez,64300,mathis.petit_1765@example.fr,Actif
1766,C001766,Camille,Dupont,1945-10-20,2018-12-25,Professionnel,Employé,3035.6,43,A015,La Rochelle,17000,camille.dupont_1766@example.fr,Actif
1767,C001767,Camille,Robert,1980-12-08,2021-10-20,Particulier,Technicien,4271.0,79,A004,Pessac,33600,camille.robert_1767@example.fr,Actif
1768,C001768,Mathis,Morel,1945-03-27,2021-09-25,Professionnel,Retraité,3674.08,48,A012,Anglet,64600,mathis.morel_1768@example.fr,Actif
1769,C001769,Léa,Robert,1955-02-17,2023-08-17,Particulier,Cadre,2732.08,67,A002,Bordeaux,33300,lea.robert_1769@example.fr,Actif
1770,C001770,Hugo,Simon,1956-08-10,2018-07-10,Particulier,Commerçant,5897.78,28,A008,Langon,33210,hugo.simon_1770@example.fr,Actif
1771,C001771,Manon,Thomas,1976-10-18,2017-01-10,Association,Profession libérale,4810.55,75,A006,Libourne,33500,manon.thomas_1771@example.fr,Actif
1772,C001772,Léa,Leroy,1990-11-02,2016-11-07,Particulier,Étudiant,568.16,17,A011,Biarritz,64200,lea.leroy_1772@example.fr,Actif
1773,C001773,Zoé,David,1975-08-18,2021-11-18,Particulier,Employé,4624.5,66,A022,Bergerac,24100,zoe.david_1773@example.fr,Actif
1774,C001774,Jade,Roux,1952-03-17,2018-02-21,Particulier,Étudiant,445.39,42,A010,Bayonne,64100,jade.roux_1774@example.fr,Actif
1775,C001775,Zoé,Garcia,1967-01-28,2017-01-22,Professionnel,Cadre,5009.08,59,A013,Orthez,64300,zoe.garcia_1775@example.fr,Actif
1776,C001776,Camille,Lambert,1970-10-21,2023-11-13,Particulier,Artisan,839.71,77,A014,Oloron-Sainte-Marie,64400,camille.lambert_1776@example.fr,Actif
1777,C001777,Emma,Lefebvre,1961-04-17,2024-12-22,Particulier,Retraité,1100.79,64,A002,Bordeaux,33300,emma.lefebvre_1777@example.fr,Actif
1778,C001778,Julien,Thomas,2000-10-11,2023-08-13,Particulier,Employé,3512.92,54,A024,Mont-de-Marsan,40000,julien.thomas_1778@example.fr,Actif
1779,C001779,Gabriel,Lambert,1989-02-10,2023-08-04,Particulier,Cadre,2958.87,55,A022,Bergerac,24100,gabriel.lambert_1779@example.fr,Clos
1780,C001780,Alexandre,Morel,1980-10-14,2015-10-25,Particulier,Artisan,3741.79,43,A002,Bordeaux,33300,alexandre.morel_1780@example.fr,Actif
1781,C001781,Camille,Bertrand,1978-08-25,2018-08-03,Particulier,Cadre,3148.35,65,A012,Anglet,64600,camille.bertrand_1781@example.fr,Actif
1782,C001782,Noah,Martin,1999-09-08,2017-04-26,Particulier,Commerçant,3313.49,34,A025,Dax,40100,noah.martin_1782@example.fr,Actif
1783,C001783,Thomas,André,2002-09-27,2022-02-06,Particulier,Employé,4546.32,60,A008,Langon,33210,thomas.andré_1783@example.fr,Actif
1784,C001784,Élodie,Bonnet,1964-03-31,2017-04-28,Particulier,Profession libérale,2441.1,38,A004,Pessac,33600,elodie.bonnet_1784@example.fr,Actif
1785,C001785,Antoine,Roux,1967-02-04,2017-04-10,Particulier,Employé,4448.67,22,A006,Libourne,33500,antoine.roux_1785@example.fr,Actif
1786,C001786,Paul,Leroy,1964-04-14,2018-10-05,Particulier,Employé,2847.48,95,A003,Mérignac,33700,paul.leroy_1786@example.fr,Actif
1787,C001787,Jade,Richard,1975-04-27,2025-07-01,Professionnel,Retraité,2027.66,36,A016,Rochefort,17300,jade.richard_1787@example.fr,Actif
1788,C001788,Inès,Dupont,1948-04-23,2016-02-03,Particulier,Employé,3241.77,69,A019,Limoges,87000,ines.dupont_1788@example.fr,Actif
1789,C001789,Mathis,Lambert,1988-09-19,2016-03-11,Particulier,Enseignant,3280.75,60,A012,Anglet,64600,mathis.lambert_1789@example.fr,Actif
1790,C001790,Julien,David,1952-03-18,2024-06-30,Professionnel,Enseignant,7207.41,71,A009,Pau,64000,julien.david_1790@example.fr,Actif
1791,C001791,Gabriel,André,1995-08-07,2021-11-16,Particulier,Commerçant,0.0,72,A007,Arcachon,33120,gabriel.andré_1791@example.fr,Actif
1792,C001792,Océane,Simon,1988-01-16,2025-05-18,Particulier,Employé,975.25,67,A025,Dax,40100,oceane.simon_1792@example.fr,Actif
1793,C001793,Paul,Petit,1950-07-05,2016-11-03,Particulier,Employé,53.19,41,A012,Anglet,64600,paul.petit_1793@example.fr,Actif
1794,C001794,Marie,Girard,1979-06-28,2015-02-08,Particulier,Cadre,1686.6,57,A003,Mérignac,33700,marie.girard_1794@example.fr,Actif
1795,C001795,Chloé,Bonnet,1991-08-19,2020-06-28,Particulier,Artisan,1323.22,36,A001,Bordeaux,33000,chloe.bonnet_1795@example.fr,Actif
1796,C001796,Emma,Lambert,1986-10-02,2021-09-11,Particulier,Cadre,2405.18,40,A018,Poitiers,86000,emma.lambert_1796@example.fr,Actif
1797,C001797,Chloé,Bernard,1961-09-09,2025-03-06,Particulier,Agriculteur,2149.58,48,A015,La Rochelle,17000,chloe.bernard_1797@example.fr,Actif
1798,C001798,Alexandre,Dupont,1990-04-04,2022-05-14,Professionnel,Cadre,7033.51,67,A005,Talence,33400,alexandre.dupont_1798@example.fr,Actif
1799,C001799,Nathan,Thomas,2003-06-28,2016-08-31,Particulier,Étudiant,419.62,52,A019,Limoges,87000,nathan.thomas_1799@example.fr,Actif
1800,C001800,Julien,Dubois,1975-07-29,2020-04-30,Particulier,Profession libérale,3416.03,82,A022,Bergerac,24100,julien.dubois_1800@example.fr,Clos
1801,C001801,Enzo,David,1958-02-28,2023-11-23,Particulier,Étudiant,1425.0,11,A016,Rochefort,17300,enzo.david_1801@example.fr,Actif
1802,C001802,Camille,Moreau,1982-03-13,2020-05-31,Professionnel,Technicien,5932.3,47,A025,Dax,40100,camille.moreau_1802@example.fr,Actif
1803,C001803,Emma,Moreau,1974-05-23,2017-04-02,Particulier,Commerçant,3423.59,73,A002,Bordeaux,33300,emma.moreau_1803@example.fr,Actif
1804,C001804,Gabriel,Moreau,2003-02-22,2026-03-17,Professionnel,Employé,1943.21,82,A007,Arcachon,33120,gabriel.moreau_1804@example.fr,Actif
1805,C001805,Mathis,Roux,1975-02-15,2021-12-08,Particulier,Profession libérale,3892.73,68,A004,Pessac,33600,mathis.roux_1805@example.fr,Actif
1806,C001806,Mathis,Durand,1996-01-22,2024-07-20,Particulier,Enseignant,3178.6,50,A005,Talence,33400,mathis.durand_1806@example.fr,Clos
1807,C001807,Chloé,David,1955-06-02,2015-11-13,Particulier,Technicien,4565.6,53,A016,Rochefort,17300,chloe.david_1807@example.fr,Actif
1808,C001808,Gabriel,Roux,1969-02-14,2016-11-18,Professionnel,Étudiant,1238.2,48,A012,Anglet,64600,gabriel.roux_1808@example.fr,Actif
1809,C001809,Emma,Girard,1956-03-01,2025-08-29,Particulier,Cadre,2043.79,51,A021,Périgueux,24000,emma.girard_1809@example.fr,Actif
1810,C001810,Nathan,Garcia,1998-05-09,2023-11-18,Particulier,Étudiant,191.25,56,A022,Bergerac,24100,nathan.garcia_1810@example.fr,Actif
1811,C001811,Léa,André,1947-09-10,2021-08-07,Particulier,Cadre,347.79,58,A023,Agen,47000,lea.andré_1811@example.fr,Actif
1812,C001812,Mathis,Dupont,1987-07-27,2018-03-08,Particulier,Technicien,4134.26,65,A008,Langon,33210,mathis.dupont_1812@example.fr,Inactif
1813,C001813,Hugo,Durand,1977-11-06,2020-05-31,Particulier,Retraité,3513.87,35,A008,Langon,33210,hugo.durand_1813@example.fr,Actif
1814,C001814,Océane,Martin,1999-03-07,2019-02-14,Particulier,Sans emploi,4331.03,73,A001,Bordeaux,33000,oceane.martin_1814@example.fr,Actif
1815,C001815,Marie,Robert,1964-02-05,2017-09-24,Particulier,Profession libérale,3456.35,32,A019,Limoges,87000,marie.robert_1815@example.fr,Actif
1816,C001816,Manon,Richard,1949-11-30,2025-11-03,Particulier,Employé,5028.1,62,A022,Bergerac,24100,manon.richard_1816@example.fr,Actif
1817,C001817,Inès,Moreau,1951-02-22,2024-01-24,Particulier,Enseignant,1674.39,65,A010,Bayonne,64100,ines.moreau_1817@example.fr,Actif
1818,C001818,Thomas,Lefebvre,1989-01-09,2020-06-22,Particulier,Étudiant,510.52,40,A007,Arcachon,33120,thomas.lefebvre_1818@example.fr,Actif
1819,C001819,Jade,Petit,1975-01-14,2021-10-06,Particulier,Étudiant,946.89,81,A011,Biarritz,64200,jade.petit_1819@example.fr,Actif
1820,C001820,Hugo,Martin,1987-08-01,2015-12-15,Particulier,Employé,1261.02,65,A021,Périgueux,24000,hugo.martin_1820@example.fr,Actif
1821,C001821,Thomas,Bertrand,1991-03-24,2024-06-21,Particulier,Employé,2920.92,32,A015,La Rochelle,17000,thomas.bertrand_1821@example.fr,Actif
1822,C001822,Jade,Thomas,1976-05-22,2016-01-02,Particulier,Étudiant,1235.78,65,A005,Talence,33400,jade.thomas_1822@example.fr,Actif
1823,C001823,Emma,Dubois,1950-04-08,2024-07-29,Particulier,Étudiant,549.95,69,A006,Libourne,33500,emma.dubois_1823@example.fr,Actif
1824,C001824,Julien,Petit,1953-06-14,2019-04-09,Particulier,Technicien,5918.7,52,A019,Limoges,87000,julien.petit_1824@example.fr,Actif
1825,C001825,Manon,Michel,2000-10-03,2023-07-11,Particulier,Cadre,1930.71,88,A003,Mérignac,33700,manon.michel_1825@example.fr,Actif
1826,C001826,Paul,Morel,1957-07-31,2020-01-16,Particulier,Retraité,2652.36,50,A010,Bayonne,64100,paul.morel_1826@example.fr,Actif
1827,C001827,Élodie,Dubois,2000-05-10,2015-10-22,Professionnel,Commerçant,5244.18,31,A025,Dax,40100,elodie.dubois_1827@example.fr,Actif
1828,C001828,Clara,François,1957-08-22,2020-12-28,Particulier,Employé,422.57,72,A010,Bayonne,64100,clara.françois_1828@example.fr,Actif
1829,C001829,Manon,André,1999-05-22,2018-10-09,Particulier,Employé,4974.31,53,A017,Niort,79000,manon.andré_1829@example.fr,Actif
1830,C001830,Océane,Petit,1960-01-11,2023-03-25,Particulier,Enseignant,527.85,52,A005,Talence,33400,oceane.petit_1830@example.fr,Actif
1831,C001831,Jade,David,1979-12-07,2023-11-25,Particulier,Agriculteur,3148.64,33,A009,Pau,64000,jade.david_1831@example.fr,Actif
1832,C001832,Lucas,Morel,1990-07-28,2023-08-20,Particulier,Commerçant,3160.15,36,A023,Agen,47000,lucas.morel_1832@example.fr,Actif
1833,C001833,Océane,Martin,1975-02-09,2020-12-07,Professionnel,Employé,4141.71,39,A006,Libourne,33500,oceane.martin_1833@example.fr,Inactif
1834,C001834,Enzo,François,1987-07-22,2024-02-03,Particulier,Profession libérale,2451.56,60,A023,Agen,47000,enzo.françois_1834@example.fr,Actif
1835,C001835,Gabriel,Laurent,1968-07-18,2016-05-03,Particulier,Cadre,5436.0,43,A004,Pessac,33600,gabriel.laurent_1835@example.fr,Actif
1836,C001836,Léa,Bernard,1972-02-21,2016-02-08,Professionnel,Retraité,2157.62,59,A011,Biarritz,64200,lea.bernard_1836@example.fr,Actif
1837,C001837,Chloé,François,1947-01-15,2015-04-29,Professionnel,Cadre,6874.32,41,A015,La Rochelle,17000,chloe.françois_1837@example.fr,Actif
1838,C001838,Amélie,Bernard,1992-05-22,2024-02-24,Particulier,Commerçant,4089.07,43,A024,Mont-de-Marsan,40000,amelie.bernard_1838@example.fr,Actif
1839,C001839,Camille,Bertrand,1994-06-28,2015-12-22,Particulier,Employé,297.68,46,A022,Bergerac,24100,camille.bertrand_1839@example.fr,Inactif
1840,C001840,Inès,Legrand,1956-11-04,2017-07-31,Particulier,Profession libérale,676.42,81,A019,Limoges,87000,ines.legrand_1840@example.fr,Actif
1841,C001841,Manon,Legrand,1963-05-08,2018-07-02,Particulier,Retraité,2710.42,49,A023,Agen,47000,manon.legrand_1841@example.fr,Actif
1842,C001842,Antoine,Dupont,2004-12-16,2025-08-19,Particulier,Profession libérale,3626.22,58,A008,Langon,33210,antoine.dupont_1842@example.fr,Actif
1843,C001843,Paul,Bertrand,1958-10-20,2015-02-06,Particulier,Commerçant,3111.92,49,A012,Anglet,64600,paul.bertrand_1843@example.fr,Actif
1844,C001844,Alexandre,Leroy,1979-08-26,2023-04-05,Particulier,Profession libérale,862.54,84,A004,Pessac,33600,alexandre.leroy_1844@example.fr,Actif
1845,C001845,Léa,Petit,1996-08-15,2015-07-14,Particulier,Employé,4446.35,33,A025,Dax,40100,lea.petit_1845@example.fr,Actif
1846,C001846,Nathan,Durand,1970-11-19,2025-09-20,Particulier,Cadre,2042.8,59,A023,Agen,47000,nathan.durand_1846@example.fr,Actif
1847,C001847,Alexandre,Thomas,1995-01-06,2019-08-16,Particulier,Étudiant,1278.85,76,A005,Talence,33400,alexandre.thomas_1847@example.fr,Actif
1848,C001848,Alexandre,Lambert,1955-01-05,2022-08-25,Particulier,Cadre,1232.77,48,A012,Anglet,64600,alexandre.lambert_1848@example.fr,Inactif
1849,C001849,Alexandre,Michel,1948-01-03,2017-08-24,Particulier,Retraité,1982.77,66,A015,La Rochelle,17000,alexandre.michel_1849@example.fr,Actif
1850,C001850,Gabriel,Dupont,1972-06-10,2017-10-08,Particulier,Employé,3981.26,28,A013,Orthez,64300,gabriel.dupont_1850@example.fr,Actif
1851,C001851,Nathan,Garcia,1964-02-03,2018-11-16,Particulier,Étudiant,1503.72,90,A006,Libourne,33500,nathan.garcia_1851@example.fr,Actif
1852,C001852,Océane,Lambert,1975-03-21,2019-11-10,Particulier,Cadre,2236.62,34,A023,Agen,47000,oceane.lambert_1852@example.fr,Inactif
1853,C001853,Gabriel,François,1973-05-25,2016-03-27,Particulier,Employé,2043.6,50,A001,Bordeaux,33000,gabriel.françois_1853@example.fr,Actif
1854,C001854,Thomas,Bernard,1949-11-03,2019-09-30,Particulier,Étudiant,780.01,66,A002,Bordeaux,33300,thomas.bernard_1854@example.fr,Actif
1855,C001855,Thomas,Fournier,2000-11-03,2022-10-15,Professionnel,Retraité,2458.91,48,A020,Brive-la-Gaillarde,19100,thomas.fournier_1855@example.fr,Actif
1856,C001856,Sarah,Vincent,2002-04-17,2023-09-24,Professionnel,Étudiant,631.52,55,A025,Dax,40100,,Actif
1857,C001857,Nathan,François,1975-07-12,2019-03-21,Particulier,Profession libérale,1988.43,48,A015,La Rochelle,17000,nathan.françois_1857@example.fr,Actif
1858,C001858,Hugo,Lefebvre,1987-08-30,2025-08-19,Particulier,Cadre,2738.53,47,A022,Bergerac,24100,hugo.lefebvre_1858@example.fr,Actif
1859,C001859,Julien,Fournier,1961-02-24,2015-03-19,Particulier,Cadre,2530.46,75,A021,Périgueux,24000,julien.fournier_1859@example.fr,Actif
1860,C001860,Marie,Laurent,1948-07-25,2016-10-28,Particulier,Employé,1910.67,50,A004,Pessac,33600,marie.laurent_1860@example.fr,Actif
1861,C001861,Alexandre,Girard,1991-10-31,2019-02-01,Particulier,Retraité,2585.93,68,A020,Brive-la-Gaillarde,19100,alexandre.girard_1861@example.fr,Actif
1862,C001862,Élodie,Vincent,1988-11-15,2017-05-09,Particulier,Retraité,2677.19,83,A024,Mont-de-Marsan,40000,elodie.vincent_1862@example.fr,Actif
1863,C001863,Alexandre,Robert,1980-02-14,2023-10-05,Professionnel,Technicien,4957.52,47,A015,La Rochelle,17000,alexandre.robert_1863@example.fr,Actif
1864,C001864,Chloé,Lefebvre,1990-11-04,2015-03-08,Particulier,Retraité,2580.29,53,A016,Rochefort,17300,chloe.lefebvre_1864@example.fr,Actif
1865,C001865,Gabriel,Girard,1952-07-09,2017-11-07,Particulier,Employé,5012.69,60,A006,Libourne,33500,gabriel.girard_1865@example.fr,Actif
1866,C001866,Enzo,Michel,1976-11-10,2024-09-27,Particulier,Employé,5200.05,32,A009,Pau,64000,enzo.michel_1866@example.fr,Actif
1867,C001867,Clara,Lefebvre,1997-04-27,2019-03-25,Particulier,Employé,5034.19,67,A014,Oloron-Sainte-Marie,64400,clara.lefebvre_1867@example.fr,Actif
1868,C001868,Clara,Bertrand,1978-09-11,2015-01-10,Particulier,Employé,2073.45,80,A009,Pau,64000,clara.bertrand_1868@example.fr,Actif
1869,C001869,Enzo,Durand,1974-01-09,2018-08-09,Particulier,Retraité,1167.98,72,A001,Bordeaux,33000,enzo.durand_1869@example.fr,Actif
1870,C001870,Emma,Vincent,1947-12-13,2023-12-21,Particulier,Étudiant,113.33,13,A025,Dax,40100,emma.vincent_1870@example.fr,Actif
1871,C001871,Chloé,Bonnet,1975-11-09,2018-01-21,Particulier,Enseignant,2259.19,78,A013,Orthez,64300,chloe.bonnet_1871@example.fr,Actif
1872,C001872,Manon,Martinez,1966-05-10,2023-10-06,Particulier,Commerçant,1572.49,70,A013,Orthez,64300,manon.martinez_1872@example.fr,Actif
1873,C001873,Noah,Dubois,2001-03-11,2020-09-24,Particulier,Cadre,4567.9,53,A001,Bordeaux,33000,noah.dubois_1873@example.fr,Actif
1874,C001874,Sarah,André,1975-08-12,2020-01-11,Particulier,Cadre,4298.77,64,A020,Brive-la-Gaillarde,19100,sarah.andré_1874@example.fr,Actif
1875,C001875,Julien,Lefebvre,1989-03-05,2015-11-20,Particulier,Enseignant,2934.66,42,A003,Mérignac,33700,julien.lefebvre_1875@example.fr,Actif
1876,C001876,Marie,André,1961-07-18,2024-04-13,Particulier,Employé,2893.0,48,A007,Arcachon,33120,marie.andré_1876@example.fr,Actif
1877,C001877,Hugo,Durand,1966-08-05,2019-09-12,Particulier,Profession libérale,3565.06,71,A002,Bordeaux,33300,hugo.durand_1877@example.fr,Actif
1878,C001878,Paul,François,1964-12-25,2024-02-15,Association,Employé,9246.96,18,A004,Pessac,33600,paul.françois_1878@example.fr,Actif
1879,C001879,Hugo,Simon,1975-03-29,2020-04-23,Professionnel,Cadre,3919.2,54,A023,Agen,47000,hugo.simon_1879@example.fr,Actif
1880,C001880,Océane,Lefebvre,1988-01-26,2020-09-16,Particulier,Étudiant,351.86,78,A018,Poitiers,86000,oceane.lefebvre_1880@example.fr,Actif
1881,C001881,Nathan,Mercier,1947-03-15,2021-09-11,Particulier,Agriculteur,2584.69,55,A008,Langon,33210,nathan.mercier_1881@example.fr,Actif
1882,C001882,Clara,Bertrand,1955-03-03,2024-09-14,Particulier,Technicien,5065.84,35,A005,Talence,33400,clara.bertrand_1882@example.fr,Clos
1883,C001883,Élodie,Dubois,1990-02-14,2025-03-05,Particulier,Enseignant,2724.05,48,A018,Poitiers,86000,elodie.dubois_1883@example.fr,Actif
1884,C001884,Enzo,Bonnet,1987-01-27,2022-11-12,Particulier,Employé,0.0,26,A016,Rochefort,17300,enzo.bonnet_1884@example.fr,Actif
1885,C001885,Alexandre,Martinez,1965-11-16,2023-03-27,Particulier,Technicien,4491.1,63,A007,Arcachon,33120,alexandre.martinez_1885@example.fr,Actif
1886,C001886,Julien,Thomas,1956-02-06,2026-02-20,Particulier,Retraité,1909.73,62,A002,Bordeaux,33300,julien.thomas_1886@example.fr,Actif
1887,C001887,Emma,Durand,1957-11-11,2016-03-10,Particulier,Enseignant,0.0,55,A020,Brive-la-Gaillarde,19100,emma.durand_1887@example.fr,Actif
1888,C001888,Mathis,Richard,1978-10-02,2020-10-22,Particulier,Employé,3248.47,65,A021,Périgueux,24000,mathis.richard_1888@example.fr,Actif
1889,C001889,Mathis,Richard,1981-01-15,2022-12-31,Particulier,Employé,692.43,79,A014,Oloron-Sainte-Marie,64400,mathis.richard_1889@example.fr,Actif
1890,C001890,Marie,Petit,2003-08-14,2015-02-06,Particulier,Retraité,900.0,18,A018,Poitiers,86000,marie.petit_1890@example.fr,Actif
1891,C001891,Alexandre,Laurent,1955-02-15,2025-05-27,Professionnel,Retraité,2756.92,48,A013,Orthez,64300,alexandre.laurent_1891@example.fr,Actif
1892,C001892,Chloé,Leroy,1951-04-08,2022-11-07,Particulier,Enseignant,4341.68,62,A014,Oloron-Sainte-Marie,64400,chloe.leroy_1892@example.fr,Actif
1893,C001893,Jade,Laurent,1969-02-16,2026-02-28,Particulier,Retraité,2748.76,32,A024,Mont-de-Marsan,40000,jade.laurent_1893@example.fr,Actif
1894,C001894,Manon,Richard,2003-06-13,2017-08-25,Particulier,Employé,4912.73,47,A025,Dax,40100,manon.richard_1894@example.fr,Actif
1895,C001895,Nathan,Bertrand,2000-02-29,2024-08-18,Professionnel,Technicien,4633.53,48,A007,Arcachon,33120,nathan.bertrand_1895@example.fr,Actif
1896,C001896,Zoé,Martinez,1973-01-30,2022-04-25,Professionnel,Technicien,4484.23,39,A006,Libourne,33500,zoe.martinez_1896@example.fr,Actif
1897,C001897,Noah,Roux,1992-03-06,2015-07-16,Particulier,Technicien,0.0,35,A007,Arcachon,33120,noah.roux_1897@example.fr,Actif
1898,C001898,Élodie,Fournier,1964-11-11,2017-06-18,Particulier,Employé,930.39,64,A013,Orthez,64300,elodie.fournier_1898@example.fr,Actif
1899,C001899,Jade,Mercier,1977-01-05,2017-09-04,Particulier,Artisan,4858.26,67,A007,Arcachon,33120,jade.mercier_1899@example.fr,Inactif
1900,C001900,Zoé,Martin,1982-05-07,2016-07-30,Particulier,Employé,2989.13,62,A011,Biarritz,64200,zoe.martin_1900@example.fr,Actif
1901,C001901,Antoine,Bernard,1961-01-18,2017-08-04,Professionnel,Commerçant,5305.73,39,A014,Oloron-Sainte-Marie,64400,antoine.bernard_1901@example.fr,Actif
1902,C001902,Emma,Michel,1955-11-05,2023-10-20,Particulier,Retraité,1907.06,58,A010,Bayonne,64100,emma.michel_1902@example.fr,Actif
1903,C001903,Amélie,Bonnet,1955-03-05,2026-04-11,Particulier,Employé,1314.62,51,A010,Bayonne,64100,amelie.bonnet_1903@example.fr,Actif
1904,C001904,Hugo,Martinez,1962-07-29,2021-10-09,Particulier,Agriculteur,2797.56,76,A005,Talence,33400,hugo.martinez_1904@example.fr,Actif
1905,C001905,Mathis,Lambert,1953-02-20,2024-04-09,Particulier,Commerçant,2966.2,71,A017,Niort,,mathis.lambert_1905@example.fr,Clos
1906,C001906,Enzo,Legrand,1975-10-19,2020-11-08,Particulier,Étudiant,1232.41,80,A004,Pessac,33600,enzo.legrand_1906@example.fr,Actif
1907,C001907,Jade,Laurent,1948-07-10,2021-07-15,Professionnel,Profession libérale,5116.95,46,A018,Poitiers,86000,jade.laurent_1907@example.fr,Actif
1908,C001908,Thomas,Mercier,1990-05-02,2015-09-22,Professionnel,Employé,5881.03,53,A024,Mont-de-Marsan,40000,thomas.mercier_1908@example.fr,Actif
1909,C001909,Julien,Durand,1955-10-10,2018-03-13,Professionnel,Cadre,5629.29,65,A025,Dax,40100,julien.durand_1909@example.fr,Actif
1910,C001910,Thomas,Roux,1987-09-24,2020-01-23,Particulier,Employé,1025.05,36,A006,Libourne,33500,thomas.roux_1910@example.fr,Actif
1911,C001911,Élodie,Simon,1975-01-13,2024-06-07,Particulier,Retraité,4825.46,19,A021,Périgueux,24000,elodie.simon_1911@example.fr,Actif
1912,C001912,Océane,Leroy,1946-07-26,2021-11-05,Particulier,Technicien,2721.41,75,A023,Agen,47000,oceane.leroy_1912@example.fr,Actif
1913,C001913,Noah,David,1950-09-27,2023-11-01,Particulier,Profession libérale,2116.04,52,A017,Niort,79000,noah.david_1913@example.fr,Actif
1914,C001914,Enzo,Lambert,1979-10-17,2025-04-15,Particulier,Agriculteur,1372.27,38,A009,Pau,64000,enzo.lambert_1914@example.fr,Actif
1915,C001915,Sarah,Roux,1963-06-02,2017-09-24,Particulier,Cadre,147.89,93,A022,Bergerac,24100,sarah.roux_1915@example.fr,Actif
1916,C001916,Mathis,Lefebvre,1997-01-30,2022-05-03,Particulier,Retraité,3724.33,47,A021,Périgueux,24000,mathis.lefebvre_1916@example.fr,Actif
1917,C001917,Océane,Petit,1953-10-12,2016-02-20,Particulier,Retraité,2781.03,52,A006,Libourne,33500,oceane.petit_1917@example.fr,Actif
1918,C001918,Sarah,Petit,1958-02-05,2018-04-28,Professionnel,Cadre,6605.8,23,A023,Agen,47000,sarah.petit_1918@example.fr,Actif
1919,C001919,Manon,Laurent,1949-05-26,2017-10-16,Particulier,Employé,1812.52,26,A020,Brive-la-Gaillarde,19100,manon.laurent_1919@example.fr,Actif
1920,C001920,Sarah,Mercier,2004-09-07,2016-05-24,Particulier,Profession libérale,5280.46,60,A016,Rochefort,17300,sarah.mercier_1920@example.fr,Inactif
1921,C001921,Lucas,Morel,1965-07-01,2023-07-06,Particulier,Retraité,2160.88,52,A010,Bayonne,64100,lucas.morel_1921@example.fr,Actif
1922,C001922,Enzo,Michel,1949-08-23,2015-10-22,Particulier,Agriculteur,2131.38,70,A005,Talence,33400,enzo.michel_1922@example.fr,Actif
1923,C001923,Manon,Durand,1989-04-11,2020-01-19,Professionnel,Technicien,6808.82,66,A014,Oloron-Sainte-Marie,64400,manon.durand_1923@example.fr,Actif
1924,C001924,Léa,Robert,1955-10-05,2015-05-30,Particulier,Employé,2199.24,39,A005,Talence,33400,lea.robert_1924@example.fr,Actif
1925,C001925,Hugo,Girard,1972-10-02,2026-02-04,Particulier,Retraité,1551.12,61,A005,Talence,33400,hugo.girard_1925@example.fr,Actif
1926,C001926,Julien,André,1970-12-05,2024-05-16,Particulier,Étudiant,982.32,52,A022,Bergerac,24100,julien.andré_1926@example.fr,Actif
1927,C001927,Clara,Roux,1978-02-10,2017-07-22,Professionnel,Sans emploi,6330.21,67,A002,Bordeaux,33300,clara.roux_1927@example.fr,Actif
1928,C001928,Alexandre,Leroy,1957-03-20,2019-06-29,Particulier,Technicien,3240.99,77,A006,Libourne,33500,alexandre.leroy_1928@example.fr,Actif
1929,C001929,Thomas,Vincent,1991-09-08,2016-12-29,Professionnel,Employé,2022.15,62,A011,Biarritz,64200,thomas.vincent_1929@example.fr,Actif
1930,C001930,Lucas,Michel,2000-03-19,2017-10-26,Particulier,Cadre,3662.57,48,A024,Mont-de-Marsan,40000,lucas.michel_1930@example.fr,Actif
1931,C001931,Inès,Petit,1966-08-20,2019-04-01,Particulier,Profession libérale,1445.83,62,A015,La Rochelle,17000,ines.petit_1931@example.fr,Actif
1932,C001932,Léa,Lambert,1946-06-19,2016-08-31,Particulier,Employé,2922.97,40,A006,Libourne,33500,lea.lambert_1932@example.fr,Actif
1933,C001933,Alexandre,Leroy,1956-12-30,2017-07-12,Particulier,Enseignant,935.07,44,A008,Langon,33210,alexandre.leroy_1933@example.fr,Actif
1934,C001934,Gabriel,Martinez,1976-01-08,2018-09-25,Particulier,Retraité,1090.39,63,A004,Pessac,33600,gabriel.martinez_1934@example.fr,Actif
1935,C001935,Emma,Legrand,1980-08-29,2018-12-30,Particulier,Enseignant,3723.4,44,A023,Agen,47000,emma.legrand_1935@example.fr,Actif
1936,C001936,Océane,David,1989-05-06,2023-05-04,Particulier,Commerçant,4516.72,35,A014,Oloron-Sainte-Marie,64400,oceane.david_1936@example.fr,Actif
1937,C001937,Chloé,Girard,1964-06-02,2022-07-06,professionnel,Employé,8719.75,62,A009,Pau,64000,chloe.girard_1937@example.fr,Actif
1938,C001938,Julien,Lefebvre,1996-09-07,2024-01-14,Professionnel,Employé,6791.39,88,A014,Oloron-Sainte-Marie,64400,julien.lefebvre_1938@example.fr,Actif
1939,C001939,Inès,David,1992-12-20,2019-12-03,Particulier,Employé,1158.0,57,A016,Rochefort,17300,ines.david_1939@example.fr,Inactif
1940,C001940,Gabriel,Petit,1996-12-15,2019-11-04,Particulier,Commerçant,2248.03,64,A005,Talence,33400,gabriel.petit_1940@example.fr,Actif
1941,C001941,Antoine,Mercier,2004-02-29,2024-06-08,Particulier,Enseignant,1020.89,50,A023,Agen,47000,antoine.mercier_1941@example.fr,Actif
1942,C001942,Amélie,Richard,1987-11-12,2022-03-02,Particulier,Employé,2562.43,50,A020,Brive-la-Gaillarde,19100,amelie.richard_1942@example.fr,Actif
1943,C001943,Chloé,Simon,1950-03-19,2019-09-24,Professionnel,Enseignant,4828.94,74,A010,Bayonne,64100,chloe.simon_1943@example.fr,Actif
1944,C001944,Océane,Vincent,1945-05-09,2023-10-20,Particulier,Retraité,1901.85,39,A025,Dax,40100,oceane.vincent_1944@example.fr,Actif
1945,C001945,Manon,Bernard,1972-02-01,2025-06-12,Particulier,Enseignant,5799.16,79,A023,Agen,47000,manon.bernard_1945@example.fr,Actif
1946,C001946,Chloé,Mercier,1951-04-03,2025-04-17,Particulier,Employé,524.45,35,A021,Périgueux,24000,chloe.mercier_1946@example.fr,Actif
1947,C001947,Hugo,Thomas,2001-05-08,2023-05-28,Particulier,Technicien,4046.34,50,A008,Langon,33210,hugo.thomas_1947@example.fr,Actif
1948,C001948,Noah,Mercier,1950-12-08,2019-11-20,Particulier,Technicien,441.17,78,A024,Mont-de-Marsan,40000,noah.mercier_1948@example.fr,Actif
1949,C001949,Marie,Richard,1974-02-15,2022-06-16,Particulier,Enseignant,3769.3,40,A018,Poitiers,86000,marie.richard_1949@example.fr,Actif
1950,C001950,Hugo,Thomas,1960-11-05,2025-09-01,Particulier,Enseignant,5174.25,50,A006,Libourne,33500,hugo.thomas_1950@example.fr,Actif
1951,C001951,Julien,Lefebvre,2003-10-19,2019-03-22,Professionnel,Employé,4537.34,41,A021,Périgueux,24000,julien.lefebvre_1951@example.fr,Actif
1952,C001952,Enzo,André,1962-08-11,2025-04-30,Particulier,Profession libérale,1621.98,45,A001,Bordeaux,33000,enzo.andré_1952@example.fr,Actif
1953,C001953,Manon,Bernard,1950-11-13,2024-07-18,Particulier,Retraité,1999.59,27,A022,Bergerac,24100,manon.bernard_1953@example.fr,Actif
1954,C001954,Sarah,David,1989-10-18,2022-10-24,Particulier,Commerçant,4747.31,35,A009,Pau,64000,sarah.david_1954@example.fr,Actif
1955,C001955,Julien,David,1967-10-25,2022-02-27,Particulier,Agriculteur,6002.88,50,A016,Rochefort,17300,julien.david_1955@example.fr,Actif
1956,C001956,Emma,Mercier,1958-06-24,2016-01-21,Particulier,Employé,1441.37,41,A010,Bayonne,64100,emma.mercier_1956@example.fr,Actif
1957,C001957,Mathis,Martin,1954-11-24,2019-03-04,Particulier,Enseignant,3574.89,31,A023,Agen,47000,mathis.martin_1957@example.fr,Actif
1958,C001958,Gabriel,Girard,1956-12-25,2018-04-10,Professionnel,Employé,4593.46,61,A016,Rochefort,17300,gabriel.girard_1958@example.fr,Actif
1959,C001959,Camille,Mercier,1946-12-03,2023-05-16,Particulier,Étudiant,1024.39,74,A004,Pessac,33600,camille.mercier_1959@example.fr,Actif
1960,C001960,Élodie,Roux,1963-08-21,2023-10-18,Particulier,Retraité,1937.88,27,A017,Niort,79000,elodie.roux_1960@example.fr,Inactif
1961,C001961,Alexandre,François,1964-02-19,2022-12-12,Particulier,Agriculteur,2657.38,52,A008,Langon,33210,,Actif
1962,C001962,Antoine,Petit,1973-10-31,2021-10-16,Particulier,Profession libérale,3018.74,42,A025,Dax,40100,antoine.petit_1962@example.fr,Clos
1963,C001963,Jade,Roux,1949-11-07,2017-02-10,Particulier,Employé,1680.21,53,A001,Bordeaux,33000,jade.roux_1963@example.fr,Actif
1964,C001964,Amélie,François,1946-08-06,2024-07-29,Particulier,Cadre,2997.82,55,A025,Dax,40100,amelie.françois_1964@example.fr,Actif
1965,C001965,Sarah,Vincent,1960-12-21,2019-03-27,Particulier,Artisan,4484.91,49,A005,Talence,33400,sarah.vincent_1965@example.fr,Actif
1966,C001966,Noah,Garcia,1970-06-17,2023-04-30,Particulier,Employé,2838.35,44,A022,Bergerac,24100,noah.garcia_1966@example.fr,Actif
1967,C001967,Nathan,Mercier,1964-02-23,2025-06-21,Particulier,Employé,1487.59,62,A003,Mérignac,33700,nathan.mercier_1967@example.fr,Actif
1968,C001968,Mathis,Leroy,1993-04-09,2016-11-19,Particulier,Employé,2646.17,59,A003,Mérignac,33700,mathis.leroy_1968@example.fr,Actif
1969,C001969,Camille,Martinez,1957-09-08,2016-12-22,Particulier,Sans emploi,1751.02,66,A014,Oloron-Sainte-Marie,64400,camille.martinez_1969@example.fr,Inactif
1970,C001970,Clara,Richard,1960-03-26,2021-03-14,Particulier,Commerçant,0.0,43,A015,La Rochelle,17000,clara.richard_1970@example.fr,Actif
1971,C001971,Léa,Simon,1972-02-06,2020-06-11,Particulier,Employé,3264.96,55,A004,Pessac,33600,lea.simon_1971@example.fr,Actif
1972,C001972,Océane,Thomas,1981-02-21,2015-12-30,Particulier,Enseignant,2150.8,51,A002,Bordeaux,33300,oceane.thomas_1972@example.fr,Actif
1973,C001973,Emma,Robert,1956-10-07,2024-12-04,Professionnel,Technicien,6883.65,36,A015,La Rochelle,17000,emma.robert_1973@example.fr,Actif
1974,C001974,Manon,Petit,1962-12-12,2022-02-06,Professionnel,Profession libérale,4550.56,42,A018,Poitiers,86000,manon.petit_1974@example.fr,Actif
1975,C001975,Camille,Vincent,1976-02-22,2025-05-30,Particulier,Employé,5945.44,67,A021,Périgueux,24000,camille.vincent_1975@example.fr,Actif
1976,C001976,Manon,Fournier,1994-04-23,2021-01-13,Professionnel,Cadre,3191.8,62,A020,Brive-la-Gaillarde,19100,manon.fournier_1976@example.fr,Actif
1977,C001977,Hugo,Simon,1980-10-06,2023-02-16,Professionnel,Cadre,6850.82,79,A014,Oloron-Sainte-Marie,64400,hugo.simon_1977@example.fr,Actif
1978,C001978,Lucas,Michel,1993-12-22,2015-01-25,Professionnel,Technicien,4344.16,65,A002,Bordeaux,33300,lucas.michel_1978@example.fr,Actif
1979,C001979,Enzo,Laurent,1954-11-07,2025-01-08,Particulier,Retraité,2696.42,71,A001,Bordeaux,33000,enzo.laurent_1979@example.fr,Inactif
1980,C001980,Jade,Robert,1991-10-13,2016-05-12,Particulier,Cadre,0.0,69,A009,Pau,64000,jade.robert_1980@example.fr,Actif
1981,C001981,Océane,Lefebvre,1961-10-28,2025-09-10,Particulier,Employé,940.57,50,A005,Talence,33400,oceane.lefebvre_1981@example.fr,Actif
1982,C001982,Zoé,Dubois,1950-10-07,2022-07-31,Professionnel,Cadre,4552.45,71,A001,Bordeaux,33000,zoe.dubois_1982@example.fr,Actif
1983,C001983,Léa,Lefebvre,1958-01-27,2015-06-11,Professionnel,Artisan,3362.93,42,A001,Bordeaux,33000,lea.lefebvre_1983@example.fr,Actif
1984,C001984,Élodie,Martinez,2004-04-25,2019-01-04,Professionnel,Enseignant,6704.69,73,A005,Talence,33400,elodie.martinez_1984@example.fr,Actif
1985,C001985,Gabriel,André,1947-07-19,2023-05-04,Particulier,Employé,3655.35,50,A002,Bordeaux,33300,gabriel.andré_1985@example.fr,Actif
1986,C001986,Clara,Lefebvre,1950-01-28,2022-09-16,Particulier,Commerçant,4893.85,46,A011,Biarritz,64200,clara.lefebvre_1986@example.fr,Actif
1987,C001987,Antoine,David,1946-03-02,2018-06-20,Particulier,Retraité,2174.87,50,A005,Talence,33400,antoine.david_1987@example.fr,Actif
1988,C001988,Marie,Dubois,1979-02-11,2018-11-25,Particulier,Artisan,1855.01,61,A016,Rochefort,17300,marie.dubois_1988@example.fr,Actif
1989,C001989,Camille,Dubois,1963-03-13,2017-08-13,Particulier,Technicien,3288.32,46,A024,Mont-de-Marsan,40000,camille.dubois_1989@example.fr,Actif
1990,C001990,Paul,Michel,2003-11-04,2023-12-15,Particulier,Commerçant,3454.75,63,A009,Pau,64000,paul.michel_1990@example.fr,Actif
1991,C001991,Alexandre,Legrand,1981-06-29,2018-11-22,Professionnel,Employé,4710.82,21,A015,La Rochelle,17000,alexandre.legrand_1991@example.fr,Actif
1992,C001992,Hugo,Durand,1960-07-03,2015-04-15,Particulier,Agriculteur,3129.78,34,A021,Périgueux,24000,hugo.durand_1992@example.fr,Actif
1993,C001993,Lucas,Simon,1962-05-31,2016-02-06,Particulier,Agriculteur,6469.62,35,A019,Limoges,87000,lucas.simon_1993@example.fr,Actif
1994,C001994,Léa,Bertrand,1961-10-10,2018-04-15,Particulier,Employé,5880.65,55,A013,Orthez,64300,lea.bertrand_1994@example.fr,Actif
1995,C001995,Inès,Fournier,1982-06-17,2021-10-01,Particulier,Technicien,932.12,51,A011,Biarritz,64200,ines.fournier_1995@example.fr,Inactif
1996,C001996,Noah,Petit,1977-08-30,2017-02-07,Professionnel,Enseignant,7242.69,38,A005,Talence,33400,noah.petit_1996@example.fr,Clos
1997,C001997,Chloé,Richard,1979-11-22,2018-03-02,professionnel,Sans emploi,7829.16,59,A010,Bayonne,64100,chloe.richard_1997@example.fr,Actif
1998,C001998,Camille,Lambert,1975-01-18,2022-07-23,Particulier,Enseignant,1252.6,43,A007,Arcachon,33120,camille.lambert_1998@example.fr,Actif
1999,C001999,Chloé,Leroy,1983-05-13,2020-05-03,Particulier,Enseignant,990.67,75,A020,Brive-la-Gaillarde,19100,chloe.leroy_1999@example.fr,Actif
2000,C002000,Marie,François,1964-04-10,2018-10-26,Particulier,Enseignant,4120.71,69,A001,Bordeaux,33000,marie.françois_2000@example.fr,Actif
2001,C002001,Hugo,Moreau,1987-04-04,2015-01-04,Particulier,Employé,2145.5,60,A016,Rochefort,17300,hugo.moreau_2001@example.fr,Actif
2002,C002002,Antoine,Lefebvre,1971-03-17,2023-11-04,Particulier,Profession libérale,4267.45,71,A021,Périgueux,24000,antoine.lefebvre_2002@example.fr,Inactif
2003,C002003,Antoine,Moreau,1949-04-27,2022-03-15,Particulier,Employé,3986.62,69,A019,Limoges,87000,antoine.moreau_2003@example.fr,Actif
2004,C002004,Élodie,Legrand,1979-04-15,2020-10-18,Particulier,Retraité,2648.17,52,A023,Agen,47000,elodie.legrand_2004@example.fr,Actif
2005,C002005,Camille,Legrand,1963-12-05,2020-11-23,Particulier,Employé,881.43,72,A019,Limoges,87000,camille.legrand_2005@example.fr,Actif
2006,C002006,Gabriel,Girard,1959-06-27,2021-03-19,Particulier,Cadre,1400.47,61,A006,Libourne,33500,gabriel.girard_2006@example.fr,Actif
2007,C002007,Marie,Simon,1960-06-23,2016-08-11,Particulier,Étudiant,222.78,35,A002,Bordeaux,33300,marie.simon_2007@example.fr,Inactif
2008,C002008,Manon,Petit,1952-01-02,2026-04-13,Particulier,Employé,6753.58,88,A021,Périgueux,24000,manon.petit_2008@example.fr,Actif
2009,C002009,Noah,Roux,1969-08-16,2025-06-06,Particulier,Retraité,2147.45,29,A023,Agen,47000,noah.roux_2009@example.fr,Actif
2010,C002010,Nathan,Petit,2002-07-22,2018-11-22,Professionnel,Enseignant,4674.7,43,A019,Limoges,87000,nathan.petit_2010@example.fr,Actif
2011,C002011,Marie,Roux,1960-07-24,2022-10-07,Particulier,Employé,7117.19,62,A003,Mérignac,33700,marie.roux_2011@example.fr,Actif
2012,C002012,Manon,Bernard,1946-10-22,2022-10-11,Particulier,Retraité,3001.03,71,A025,Dax,40100,manon.bernard_2012@example.fr,Actif
2013,C002013,Marie,Dupont,1987-04-01,2019-07-07,Particulier,Retraité,1494.02,78,A004,Pessac,33600,marie.dupont_2013@example.fr,Actif
2014,C002014,Lucas,Michel,1953-02-10,2025-02-14,Professionnel,Profession libérale,7608.54,60,A017,Niort,79000,lucas.michel_2014@example.fr,Actif
2015,C002015,Clara,Dupont,1969-06-18,2022-06-05,Particulier,Cadre,7447.91,90,A006,Libourne,33500,clara.dupont_2015@example.fr,Actif
2016,C002016,Antoine,Durand,1995-04-20,2023-11-23,Professionnel,Étudiant,1699.92,46,A020,Brive-la-Gaillarde,19100,antoine.durand_2016@example.fr,Actif
2017,C002017,Marie,Martinez,1969-12-16,2018-05-07,Particulier,Employé,4425.8,5,A004,Pessac,33600,marie.martinez_2017@example.fr,Actif
2018,C002018,Marie,Michel,2004-10-24,2025-01-20,Particulier,Artisan,3711.93,61,A004,Pessac,33600,marie.michel_2018@example.fr,Actif
2019,C002019,Camille,Bonnet,1952-08-13,2020-03-28,Particulier,Cadre,2338.56,40,A025,Dax,40100,camille.bonnet_2019@example.fr,Actif
2020,C002020,Marie,Lefebvre,1999-05-10,2025-08-16,Particulier,Technicien,1339.78,54,A014,Oloron-Sainte-Marie,64400,marie.lefebvre_2020@example.fr,Actif
2021,C002021,Sarah,Girard,1991-04-04,2021-05-15,Professionnel,Retraité,2386.48,58,A017,Niort,79000,sarah.girard_2021@example.fr,Actif
2022,C002022,Alexandre,Dupont,1962-04-15,2023-11-20,Particulier,Technicien,1341.88,9,A007,Arcachon,33120,alexandre.dupont_2022@example.fr,Actif
2023,C002023,Alexandre,Michel,1949-11-14,2022-12-03,Particulier,Technicien,1567.78,70,A019,Limoges,87000,alexandre.michel_2023@example.fr,Actif
2024,C002024,Paul,Lambert,1948-04-07,2022-11-13,Particulier,Employé,6004.44,50,A016,Rochefort,17300,paul.lambert_2024@example.fr,Actif
2025,C002025,Camille,Martin,1961-04-17,2020-08-15,Particulier,Artisan,4188.66,83,A010,Bayonne,64100,camille.martin_2025@example.fr,Actif
2026,C002026,Inès,Legrand,1998-06-24,2026-02-16,Particulier,Étudiant,801.43,78,A003,Mérignac,33700,ines.legrand_2026@example.fr,Actif
2027,C002027,Inès,Leroy,1992-02-29,2022-12-25,Particulier,Cadre,4779.04,60,A018,Poitiers,86000,ines.leroy_2027@example.fr,Actif
2028,C002028,Mathis,Lambert,1991-10-09,2026-05-28,Particulier,Technicien,3129.26,59,A004,Pessac,33600,mathis.lambert_2028@example.fr,Actif
2029,C002029,Jade,Fournier,1997-09-20,2026-04-20,Particulier,Étudiant,1156.13,77,A023,Agen,47000,jade.fournier_2029@example.fr,Actif
2030,C002030,Clara,Laurent,1972-01-16,2015-03-23,particulier,Employé,2734.04,47,A002,Bordeaux,33300,clara.laurent_2030@example.fr,Actif
2031,C002031,Gabriel,Laurent,1950-03-28,2019-10-05,Particulier,Employé,3303.01,31,A022,Bergerac,24100,gabriel.laurent_2031@example.fr,Actif
2032,C002032,Léa,David,1957-03-06,2023-02-22,Professionnel,Retraité,2340.01,35,A018,Poitiers,86000,lea.david_2032@example.fr,Actif
2033,C002033,Hugo,Garcia,1953-04-07,2024-11-22,Particulier,Employé,3853.46,64,A002,Bordeaux,33300,hugo.garcia_2033@example.fr,Inactif
2034,C002034,Hugo,Leroy,1967-06-13,2018-07-02,Particulier,Étudiant,1103.33,60,A020,Brive-la-Gaillarde,19100,hugo.leroy_2034@example.fr,Actif
2035,C002035,Clara,François,1996-10-24,2016-04-04,particulier,Retraité,1856.3,74,A022,Bergerac,24100,clara.françois_2035@example.fr,Actif
2036,C002036,Antoine,François,1949-01-30,2024-12-07,Particulier,Technicien,5852.71,46,A008,Langon,33210,antoine.françois_2036@example.fr,Actif
2037,C002037,Thomas,André,2000-05-11,2021-08-19,Particulier,Artisan,1593.29,58,A009,Pau,64000,thomas.andré_2037@example.fr,Actif
2038,C002038,Marie,Durand,2003-05-02,2020-02-14,Particulier,Retraité,2153.14,15,A015,La Rochelle,17000,marie.durand_2038@example.fr,Actif
2039,C002039,Enzo,Moreau,1956-01-03,2025-10-11,Particulier,Agriculteur,3722.32,51,A002,Bordeaux,33300,enzo.moreau_2039@example.fr,Actif
2040,C002040,Camille,Martin,1975-11-01,2020-10-04,Particulier,Employé,3212.84,71,A013,Orthez,64300,camille.martin_2040@example.fr,Actif
2041,C002041,Amélie,Roux,1959-11-27,2016-05-05,Particulier,Enseignant,1855.46,83,A004,Pessac,33600,amelie.roux_2041@example.fr,Actif
2042,C002042,Léa,Lefebvre,1986-08-01,2017-09-28,Particulier,Employé,2047.23,49,A014,Oloron-Sainte-Marie,64400,lea.lefebvre_2042@example.fr,Actif
2043,C002043,Jade,David,1983-03-18,2017-12-10,Particulier,Retraité,3225.02,82,A023,Agen,47000,jade.david_2043@example.fr,Actif
2044,C002044,Marie,André,1979-08-04,2015-06-04,Particulier,Cadre,1878.65,49,A009,Pau,64000,marie.andré_2044@example.fr,Actif
2045,C002045,Enzo,Garcia,1946-11-12,2023-02-13,Particulier,Commerçant,2116.99,41,A003,Mérignac,33700,enzo.garcia_2045@example.fr,Actif
2046,C002046,Amélie,Thomas,1968-09-08,2021-11-01,Particulier,Employé,4166.56,55,A001,Bordeaux,33000,amelie.thomas_2046@example.fr,Actif
2047,C002047,Hugo,Bertrand,1954-08-28,2022-12-12,Particulier,Cadre,1019.49,79,A003,Mérignac,33700,hugo.bertrand_2047@example.fr,Actif
2048,C002048,Jade,François,1950-01-31,2018-11-29,Particulier,Employé,3063.45,47,A006,Libourne,33500,jade.françois_2048@example.fr,Actif
2049,C002049,Hugo,Leroy,1951-01-18,2023-06-22,Professionnel,Profession libérale,7605.68,50,A025,Dax,40100,hugo.leroy_2049@example.fr,Actif
2050,C002050,Paul,Michel,1971-02-09,2020-11-22,Particulier,Employé,2269.91,63,A012,Anglet,64600,paul.michel_2050@example.fr,Actif
2051,C002051,Enzo,Dupont,1992-09-17,2017-03-29,Particulier,Employé,1329.85,39,A021,Périgueux,24000,enzo.dupont_2051@example.fr,Actif
2052,C002052,Enzo,Girard,2002-11-08,2024-12-10,Particulier,Cadre,3312.34,54,A023,Agen,47000,enzo.girard_2052@example.fr,Actif
2053,C002053,Emma,Michel,1969-04-19,2016-02-20,Particulier,Cadre,2588.86,36,A010,Bayonne,64100,emma.michel_2053@example.fr,Actif
2054,C002054,Sarah,Richard,1946-06-06,2023-08-08,Particulier,Employé,596.8,54,A015,La Rochelle,17000,sarah.richard_2054@example.fr,Actif
2055,C002055,Jade,Lambert,1949-10-14,2017-04-21,Particulier,Étudiant,96.36,51,A008,Langon,33210,jade.lambert_2055@example.fr,Actif
2056,C002056,Hugo,Martinez,1976-01-07,2015-02-23,Professionnel,Employé,7219.59,58,A011,Biarritz,64200,hugo.martinez_2056@example.fr,Actif
2057,C002057,Sarah,Garcia,1991-02-08,2022-03-14,Particulier,Enseignant,1710.3,70,A005,Talence,33400,sarah.garcia_2057@example.fr,Actif
2058,C002058,Nathan,Richard,1990-11-07,2018-05-03,Particulier,Sans emploi,2621.04,44,A009,Pau,64000,nathan.richard_2058@example.fr,Actif
2059,C002059,Camille,Bertrand,1984-07-22,2016-11-25,Particulier,Enseignant,1389.8,48,A010,Bayonne,64100,camille.bertrand_2059@example.fr,Actif
2060,C002060,Élodie,Petit,1961-07-22,2022-08-30,Particulier,Artisan,1910.72,50,A001,Bordeaux,33000,elodie.petit_2060@example.fr,Actif
2061,C002061,Élodie,Dubois,1950-10-07,2019-11-29,particulier,Employé,2012.64,41,A007,Arcachon,33120,elodie.dubois_2061@example.fr,Actif
2062,C002062,Emma,Martinez,1998-03-26,2024-08-19,Particulier,Cadre,3409.0,55,A005,Talence,33400,emma.martinez_2062@example.fr,Actif
2063,C002063,Clara,Durand,1960-02-04,2017-07-08,Particulier,Retraité,900.0,62,A011,Biarritz,64200,clara.durand_2063@example.fr,Clos
2064,C002064,Sarah,Petit,1959-09-14,2026-01-18,Particulier,Employé,2504.46,64,A023,Agen,47000,sarah.petit_2064@example.fr,Actif
2065,C002065,Manon,André,1981-12-20,2015-11-12,Particulier,Sans emploi,94.56,88,A025,Dax,40100,manon.andré_2065@example.fr,Actif
2066,C002066,Julien,Robert,1997-07-08,2022-12-27,Particulier,Étudiant,1222.96,42,A011,Biarritz,64200,julien.robert_2066@example.fr,Actif
2067,C002067,Océane,Dupont,1969-10-22,2024-01-24,Particulier,Artisan,5371.23,47,A021,Périgueux,24000,oceane.dupont_2067@example.fr,Actif
2068,C002068,Noah,Robert,1984-07-08,2018-08-21,Particulier,Cadre,3668.15,67,A007,Arcachon,33120,noah.robert_2068@example.fr,Actif
2069,C002069,Alexandre,Richard,1990-07-04,2019-12-26,Particulier,Enseignant,5622.09,43,A003,Mérignac,33700,alexandre.richard_2069@example.fr,Actif
2070,C002070,Sarah,Durand,2002-02-02,2016-10-06,Particulier,Profession libérale,5463.16,70,A023,Agen,47000,sarah.durand_2070@example.fr,Actif
2071,C002071,Lucas,Lefebvre,1998-03-18,2024-03-20,Particulier,Cadre,2026.27,38,A013,Orthez,64300,lucas.lefebvre_2071@example.fr,Actif
2072,C002072,Camille,Simon,1974-12-23,2016-11-18,Particulier,Retraité,2182.35,89,A022,Bergerac,24100,camille.simon_2072@example.fr,Actif
2073,C002073,Manon,Moreau,1984-08-08,2018-01-13,Particulier,Cadre,2639.42,39,A019,Limoges,87000,manon.moreau_2073@example.fr,Actif
2074,C002074,Camille,Thomas,1999-01-01,2026-04-24,Particulier,Sans emploi,3003.73,51,A015,La Rochelle,17000,camille.thomas_2074@example.fr,Actif
2075,C002075,Mathis,Mercier,1950-08-20,2025-12-29,Particulier,Cadre,2874.96,76,A024,Mont-de-Marsan,40000,mathis.mercier_2075@example.fr,Actif
2076,C002076,Nathan,Lambert,1977-06-04,2018-07-27,Particulier,Employé,3198.93,47,A023,Agen,47000,nathan.lambert_2076@example.fr,Actif
2077,C002077,Marie,Robert,1987-09-28,2017-08-05,Particulier,Retraité,1353.01,66,A012,Anglet,64600,marie.robert_2077@example.fr,Actif
2078,C002078,Inès,David,1965-10-21,2026-06-13,Particulier,Artisan,4454.75,51,A010,Bayonne,64100,ines.david_2078@example.fr,Actif
2079,C002079,Emma,Garcia,1988-12-17,2025-06-07,Particulier,Employé,2415.73,70,A002,Bordeaux,,emma.garcia_2079@example.fr,Actif
2080,C002080,Océane,Dupont,2004-01-07,2016-01-24,Particulier,Employé,3956.05,32,A003,Mérignac,33700,oceane.dupont_2080@example.fr,Actif
2081,C002081,Paul,Dupont,1997-05-16,2019-07-28,Particulier,Employé,2430.09,45,A024,Mont-de-Marsan,40000,paul.dupont_2081@example.fr,Actif
2082,C002082,Clara,Mercier,1947-03-19,2016-10-14,Professionnel,Agriculteur,5864.85,28,A025,Dax,40100,clara.mercier_2082@example.fr,Actif
2083,C002083,Noah,Laurent,1981-09-15,2025-04-10,Particulier,Enseignant,3234.77,57,A017,Niort,79000,noah.laurent_2083@example.fr,Actif
2084,C002084,Emma,Lambert,1946-08-28,2020-08-29,Professionnel,Cadre,7998.5,55,A008,Langon,33210,emma.lambert_2084@example.fr,Actif
2085,C002085,Marie,Garcia,1960-12-13,2020-01-18,Particulier,Employé,4678.84,64,A025,Dax,40100,marie.garcia_2085@example.fr,Actif
2086,C002086,Gabriel,Fournier,1975-08-24,2019-03-06,Particulier,Employé,3969.61,85,A021,Périgueux,24000,gabriel.fournier_2086@example.fr,Actif
2087,C002087,Hugo,David,1985-12-28,2025-04-25,Professionnel,Cadre,5363.99,50,A022,Bergerac,24100,hugo.david_2087@example.fr,Inactif
2088,C002088,Inès,Morel,1984-12-17,2017-05-02,Professionnel,Technicien,4596.79,73,A003,Mérignac,33700,ines.morel_2088@example.fr,Actif
2089,C002089,Thomas,Moreau,1987-12-16,2025-07-16,Particulier,Cadre,2983.51,45,A022,Bergerac,24100,thomas.moreau_2089@example.fr,Actif
2090,C002090,Inès,Martinez,1967-10-16,2022-06-12,Particulier,Profession libérale,2361.79,63,A025,Dax,40100,ines.martinez_2090@example.fr,Actif
2091,C002091,Zoé,Moreau,1981-01-07,2016-09-18,Professionnel,Employé,4893.49,55,A001,Bordeaux,33000,zoe.moreau_2091@example.fr,Inactif
2092,C002092,Léa,Fournier,1994-10-03,2020-03-25,Association,Cadre,7858.44,59,A014,Oloron-Sainte-Marie,64400,lea.fournier_2092@example.fr,Actif
2093,C002093,Marie,Laurent,1945-07-04,2022-11-07,Particulier,Employé,888.08,67,A006,Libourne,33500,marie.laurent_2093@example.fr,Actif
2094,C002094,Marie,Leroy,1965-04-08,2023-09-28,Particulier,Artisan,4033.32,72,A004,Pessac,33600,marie.leroy_2094@example.fr,Actif
2095,C002095,Sarah,Legrand,1957-12-25,2020-09-27,Professionnel,Artisan,6925.89,65,A006,Libourne,33500,sarah.legrand_2095@example.fr,Inactif
2096,C002096,Thomas,Garcia,1979-06-19,2019-04-22,Particulier,Retraité,2682.16,64,A009,Pau,64000,thomas.garcia_2096@example.fr,Actif
2097,C002097,Marie,Dupont,1955-08-07,2018-09-29,Professionnel,Étudiant,352.64,18,A010,Bayonne,64100,marie.dupont_2097@example.fr,Actif
2098,C002098,Amélie,Bernard,1959-09-12,2021-12-12,Particulier,Employé,2445.17,23,A006,Libourne,33500,amelie.bernard_2098@example.fr,Actif
2099,C002099,Jade,Mercier,1978-08-23,2020-04-28,Particulier,Profession libérale,2158.0,76,A024,Mont-de-Marsan,40000,jade.mercier_2099@example.fr,Actif
2100,C002100,Enzo,Leroy,1959-05-02,2015-03-30,Professionnel,Cadre,5047.46,46,A020,Brive-la-Gaillarde,19100,enzo.leroy_2100@example.fr,Actif
2101,C002101,Élodie,Laurent,1947-01-07,2021-05-20,Professionnel,Étudiant,1294.77,58,A019,Limoges,87000,elodie.laurent_2101@example.fr,Actif
2102,C002102,Emma,Martin,1958-04-21,2023-03-12,Particulier,Cadre,0.0,75,A015,La Rochelle,17000,emma.martin_2102@example.fr,Actif
2103,C002103,Manon,Mercier,2000-09-14,2022-12-13,Professionnel,Profession libérale,3452.47,47,A007,Arcachon,33120,manon.mercier_2103@example.fr,Actif
2104,C002104,Amélie,Laurent,1953-01-01,2024-09-15,Particulier,Employé,2545.42,43,A016,Rochefort,17300,amelie.laurent_2104@example.fr,Actif
2105,C002105,Hugo,Robert,1954-12-31,2024-08-31,Particulier,Profession libérale,1377.24,59,A024,Mont-de-Marsan,40000,hugo.robert_2105@example.fr,Actif
2106,C002106,Gabriel,David,1978-03-28,2019-11-22,Particulier,Retraité,1718.14,66,A012,Anglet,64600,gabriel.david_2106@example.fr,Actif
2107,C002107,Léa,Legrand,1980-11-29,2017-07-03,Professionnel,Technicien,6653.33,74,A025,Dax,40100,lea.legrand_2107@example.fr,Actif
2108,C002108,Paul,Moreau,1984-09-28,2024-09-27,Particulier,Retraité,2234.7,54,A022,Bergerac,24100,paul.moreau_2108@example.fr,Actif
2109,C002109,Gabriel,Simon,1997-03-20,2023-04-20,Particulier,Retraité,2888.2,56,A024,Mont-de-Marsan,40000,gabriel.simon_2109@example.fr,Actif
2110,C002110,Océane,Martin,1965-07-21,2017-12-20,Particulier,Cadre,2057.04,48,A012,Anglet,64600,oceane.martin_2110@example.fr,Actif
2111,C002111,Gabriel,Bertrand,1954-06-22,2016-07-05,Particulier,Artisan,3990.93,38,A011,Biarritz,64200,gabriel.bertrand_2111@example.fr,Actif
2112,C002112,Emma,Fournier,1949-04-29,2021-05-01,Particulier,Étudiant,826.32,50,A007,Arcachon,33120,emma.fournier_2112@example.fr,Actif
2113,C002113,Enzo,Legrand,1949-09-21,2021-09-27,Particulier,Étudiant,221.06,63,A025,Dax,40100,enzo.legrand_2113@example.fr,Actif
2114,C002114,Noah,Lambert,1955-04-09,2018-11-29,particulier,Retraité,1574.34,71,A019,Limoges,87000,noah.lambert_2114@example.fr,Actif
2115,C002115,Océane,Simon,1978-01-07,2022-02-07,Particulier,Employé,6678.57,55,A009,Pau,64000,oceane.simon_2115@example.fr,Actif
2116,C002116,Élodie,Martinez,1982-12-11,2017-06-06,Particulier,Étudiant,1451.36,59,A012,Anglet,64600,elodie.martinez_2116@example.fr,Actif
2117,C002117,Paul,Laurent,1961-06-16,2018-12-10,Association,Employé,5183.3,60,A022,Bergerac,24100,paul.laurent_2117@example.fr,Actif
2118,C002118,Alexandre,André,1948-10-01,2023-07-01,Particulier,Étudiant,1094.0,48,A007,Arcachon,33120,alexandre.andré_2118@example.fr,Actif
2119,C002119,Élodie,Roux,1947-02-14,2015-07-16,Particulier,Cadre,1850.03,72,A005,Talence,33400,elodie.roux_2119@example.fr,Actif
2120,C002120,Alexandre,Girard,1992-06-20,2018-05-20,Particulier,Employé,3068.81,43,A020,Brive-la-Gaillarde,19100,alexandre.girard_2120@example.fr,Actif
2121,C002121,Gabriel,Michel,1969-04-24,2015-02-06,Professionnel,Technicien,5084.03,72,A016,Rochefort,17300,gabriel.michel_2121@example.fr,Actif
2122,C002122,Julien,Robert,1948-12-01,2024-07-18,Particulier,Étudiant,783.63,29,A001,Bordeaux,33000,julien.robert_2122@example.fr,Actif
2123,C002123,Thomas,Leroy,1982-11-16,2016-03-24,Particulier,Agriculteur,3857.12,52,A006,Libourne,33500,thomas.leroy_2123@example.fr,Actif
2124,C002124,Alexandre,Moreau,1958-09-23,2020-08-06,Particulier,Étudiant,1853.75,40,A022,Bergerac,24100,alexandre.moreau_2124@example.fr,Actif
2125,C002125,Enzo,Lefebvre,1976-05-28,2022-02-22,Particulier,Employé,1409.07,37,A007,Arcachon,33120,enzo.lefebvre_2125@example.fr,Actif
2126,C002126,Noah,André,1973-11-06,2018-05-07,Particulier,Profession libérale,7096.45,48,A001,Bordeaux,33000,noah.andré_2126@example.fr,Actif
2127,C002127,Amélie,Garcia,1959-07-30,2015-07-10,Particulier,Enseignant,2395.87,95,A006,Libourne,33500,amelie.garcia_2127@example.fr,Actif
2128,C002128,Alexandre,Dupont,1999-03-15,2020-03-27,Particulier,Employé,2647.86,59,A023,Agen,47000,alexandre.dupont_2128@example.fr,Actif
2129,C002129,Alexandre,Simon,1969-10-05,2025-09-22,Particulier,Profession libérale,176.96,79,A011,Biarritz,64200,alexandre.simon_2129@example.fr,Actif
2130,C002130,Mathis,Bernard,1969-01-02,2019-04-04,Association,Employé,4119.08,61,A021,Périgueux,24000,mathis.bernard_2130@example.fr,Actif
2131,C002131,Hugo,André,1976-08-28,2017-03-09,Particulier,Commerçant,4893.14,36,A010,Bayonne,64100,hugo.andré_2131@example.fr,Actif
2132,C002132,Léa,Simon,1963-01-04,2021-01-07,Particulier,Employé,1842.6,56,A005,Talence,33400,lea.simon_2132@example.fr,Actif
2133,C002133,Noah,Richard,1976-06-05,2017-07-06,Particulier,Cadre,2479.7,55,A009,Pau,64000,noah.richard_2133@example.fr,Actif
2134,C002134,Manon,Dubois,1969-01-22,2017-02-10,Particulier,Retraité,2863.29,35,A018,Poitiers,86000,manon.dubois_2134@example.fr,Actif
2135,C002135,Alexandre,Vincent,2004-04-06,2022-04-18,Particulier,Employé,2757.18,40,A005,Talence,33400,alexandre.vincent_2135@example.fr,Actif
2136,C002136,Noah,Bernard,1980-06-30,2019-09-07,Particulier,Étudiant,562.3,39,A006,Libourne,33500,noah.bernard_2136@example.fr,Actif
2137,C002137,Emma,Bonnet,1968-02-10,2020-07-30,Particulier,Étudiant,1102.08,53,A016,Rochefort,17300,emma.bonnet_2137@example.fr,Actif
2138,C002138,Chloé,Martinez,1976-05-25,2022-10-01,Particulier,Retraité,3033.18,59,A005,Talence,33400,chloe.martinez_2138@example.fr,Actif
2139,C002139,Inès,Richard,1972-06-28,2017-12-15,Particulier,Profession libérale,3264.98,22,A019,Limoges,87000,ines.richard_2139@example.fr,Actif
2140,C002140,Thomas,Bernard,1973-04-03,2024-07-14,Particulier,Enseignant,3452.22,39,A017,Niort,79000,thomas.bernard_2140@example.fr,Actif
2141,C002141,Inès,Lefebvre,1988-01-31,2024-04-25,Professionnel,Employé,4150.52,25,A015,La Rochelle,17000,ines.lefebvre_2141@example.fr,Actif
2142,C002142,Clara,Girard,1993-06-19,2021-07-17,Professionnel,Enseignant,4458.36,51,A009,Pau,64000,clara.girard_2142@example.fr,Actif
2143,C002143,Mathis,Leroy,1987-05-12,2020-05-31,Particulier,Artisan,3035.5,73,A023,Agen,47000,mathis.leroy_2143@example.fr,Actif
2144,C002144,Sarah,Fournier,1991-10-24,2018-12-23,Particulier,Retraité,1931.07,34,A009,Pau,64000,sarah.fournier_2144@example.fr,Actif
2145,C002145,Élodie,Fournier,1960-04-01,2025-11-16,Particulier,Employé,2021.12,49,A005,Talence,33400,elodie.fournier_2145@example.fr,Actif
2146,C002146,Julien,Girard,1991-03-27,2023-08-03,Professionnel,Employé,9407.19,19,A012,Anglet,64600,julien.girard_2146@example.fr,Actif
2147,C002147,Léa,André,1963-07-16,2019-06-10,Professionnel,Employé,2456.49,53,A012,Anglet,64600,lea.andré_2147@example.fr,Actif
2148,C002148,Océane,Petit,1970-04-06,2023-04-04,Particulier,Agriculteur,3132.84,22,A006,Libourne,33500,oceane.petit_2148@example.fr,Actif
2149,C002149,Jade,Simon,1977-08-16,2020-02-08,Particulier,Cadre,2465.85,73,A016,Rochefort,17300,jade.simon_2149@example.fr,Actif
2150,C002150,Léa,Bonnet,1981-10-07,2025-09-18,Particulier,Employé,2908.88,61,A008,Langon,33210,lea.bonnet_2150@example.fr,Inactif
2151,C002151,Manon,Garcia,1972-12-25,2025-03-07,Professionnel,Cadre,7199.3,64,A013,Orthez,64300,manon.garcia_2151@example.fr,Actif
2152,C002152,Nathan,Lambert,1970-05-31,2016-02-06,Particulier,Cadre,2536.25,46,A013,Orthez,64300,nathan.lambert_2152@example.fr,Actif
2153,C002153,Hugo,Michel,1987-07-14,2023-11-25,Particulier,Employé,2809.15,49,A018,Poitiers,86000,hugo.michel_2153@example.fr,Clos
2154,C002154,Clara,Bertrand,1969-10-24,2016-07-20,Particulier,Étudiant,1498.06,57,A017,Niort,79000,clara.bertrand_2154@example.fr,Actif
2155,C002155,Chloé,Laurent,1965-07-03,2016-06-24,Particulier,Enseignant,4494.79,48,A016,Rochefort,17300,chloe.laurent_2155@example.fr,Inactif
2156,C002156,Zoé,Durand,1969-09-27,2021-07-24,Association,Employé,5750.26,62,A010,Bayonne,64100,zoe.durand_2156@example.fr,Actif
2157,C002157,Océane,Durand,1999-12-20,2017-12-16,Professionnel,Employé,7334.78,32,A017,Niort,79000,oceane.durand_2157@example.fr,Actif
2158,C002158,Manon,Girard,1983-02-26,2026-05-02,Particulier,Employé,5061.36,48,A006,Libourne,33500,manon.girard_2158@example.fr,Actif
2159,C002159,Marie,Lambert,1975-04-06,2021-07-03,Particulier,Étudiant,684.92,43,A014,Oloron-Sainte-Marie,64400,marie.lambert_2159@example.fr,Actif
2160,C002160,Léa,Morel,1949-02-09,2022-09-17,Particulier,Cadre,5577.82,61,A024,Mont-de-Marsan,40000,lea.morel_2160@example.fr,Actif
2161,C002161,Océane,Michel,1957-09-11,2021-12-08,Particulier,Cadre,4349.97,52,A012,Anglet,64600,oceane.michel_2161@example.fr,Actif
2162,C002162,Sarah,Moreau,1972-03-17,2023-09-27,Particulier,Cadre,928.29,78,A011,Biarritz,64200,sarah.moreau_2162@example.fr,Actif
2163,C002163,Gabriel,Martinez,1987-05-23,2025-02-13,Particulier,Enseignant,3424.02,34,A011,Biarritz,64200,gabriel.martinez_2163@example.fr,Actif
2164,C002164,Zoé,Michel,1977-02-28,2017-06-19,Particulier,Cadre,2969.36,55,A024,Mont-de-Marsan,40000,zoe.michel_2164@example.fr,Actif
2165,C002165,Mathis,Legrand,1966-09-15,2016-05-24,Particulier,Sans emploi,4389.75,35,A004,Pessac,33600,mathis.legrand_2165@example.fr,Actif
2166,C002166,Julien,Richard,1962-10-20,2015-09-16,Particulier,Employé,3112.76,63,A009,Pau,64000,julien.richard_2166@example.fr,Actif
2167,C002167,Julien,François,1984-08-04,2016-11-21,Particulier,Étudiant,1599.08,43,A001,Bordeaux,33000,julien.françois_2167@example.fr,Actif
2168,C002168,Lucas,Robert,1951-05-20,2015-06-26,Particulier,Cadre,109.27,38,A010,Bayonne,64100,lucas.robert_2168@example.fr,Actif
2169,C002169,Emma,Bertrand,1993-05-04,2016-11-05,Particulier,Artisan,1733.53,40,A003,Mérignac,33700,emma.bertrand_2169@example.fr,Inactif
2170,C002170,Camille,Legrand,1990-03-03,2021-10-14,Particulier,Retraité,1427.15,59,A011,Biarritz,64200,camille.legrand_2170@example.fr,Actif
2171,C002171,Antoine,Leroy,1957-09-11,2024-07-25,Particulier,Employé,4470.45,48,A013,Orthez,64300,antoine.leroy_2171@example.fr,Actif
2172,C002172,Thomas,Bernard,1998-05-03,2022-12-16,Professionnel,Employé,6280.51,60,A013,Orthez,64300,thomas.bernard_2172@example.fr,Actif
2173,C002173,Lucas,André,1959-01-12,2025-05-15,Professionnel,Artisan,6055.93,62,A025,Dax,40100,lucas.andré_2173@example.fr,Actif
2174,C002174,Camille,Mercier,1946-03-12,2022-01-31,Particulier,Étudiant,822.19,33,A019,Limoges,87000,camille.mercier_2174@example.fr,Actif
2175,C002175,Chloé,Simon,1949-08-28,2019-04-29,Particulier,Cadre,5067.26,21,A015,La Rochelle,17000,chloe.simon_2175@example.fr,Actif
2176,C002176,Océane,Richard,1958-11-18,2015-11-15,Particulier,Enseignant,265.93,61,A014,Oloron-Sainte-Marie,64400,oceane.richard_2176@example.fr,Actif
2177,C002177,Sarah,Martin,1958-06-07,2022-03-29,Particulier,Profession libérale,629.89,41,A010,Bayonne,64100,sarah.martin_2177@example.fr,Actif
2178,C002178,Noah,Legrand,1968-12-03,2024-03-22,Association,Cadre,3603.18,56,A009,Pau,64000,noah.legrand_2178@example.fr,Actif
2179,C002179,Thomas,Roux,1955-01-10,2025-01-13,Particulier,Étudiant,711.06,63,A010,Bayonne,64100,thomas.roux_2179@example.fr,Actif
2180,C002180,Enzo,Martin,1994-11-30,2019-06-13,Particulier,Enseignant,3248.22,50,A011,Biarritz,64200,enzo.martin_2180@example.fr,Actif
2181,C002181,Clara,Leroy,2001-05-23,2022-08-24,Particulier,Commerçant,4954.56,40,A024,Mont-de-Marsan,40000,clara.leroy_2181@example.fr,Actif
2182,C002182,Mathis,Bernard,1967-06-17,2023-05-22,Association,Artisan,5679.97,47,A019,Limoges,87000,mathis.bernard_2182@example.fr,Actif
2183,C002183,Hugo,Bernard,2001-08-10,2016-03-19,Particulier,Technicien,3752.15,45,A010,Bayonne,64100,hugo.bernard_2183@example.fr,Actif
2184,C002184,Thomas,Lefebvre,1977-08-10,2016-08-27,Particulier,Employé,1571.22,55,A003,Mérignac,33700,thomas.lefebvre_2184@example.fr,Inactif
2185,C002185,Océane,Petit,1978-10-02,2016-11-15,Particulier,Profession libérale,2366.04,57,A008,Langon,33210,oceane.petit_2185@example.fr,Actif
2186,C002186,Camille,Mercier,1969-05-08,2017-05-12,Particulier,Étudiant,985.15,44,A024,Mont-de-Marsan,40000,camille.mercier_2186@example.fr,Actif
2187,C002187,Élodie,François,1965-09-14,2019-10-23,Particulier,Étudiant,1117.17,46,A004,Pessac,33600,elodie.françois_2187@example.fr,Actif
2188,C002188,Camille,Dupont,1961-11-12,2021-03-03,Particulier,Agriculteur,1443.17,79,A001,Bordeaux,33000,camille.dupont_2188@example.fr,Actif
2189,C002189,Léa,Roux,1977-10-13,2023-02-01,Particulier,Employé,2090.58,38,A005,Talence,33400,lea.roux_2189@example.fr,Actif
2190,C002190,Camille,Morel,1969-06-11,2016-11-18,Particulier,Artisan,3176.23,56,A015,La Rochelle,17000,camille.morel_2190@example.fr,Actif
2191,C002191,Chloé,Vincent,1979-08-13,2018-01-17,Particulier,Employé,2224.43,54,A017,Niort,79000,chloe.vincent_2191@example.fr,Actif
2192,C002192,Inès,Simon,1957-04-05,2018-12-30,Particulier,Sans emploi,3643.12,66,A022,Bergerac,24100,ines.simon_2192@example.fr,Actif
2193,C002193,Zoé,Fournier,1971-05-26,2019-08-18,Particulier,Étudiant,522.3,56,A007,Arcachon,33120,zoe.fournier_2193@example.fr,Actif
2194,C002194,Jade,Fournier,1981-04-27,2021-02-06,Professionnel,Commerçant,6814.98,53,A024,Mont-de-Marsan,40000,jade.fournier_2194@example.fr,Actif
2195,C002195,Amélie,Roux,1999-01-17,2022-10-16,Particulier,Technicien,3911.63,84,A020,Brive-la-Gaillarde,19100,amelie.roux_2195@example.fr,Actif
2196,C002196,Sarah,Lefebvre,1975-05-28,2022-02-14,Particulier,Enseignant,2580.63,49,A024,Mont-de-Marsan,40000,sarah.lefebvre_2196@example.fr,Actif
2197,C002197,Enzo,Legrand,1962-10-20,2021-12-07,Particulier,Cadre,1250.42,53,A007,Arcachon,33120,enzo.legrand_2197@example.fr,Actif
2198,C002198,Élodie,Dupont,1945-05-22,2025-11-22,Professionnel,Employé,1703.76,72,A015,La Rochelle,17000,elodie.dupont_2198@example.fr,Actif
2199,C002199,Lucas,François,1997-10-29,2018-02-18,Particulier,Agriculteur,2111.83,28,A011,Biarritz,64200,lucas.françois_2199@example.fr,Actif
2200,C002200,Élodie,Moreau,1967-04-03,2018-12-02,Particulier,Employé,4427.0,29,A019,Limoges,87000,elodie.moreau_2200@example.fr,Actif
2201,C002201,Chloé,Moreau,1963-05-09,2021-10-31,Particulier,Étudiant,337.05,50,A002,Bordeaux,33300,chloe.moreau_2201@example.fr,Actif
2202,C002202,Alexandre,Morel,1980-09-07,2017-05-05,Professionnel,Employé,7709.83,70,A010,Bayonne,64100,alexandre.morel_2202@example.fr,Actif
2203,C002203,Hugo,Vincent,1953-12-05,2020-07-14,Particulier,Enseignant,2539.02,63,A001,Bordeaux,33000,hugo.vincent_2203@example.fr,Actif
2204,C002204,Gabriel,Dubois,1951-08-29,2020-11-10,Particulier,Employé,1522.97,29,A016,Rochefort,17300,gabriel.dubois_2204@example.fr,Actif
2205,C002205,Nathan,Thomas,1946-03-28,2022-01-29,Particulier,Profession libérale,5527.67,58,A025,Dax,40100,nathan.thomas_2205@example.fr,Actif
2206,C002206,Inès,Durand,1975-08-07,2026-05-17,Particulier,Cadre,4756.55,61,A001,Bordeaux,,ines.durand_2206@example.fr,Actif
2207,C002207,Noah,Mercier,1968-09-27,2024-11-23,Particulier,Sans emploi,2724.05,60,A005,Talence,33400,noah.mercier_2207@example.fr,Actif
2208,C002208,Paul,Legrand,1977-08-12,2023-04-19,Particulier,Étudiant,1044.51,44,A020,Brive-la-Gaillarde,19100,paul.legrand_2208@example.fr,Actif
2209,C002209,Alexandre,Lefebvre,1992-03-26,2022-01-19,Particulier,Enseignant,1131.37,83,A018,Poitiers,86000,alexandre.lefebvre_2209@example.fr,Actif
2210,C002210,Clara,Dubois,1994-01-25,2018-12-27,Particulier,Étudiant,233.15,53,A018,Poitiers,86000,clara.dubois_2210@example.fr,Actif
2211,C002211,Lucas,Morel,1961-09-28,2020-12-11,Particulier,Retraité,900.0,73,A014,Oloron-Sainte-Marie,64400,lucas.morel_2211@example.fr,Actif
2212,C002212,Hugo,Lefebvre,1962-07-10,2024-12-24,Particulier,Employé,1374.29,76,A012,Anglet,64600,hugo.lefebvre_2212@example.fr,Actif
2213,C002213,Clara,Bonnet,1947-01-21,2022-05-15,Particulier,Commerçant,834.93,80,A024,Mont-de-Marsan,40000,clara.bonnet_2213@example.fr,Actif
2214,C002214,Marie,Leroy,1961-06-11,2021-12-19,Particulier,Profession libérale,4484.04,38,A018,Poitiers,86000,marie.leroy_2214@example.fr,Actif
2215,C002215,Emma,Garcia,1975-10-28,2020-11-02,Particulier,Employé,1122.95,65,A001,Bordeaux,33000,emma.garcia_2215@example.fr,Actif
2216,C002216,Chloé,Vincent,1998-10-27,2015-11-18,Particulier,Étudiant,1590.22,22,A010,Bayonne,64100,chloe.vincent_2216@example.fr,Actif
2217,C002217,Emma,Legrand,1993-03-17,2015-05-17,Professionnel,Artisan,6810.4,59,A014,Oloron-Sainte-Marie,64400,emma.legrand_2217@example.fr,Inactif
2218,C002218,Mathis,Martin,1962-09-23,2023-11-14,Particulier,Commerçant,3342.25,66,A011,Biarritz,64200,mathis.martin_2218@example.fr,Actif
2219,C002219,Zoé,Mercier,1959-10-20,2023-11-02,Particulier,Étudiant,842.56,64,A020,Brive-la-Gaillarde,19100,zoe.mercier_2219@example.fr,Actif
2220,C002220,Julien,Petit,1994-07-13,2018-11-07,Particulier,Retraité,2307.76,70,A023,Agen,47000,julien.petit_2220@example.fr,Actif
2221,C002221,Alexandre,Fournier,1987-11-08,2017-03-21,Particulier,Retraité,2734.06,39,A005,Talence,33400,alexandre.fournier_2221@example.fr,Actif
2222,C002222,Julien,Mercier,2004-05-12,2015-09-16,Professionnel,Étudiant,1059.55,30,A011,Biarritz,64200,julien.mercier_2222@example.fr,Actif
2223,C002223,Zoé,Mercier,1970-09-04,2020-09-06,Particulier,Employé,0.0,39,A025,Dax,40100,zoe.mercier_2223@example.fr,Actif
2224,C002224,Chloé,Roux,1976-03-13,2015-11-25,Professionnel,Employé,5199.15,73,A007,Arcachon,33120,chloe.roux_2224@example.fr,Actif
2225,C002225,Gabriel,Petit,1975-02-01,2015-08-10,Particulier,Commerçant,-3434.75,41,A007,Arcachon,33120,gabriel.petit_2225@example.fr,Actif
2226,C002226,Océane,Morel,1986-07-26,2026-01-20,Particulier,Enseignant,5177.85,58,A021,Périgueux,24000,oceane.morel_2226@example.fr,Actif
2227,C002227,Amélie,Girard,1996-02-20,2018-04-29,Particulier,Enseignant,2659.95,52,A010,Bayonne,64100,amelie.girard_2227@example.fr,Actif
2228,C002228,Enzo,Girard,1952-08-28,2023-04-22,Professionnel,Retraité,1799.81,53,A001,Bordeaux,33000,enzo.girard_2228@example.fr,Actif
2229,C002229,Océane,André,1972-01-05,2019-10-15,Particulier,Cadre,1373.45,33,A018,Poitiers,86000,oceane.andré_2229@example.fr,Actif
2230,C002230,Nathan,Bernard,1992-08-21,2022-05-26,Particulier,Commerçant,5313.38,74,A022,Bergerac,24100,nathan.bernard_2230@example.fr,Actif
2231,C002231,Gabriel,Laurent,2004-02-02,2023-12-02,Particulier,Étudiant,1239.47,62,A023,Agen,47000,gabriel.laurent_2231@example.fr,Actif
2232,C002232,Hugo,Leroy,1974-02-15,2023-10-17,Professionnel,Artisan,8628.9,44,A010,Bayonne,64100,hugo.leroy_2232@example.fr,Actif
2233,C002233,Julien,Durand,1997-05-08,2018-03-12,Particulier,Retraité,1934.24,60,A014,Oloron-Sainte-Marie,64400,julien.durand_2233@example.fr,Actif
2234,C002234,Jade,Lefebvre,1994-11-21,2023-05-16,Particulier,Étudiant,363.5,51,A024,Mont-de-Marsan,40000,jade.lefebvre_2234@example.fr,Actif
2235,C002235,Hugo,Bonnet,1985-07-06,2022-07-13,Particulier,Cadre,5931.66,60,A024,Mont-de-Marsan,40000,hugo.bonnet_2235@example.fr,Actif
2236,C002236,Emma,Lefebvre,1963-12-02,2026-04-25,Particulier,Cadre,2527.93,68,A018,Poitiers,86000,emma.lefebvre_2236@example.fr,Actif
2237,C002237,Amélie,Thomas,1972-09-11,2019-10-02,Particulier,Technicien,2758.24,48,A021,Périgueux,24000,amelie.thomas_2237@example.fr,Actif
2238,C002238,Julien,Bertrand,1997-03-19,2021-04-17,Particulier,Employé,4669.16,44,A018,Poitiers,86000,julien.bertrand_2238@example.fr,Actif
2239,C002239,Julien,Legrand,1954-10-15,2015-03-12,Particulier,Artisan,3097.52,67,A021,Périgueux,24000,julien.legrand_2239@example.fr,Actif
2240,C002240,Camille,Durand,1999-02-08,2016-06-11,Particulier,Cadre,1117.11,45,A023,Agen,47000,camille.durand_2240@example.fr,Inactif
2241,C002241,Océane,Girard,1988-06-20,2024-12-07,Particulier,Retraité,2742.3,76,A021,Périgueux,24000,oceane.girard_2241@example.fr,Actif
2242,C002242,Lucas,Legrand,1970-10-07,2015-09-04,Particulier,Employé,2567.2,84,A023,Agen,47000,lucas.legrand_2242@example.fr,Actif
2243,C002243,Léa,Vincent,2000-05-10,2026-04-02,Particulier,Étudiant,728.78,34,A012,Anglet,64600,lea.vincent_2243@example.fr,Actif
2244,C002244,Jade,André,1952-04-09,2015-01-21,Professionnel,Artisan,5200.81,41,A009,Pau,64000,jade.andré_2244@example.fr,Actif
2245,C002245,Noah,Vincent,1954-10-28,2023-02-13,Particulier,Employé,1654.28,33,A019,Limoges,87000,noah.vincent_2245@example.fr,Actif
2246,C002246,Marie,Simon,1956-01-20,2021-05-26,Particulier,Artisan,2618.13,46,A017,Niort,79000,marie.simon_2246@example.fr,Actif
2247,C002247,Antoine,Michel,1976-03-23,2016-07-23,Particulier,Retraité,1776.26,45,A015,La Rochelle,17000,antoine.michel_2247@example.fr,Actif
2248,C002248,Paul,Mercier,1967-09-06,2023-02-11,Particulier,Enseignant,1600.14,73,A005,Talence,33400,paul.mercier_2248@example.fr,Actif
2249,C002249,Alexandre,Durand,2004-12-16,2015-01-30,Professionnel,Retraité,2331.86,23,A004,Pessac,33600,alexandre.durand_2249@example.fr,Actif
2250,C002250,Paul,Michel,1967-01-25,2020-08-28,Particulier,Employé,835.91,83,A015,La Rochelle,17000,paul.michel_2250@example.fr,Actif
2251,C002251,Lucas,Fournier,1967-12-15,2026-01-12,Particulier,Technicien,3439.11,32,A014,Oloron-Sainte-Marie,64400,lucas.fournier_2251@example.fr,Actif
2252,C002252,Marie,Lambert,1980-08-03,2019-02-03,Professionnel,Employé,3439.7,45,A014,Oloron-Sainte-Marie,64400,marie.lambert_2252@example.fr,Actif
2253,C002253,Clara,Simon,1991-01-20,2018-10-10,Particulier,Sans emploi,4780.65,74,A007,Arcachon,33120,clara.simon_2253@example.fr,Actif
2254,C002254,Lucas,Dupont,1954-03-09,2025-11-15,Particulier,Étudiant,10.14,76,A001,Bordeaux,33000,lucas.dupont_2254@example.fr,Clos
2255,C002255,Emma,Leroy,1946-05-23,2018-06-06,Particulier,Employé,1403.6,54,A012,Anglet,64600,emma.leroy_2255@example.fr,Actif
2256,C002256,Océane,Garcia,1990-10-28,2021-10-04,Professionnel,Employé,5939.54,41,A003,Mérignac,33700,oceane.garcia_2256@example.fr,Actif
2257,C002257,Élodie,Petit,1949-03-22,2019-06-07,Particulier,Sans emploi,1733.46,69,A007,Arcachon,33120,elodie.petit_2257@example.fr,Actif
2258,C002258,Clara,Martin,1951-11-26,2023-01-13,Particulier,Étudiant,799.81,51,A014,Oloron-Sainte-Marie,64400,clara.martin_2258@example.fr,Actif
2259,C002259,Camille,Mercier,1949-04-26,2018-06-02,Particulier,Profession libérale,4442.56,42,A025,Dax,40100,camille.mercier_2259@example.fr,Actif
2260,C002260,Lucas,Leroy,1992-07-16,2019-07-03,Particulier,Employé,3356.57,42,A021,Périgueux,24000,lucas.leroy_2260@example.fr,Actif
2261,C002261,Thomas,Richard,1999-05-03,2017-05-09,Particulier,Employé,4390.93,8,A014,Oloron-Sainte-Marie,64400,thomas.richard_2261@example.fr,Actif
2262,C002262,Sarah,Lefebvre,1988-11-06,2017-07-09,Particulier,Retraité,1908.64,58,A023,Agen,47000,sarah.lefebvre_2262@example.fr,Actif
2263,C002263,Manon,Martin,1982-11-27,2017-07-28,Particulier,Étudiant,1014.56,90,A004,Pessac,33600,manon.martin_2263@example.fr,Actif
2264,C002264,Gabriel,Laurent,1956-09-08,2024-01-23,Particulier,Étudiant,1054.29,66,A005,Talence,33400,gabriel.laurent_2264@example.fr,Clos
2265,C002265,Paul,Lambert,1983-09-30,2022-11-05,Particulier,Retraité,2114.99,51,A014,Oloron-Sainte-Marie,64400,paul.lambert_2265@example.fr,Actif
2266,C002266,Océane,Morel,1948-06-03,2024-10-24,Particulier,Enseignant,0.0,51,A011,Biarritz,64200,oceane.morel_2266@example.fr,Actif
2267,C002267,Manon,Martinez,1998-08-04,2018-11-17,Particulier,Employé,1842.71,95,A005,Talence,33400,manon.martinez_2267@example.fr,Actif
2268,C002268,Clara,Leroy,1973-08-24,2019-06-03,Particulier,Cadre,3498.8,66,A019,Limoges,87000,clara.leroy_2268@example.fr,Actif
2269,C002269,Alexandre,Morel,1969-12-12,2021-06-01,Particulier,Retraité,2074.19,25,A023,Agen,47000,alexandre.morel_2269@example.fr,Actif
2270,C002270,Alexandre,Garcia,1990-02-06,2021-11-06,Professionnel,Employé,9683.13,48,A013,Orthez,64300,alexandre.garcia_2270@example.fr,Actif
2271,C002271,Élodie,Petit,1987-07-23,2020-07-28,Professionnel,Cadre,4088.0,60,A021,Périgueux,24000,elodie.petit_2271@example.fr,Actif
2272,C002272,Enzo,Richard,1962-04-25,2023-11-17,Association,Retraité,2609.81,72,A013,Orthez,64300,enzo.richard_2272@example.fr,Inactif
2273,C002273,Marie,Bertrand,1955-09-15,2024-12-26,Particulier,Employé,5002.39,38,A010,Bayonne,64100,marie.bertrand_2273@example.fr,Clos
2274,C002274,Sarah,Martinez,1993-08-05,2019-09-30,Particulier,Étudiant,458.92,58,A024,Mont-de-Marsan,40000,sarah.martinez_2274@example.fr,Actif
2275,C002275,Élodie,Morel,1970-11-15,2021-01-25,Particulier,Étudiant,1480.63,60,A015,La Rochelle,17000,elodie.morel_2275@example.fr,Actif
2276,C002276,Nathan,Petit,1988-06-10,2017-11-28,Particulier,Employé,2107.22,53,A018,Poitiers,86000,nathan.petit_2276@example.fr,Actif
2277,C002277,Mathis,Lefebvre,1945-07-01,2021-02-17,Particulier,Employé,3131.02,63,A006,Libourne,33500,mathis.lefebvre_2277@example.fr,Actif
2278,C002278,Nathan,Morel,1962-06-02,2017-07-31,Particulier,Commerçant,6252.6,60,A019,Limoges,87000,nathan.morel_2278@example.fr,Actif
2279,C002279,Enzo,Mercier,1952-07-25,2015-04-25,Particulier,Agriculteur,1770.08,63,A010,Bayonne,64100,enzo.mercier_2279@example.fr,Actif
2280,C002280,Manon,Lambert,1948-03-01,2020-07-18,Particulier,Employé,2064.5,47,A021,Périgueux,24000,manon.lambert_2280@example.fr,Actif
2281,C002281,Jade,Robert,1989-05-16,2015-04-01,Particulier,Technicien,2640.72,65,A001,Bordeaux,33000,jade.robert_2281@example.fr,Inactif
2282,C002282,Emma,Dupont,1954-01-14,2025-12-28,Particulier,Technicien,3435.24,68,A014,Oloron-Sainte-Marie,64400,emma.dupont_2282@example.fr,Actif
2283,C002283,Mathis,François,1959-04-19,2021-03-08,Particulier,Retraité,3070.29,37,A001,Bordeaux,33000,mathis.françois_2283@example.fr,Actif
2284,C002284,Camille,Dubois,2000-11-14,2019-07-06,Particulier,Enseignant,2827.51,44,A014,Oloron-Sainte-Marie,64400,camille.dubois_2284@example.fr,Actif
2285,C002285,Hugo,Lambert,1993-12-26,2023-11-22,Particulier,Profession libérale,2498.3,45,A003,Mérignac,33700,hugo.lambert_2285@example.fr,Inactif
2286,C002286,Antoine,Simon,1960-06-22,2019-06-27,Particulier,Technicien,3311.89,66,A023,Agen,47000,antoine.simon_2286@example.fr,Inactif
2287,C002287,Julien,Mercier,1982-02-16,2023-04-02,Particulier,Artisan,2595.1,26,A002,Bordeaux,33300,julien.mercier_2287@example.fr,Actif
2288,C002288,Thomas,Lambert,2001-10-22,2022-11-10,Particulier,Retraité,1382.71,49,A010,Bayonne,64100,thomas.lambert_2288@example.fr,Actif
2289,C002289,Élodie,Legrand,1968-09-14,2023-06-24,Particulier,Employé,157.63,46,A021,Périgueux,24000,elodie.legrand_2289@example.fr,Inactif
2290,C002290,Zoé,Martin,1995-01-19,2017-09-13,Particulier,Cadre,1766.06,39,A003,Mérignac,33700,zoe.martin_2290@example.fr,Actif
2291,C002291,Amélie,Thomas,1972-11-13,2015-06-15,Particulier,Technicien,1592.89,29,A003,Mérignac,33700,amelie.thomas_2291@example.fr,Actif
2292,C002292,Zoé,François,1973-06-10,2020-09-01,Professionnel,Artisan,5516.97,48,A011,Biarritz,64200,zoe.françois_2292@example.fr,Actif
2293,C002293,Manon,Martinez,1970-09-10,2017-08-07,Professionnel,Enseignant,3626.71,57,A015,La Rochelle,17000,manon.martinez_2293@example.fr,Actif
2294,C002294,Marie,Bonnet,1978-12-16,2017-11-21,Particulier,Technicien,2007.35,82,A007,Arcachon,33120,marie.bonnet_2294@example.fr,Actif
2295,C002295,Jade,Garcia,2000-09-21,2016-07-22,Particulier,Profession libérale,812.34,67,A016,Rochefort,17300,jade.garcia_2295@example.fr,Actif
2296,C002296,Clara,Durand,1957-01-22,2018-09-28,Particulier,Employé,4075.17,73,A020,Brive-la-Gaillarde,19100,clara.durand_2296@example.fr,Actif
2297,C002297,Julien,Girard,1991-06-30,2015-12-23,Particulier,Artisan,5522.86,94,A017,Niort,79000,julien.girard_2297@example.fr,Actif
2298,C002298,Paul,Martinez,1949-12-17,2018-04-27,Particulier,Technicien,6215.46,42,A020,Brive-la-Gaillarde,19100,paul.martinez_2298@example.fr,Actif
2299,C002299,Enzo,Michel,1959-03-05,2022-05-19,Particulier,Enseignant,5329.87,46,A008,Langon,33210,enzo.michel_2299@example.fr,Actif
2300,C002300,Sarah,Bertrand,1993-01-30,2019-01-19,professionnel,Retraité,1316.97,52,A004,Pessac,33600,sarah.bertrand_2300@example.fr,Actif
2301,C002301,Océane,Petit,1960-10-29,2023-01-30,Particulier,Retraité,1679.17,61,A018,Poitiers,86000,oceane.petit_2301@example.fr,Actif
2302,C002302,Sarah,Girard,1967-01-07,2016-12-16,Particulier,Retraité,2991.24,68,A001,Bordeaux,33000,sarah.girard_2302@example.fr,Actif
2303,C002303,Nathan,Laurent,2003-09-01,2018-05-04,Professionnel,Employé,6258.7,43,A012,Anglet,64600,nathan.laurent_2303@example.fr,Actif
2304,C002304,Chloé,Petit,1962-04-20,2025-03-21,Particulier,Technicien,4111.45,47,A011,Biarritz,64200,chloe.petit_2304@example.fr,Actif
2305,C002305,Julien,David,1975-07-25,2019-05-29,Particulier,Agriculteur,3661.36,79,A018,Poitiers,86000,julien.david_2305@example.fr,Actif
2306,C002306,Jade,Morel,1978-01-24,2018-09-13,Particulier,Cadre,2798.34,57,A003,Mérignac,33700,jade.morel_2306@example.fr,Actif
2307,C002307,Manon,Fournier,1955-11-16,2020-10-11,Particulier,Employé,5467.56,86,A002,Bordeaux,33300,manon.fournier_2307@example.fr,Clos
2308,C002308,Thomas,Bernard,1981-03-11,2025-08-08,Particulier,Sans emploi,2330.4,52,A005,Talence,33400,thomas.bernard_2308@example.fr,Actif
2309,C002309,Emma,Moreau,1958-03-25,2025-06-18,Particulier,Artisan,4978.41,59,A007,Arcachon,33120,emma.moreau_2309@example.fr,Actif
2310,C002310,Emma,Martinez,1986-10-10,2015-05-13,Particulier,Cadre,1094.5,50,A007,Arcachon,33120,emma.martinez_2310@example.fr,Actif
2311,C002311,Thomas,Laurent,2003-12-05,2016-05-02,Particulier,Employé,5730.57,40,A025,Dax,40100,thomas.laurent_2311@example.fr,Actif
2312,C002312,Noah,Thomas,1980-07-09,2022-04-06,Particulier,Employé,5134.46,79,A006,Libourne,33500,noah.thomas_2312@example.fr,Actif
2313,C002313,Emma,David,1970-10-13,2018-05-09,Particulier,Profession libérale,3765.89,72,A007,Arcachon,33120,emma.david_2313@example.fr,Clos
2314,C002314,Océane,Martin,1963-12-08,2021-04-21,Particulier,Artisan,245.63,49,A014,Oloron-Sainte-Marie,64400,oceane.martin_2314@example.fr,Actif
2315,C002315,Clara,Mercier,1991-05-02,2025-12-06,Particulier,Technicien,1565.73,62,A003,Mérignac,33700,clara.mercier_2315@example.fr,Actif
2316,C002316,Thomas,Moreau,1987-03-20,2016-08-15,Particulier,Étudiant,723.96,47,A013,Orthez,64300,thomas.moreau_2316@example.fr,Actif
2317,C002317,Gabriel,Dubois,1950-06-06,2026-06-21,Particulier,Enseignant,3592.04,61,A023,Agen,47000,gabriel.dubois_2317@example.fr,Actif
2318,C002318,Manon,Laurent,1963-07-14,2023-03-03,Professionnel,Retraité,3597.96,78,A021,Périgueux,24000,manon.laurent_2318@example.fr,Actif
2319,C002319,Marie,Richard,1977-09-22,2025-03-06,Particulier,Cadre,2210.54,55,A011,Biarritz,64200,marie.richard_2319@example.fr,Actif
2320,C002320,Nathan,Michel,1953-06-02,2018-09-14,Particulier,Étudiant,1088.02,50,A006,Libourne,33500,nathan.michel_2320@example.fr,Actif
2321,C002321,Hugo,Bertrand,1945-06-23,2024-03-16,Particulier,Retraité,1058.51,62,A002,Bordeaux,33300,hugo.bertrand_2321@example.fr,Actif
2322,C002322,Océane,Robert,1955-04-29,2020-05-20,Particulier,Retraité,1812.36,43,A023,Agen,47000,oceane.robert_2322@example.fr,Actif
2323,C002323,Léa,Martin,1986-09-19,2021-05-21,Particulier,Profession libérale,7238.67,39,A014,Oloron-Sainte-Marie,64400,lea.martin_2323@example.fr,Actif
2324,C002324,Océane,Roux,1989-11-12,2021-08-26,Particulier,Technicien,4239.45,22,A007,Arcachon,33120,oceane.roux_2324@example.fr,Actif
2325,C002325,Lucas,Michel,1949-11-19,2026-05-09,Particulier,Enseignant,3247.14,30,A020,Brive-la-Gaillarde,19100,lucas.michel_2325@example.fr,Actif
2326,C002326,Chloé,Michel,1978-11-13,2017-10-26,Association,Agriculteur,4393.51,68,A006,Libourne,33500,chloe.michel_2326@example.fr,Actif
2327,C002327,Enzo,Martinez,1968-01-31,2023-11-21,Professionnel,Étudiant,194.94,72,A015,La Rochelle,17000,enzo.martinez_2327@example.fr,Inactif
2328,C002328,Marie,Robert,1996-07-23,2018-03-30,Particulier,Agriculteur,2056.87,52,A012,Anglet,64600,marie.robert_2328@example.fr,Actif
2329,C002329,Amélie,Vincent,1965-05-22,2015-04-05,Particulier,Étudiant,779.07,45,A011,Biarritz,64200,amelie.vincent_2329@example.fr,Actif
2330,C002330,Camille,Michel,1967-08-11,2017-03-28,Particulier,Employé,945.01,50,A009,Pau,64000,camille.michel_2330@example.fr,Actif
2331,C002331,Julien,Lefebvre,1985-07-18,2015-05-17,Particulier,Étudiant,0.0,80,A008,Langon,33210,julien.lefebvre_2331@example.fr,Actif
2332,C002332,Enzo,Mercier,1947-05-08,2018-06-04,Particulier,Cadre,2156.04,45,A025,Dax,40100,enzo.mercier_2332@example.fr,Actif
2333,C002333,Camille,André,1971-01-05,2026-04-19,Particulier,Commerçant,3479.29,45,A009,Pau,64000,camille.andré_2333@example.fr,Actif
2334,C002334,Lucas,André,1995-06-27,2026-01-04,Particulier,Artisan,2488.96,36,A021,Périgueux,24000,lucas.andré_2334@example.fr,Actif
2335,C002335,Hugo,Thomas,1982-09-08,2015-04-30,Particulier,Artisan,4409.66,57,A020,Brive-la-Gaillarde,19100,hugo.thomas_2335@example.fr,Inactif
2336,C002336,Amélie,Bertrand,1988-01-25,2026-05-06,Particulier,Employé,1539.53,41,A022,Bergerac,24100,amelie.bertrand_2336@example.fr,Actif
2337,C002337,Marie,Garcia,1971-10-05,2020-09-25,Particulier,Artisan,4450.56,67,A015,La Rochelle,17000,marie.garcia_2337@example.fr,Inactif
2338,C002338,Léa,Lambert,1951-08-21,2018-10-05,Particulier,Retraité,2168.16,56,A015,La Rochelle,17000,lea.lambert_2338@example.fr,Actif
2339,C002339,Lucas,Dupont,1945-01-08,2023-02-10,Professionnel,Artisan,5840.86,73,A017,Niort,79000,lucas.dupont_2339@example.fr,Actif
2340,C002340,Sarah,Robert,1999-09-21,2026-06-22,Particulier,Enseignant,0.0,66,A013,Orthez,64300,sarah.robert_2340@example.fr,Actif
2341,C002341,Hugo,Mercier,1955-12-18,2024-12-22,Particulier,Sans emploi,2062.78,69,A007,Arcachon,33120,hugo.mercier_2341@example.fr,Actif
2342,C002342,Julien,Moreau,1991-09-17,2019-06-03,Particulier,Retraité,1247.64,61,A005,Talence,33400,julien.moreau_2342@example.fr,Actif
2343,C002343,Noah,Moreau,1968-03-26,2024-03-01,Particulier,Retraité,2055.99,61,A019,Limoges,87000,noah.moreau_2343@example.fr,Actif
2344,C002344,Hugo,Garcia,2002-11-21,2021-11-30,Particulier,Étudiant,301.91,62,A014,Oloron-Sainte-Marie,64400,hugo.garcia_2344@example.fr,Actif
2345,C002345,Marie,Robert,1970-03-23,2016-04-04,Particulier,Technicien,2490.97,84,A024,Mont-de-Marsan,40000,marie.robert_2345@example.fr,Actif
2346,C002346,Noah,Dubois,1983-03-07,2024-04-01,Particulier,Profession libérale,5768.62,81,A009,Pau,64000,noah.dubois_2346@example.fr,Actif
2347,C002347,Julien,Durand,1986-01-22,2022-04-20,particulier,Cadre,4461.86,83,A025,Dax,40100,julien.durand_2347@example.fr,Actif
2348,C002348,Jade,Lambert,1953-12-16,2018-01-13,Particulier,Employé,2791.93,60,A004,Pessac,33600,jade.lambert_2348@example.fr,Actif
2349,C002349,Élodie,Martinez,1993-09-26,2019-08-14,Particulier,Cadre,6300.7,70,A014,Oloron-Sainte-Marie,64400,elodie.martinez_2349@example.fr,Actif
2350,C002350,Amélie,Simon,1945-04-08,2015-04-21,Particulier,Retraité,1679.62,34,A022,Bergerac,24100,amelie.simon_2350@example.fr,Actif
2351,C002351,Manon,Lefebvre,1963-12-27,2018-07-16,Particulier,Cadre,5090.32,43,A015,La Rochelle,17000,manon.lefebvre_2351@example.fr,Actif
2352,C002352,Thomas,Lambert,1973-07-14,2015-07-14,Professionnel,Enseignant,5471.11,44,A020,Brive-la-Gaillarde,19100,thomas.lambert_2352@example.fr,Actif
2353,C002353,Antoine,François,1946-04-02,2018-04-03,Particulier,Artisan,2823.04,65,A012,Anglet,64600,antoine.françois_2353@example.fr,Actif
2354,C002354,Camille,Dubois,1953-05-28,2024-02-01,Particulier,Retraité,1842.55,36,A008,Langon,33210,camille.dubois_2354@example.fr,Actif
2355,C002355,Lucas,Roux,1977-08-17,2019-10-23,Particulier,Technicien,2866.4,44,A011,Biarritz,64200,lucas.roux_2355@example.fr,Clos
2356,C002356,Océane,Robert,1946-12-27,2018-05-05,Particulier,Technicien,1939.57,50,A007,Arcachon,33120,oceane.robert_2356@example.fr,Actif
2357,C002357,Sarah,Mercier,1993-08-21,2015-02-05,Particulier,Employé,4880.79,34,A024,Mont-de-Marsan,40000,sarah.mercier_2357@example.fr,Actif
2358,C002358,Gabriel,Lambert,2002-07-09,2025-05-22,Professionnel,Cadre,4597.13,67,A025,Dax,40100,gabriel.lambert_2358@example.fr,Actif
2359,C002359,Zoé,Moreau,1978-03-09,2015-05-27,Particulier,Cadre,2787.84,42,A007,Arcachon,33120,zoe.moreau_2359@example.fr,Actif
2360,C002360,Clara,Roux,1981-02-26,2019-06-19,Professionnel,Technicien,4357.81,34,A018,Poitiers,86000,clara.roux_2360@example.fr,Actif
2361,C002361,Océane,Thomas,1997-01-02,2017-11-22,Professionnel,Employé,4040.22,50,A013,Orthez,64300,oceane.thomas_2361@example.fr,Actif
2362,C002362,Camille,Martin,1999-10-31,2022-01-25,Particulier,Employé,1115.12,41,A009,Pau,64000,camille.martin_2362@example.fr,Actif
2363,C002363,Manon,Bernard,1972-10-19,2025-04-17,Particulier,Commerçant,3242.05,65,A003,Mérignac,33700,manon.bernard_2363@example.fr,Actif
2364,C002364,Emma,Richard,1990-10-13,2023-10-29,Particulier,Profession libérale,1860.75,49,A015,La Rochelle,17000,emma.richard_2364@example.fr,Actif
2365,C002365,Antoine,Vincent,1978-08-04,2019-04-28,Particulier,Employé,368.19,53,A008,Langon,33210,antoine.vincent_2365@example.fr,Actif
2366,C002366,Julien,Leroy,1981-03-20,2020-04-21,Particulier,Enseignant,3518.14,80,A025,Dax,40100,julien.leroy_2366@example.fr,Actif
2367,C002367,Gabriel,Thomas,1966-09-13,2020-01-27,Particulier,Retraité,2854.68,95,A009,Pau,64000,gabriel.thomas_2367@example.fr,Actif
2368,C002368,Camille,Bertrand,1963-11-16,2016-04-05,Professionnel,Commerçant,7183.16,38,A001,Bordeaux,33000,camille.bertrand_2368@example.fr,Actif
2369,C002369,Nathan,Thomas,1988-10-11,2018-07-26,Professionnel,Commerçant,4846.78,23,A005,Talence,33400,nathan.thomas_2369@example.fr,Actif
2370,C002370,Antoine,François,1954-06-11,2015-08-18,Professionnel,Enseignant,6248.08,75,A009,Pau,64000,antoine.françois_2370@example.fr,Actif
2371,C002371,Emma,Legrand,1962-03-21,2015-12-01,Particulier,Agriculteur,4039.95,80,A007,Arcachon,33120,emma.legrand_2371@example.fr,Actif
2372,C002372,Lucas,Dubois,1946-09-23,2016-12-15,Professionnel,EMPLOYÉ,2660.52,43,A008,Langon,33210,lucas.dubois_2372@example.fr,Inactif
2373,C002373,Mathis,Bernard,1960-12-01,2019-07-01,Association,Étudiant,959.67,54,A015,La Rochelle,17000,mathis.bernard_2373@example.fr,Clos
2374,C002374,Inès,Fournier,1959-08-18,2020-04-04,Particulier,Employé,2654.53,50,A012,Anglet,64600,ines.fournier_2374@example.fr,Actif
2375,C002375,Julien,Thomas,1988-04-18,2015-02-25,Professionnel,Cadre,3637.2,70,A021,Périgueux,24000,julien.thomas_2375@example.fr,Actif
2376,C002376,Julien,Bertrand,1948-05-21,2017-09-03,Particulier,Employé,3242.84,68,A016,Rochefort,17300,julien.bertrand_2376@example.fr,Inactif
2377,C002377,Antoine,Girard,1982-06-10,2021-05-26,Particulier,Employé,5166.53,38,A010,Bayonne,64100,antoine.girard_2377@example.fr,Actif
2378,C002378,Inès,Dupont,2002-03-03,2015-01-04,Particulier,Cadre,2300.84,48,A005,Talence,33400,ines.dupont_2378@example.fr,Actif
2379,C002379,Léa,Legrand,2004-02-07,2024-03-10,Particulier,Artisan,3740.12,60,A018,Poitiers,86000,lea.legrand_2379@example.fr,Actif
2380,C002380,Jade,Durand,1964-11-20,2018-10-29,Particulier,Enseignant,0.0,70,A025,Dax,40100,jade.durand_2380@example.fr,Inactif
2381,C002381,Enzo,Dubois,1975-09-23,2024-12-27,Particulier,Employé,4599.47,81,A006,Libourne,33500,enzo.dubois_2381@example.fr,Actif
2382,C002382,Antoine,Bernard,1964-03-21,2024-01-18,Particulier,Étudiant,0.0,36,A006,Libourne,33500,antoine.bernard_2382@example.fr,Actif
2383,C002383,Élodie,Martin,1954-09-30,2016-05-08,Professionnel,Technicien,7865.34,75,A023,Agen,47000,elodie.martin_2383@example.fr,Actif
2384,C002384,Lucas,David,1995-04-04,2021-09-13,Particulier,Employé,1943.54,47,A003,Mérignac,33700,lucas.david_2384@example.fr,Actif
2385,C002385,Nathan,Dupont,1999-03-18,2021-12-05,Particulier,Enseignant,1837.47,78,A004,Pessac,33600,nathan.dupont_2385@example.fr,Actif
2386,C002386,Élodie,Bernard,1998-02-19,2020-05-01,Professionnel,Profession libérale,6701.55,53,A021,Périgueux,24000,elodie.bernard_2386@example.fr,Actif
2387,C002387,Alexandre,Bertrand,1990-03-02,2025-01-10,Particulier,Étudiant,1656.3,63,A019,Limoges,87000,alexandre.bertrand_2387@example.fr,Actif
2388,C002388,Mathis,Girard,1960-08-16,2024-02-21,Particulier,Technicien,5407.64,57,A011,Biarritz,64200,mathis.girard_2388@example.fr,Actif
2389,C002389,Paul,Durand,1961-08-13,2022-09-13,Particulier,Employé,2906.07,81,A010,Bayonne,64100,paul.durand_2389@example.fr,Actif
2390,C002390,Enzo,Dupont,1988-03-30,2024-06-22,Particulier,Employé,0.0,63,A024,Mont-de-Marsan,40000,enzo.dupont_2390@example.fr,Actif
2391,C002391,Amélie,François,1984-03-12,2021-11-04,Particulier,Retraité,2187.02,64,A023,Agen,47000,amelie.françois_2391@example.fr,Actif
2392,C002392,Jade,Fournier,1971-12-23,2023-03-04,Particulier,Cadre,3636.8,46,A004,Pessac,33600,jade.fournier_2392@example.fr,Inactif
2393,C002393,Paul,Martinez,1954-06-18,2019-07-24,Particulier,Employé,3195.61,18,A009,Pau,64000,paul.martinez_2393@example.fr,Actif
2394,C002394,Manon,Martin,2000-01-17,2020-12-15,Particulier,Employé,2255.75,31,A016,Rochefort,17300,manon.martin_2394@example.fr,Actif
2395,C002395,Manon,Thomas,1990-04-26,2024-08-24,Particulier,Étudiant,446.13,57,A002,Bordeaux,33300,manon.thomas_2395@example.fr,Actif
2396,C002396,Élodie,Lefebvre,2002-07-09,2024-05-26,Particulier,Sans emploi,1939.55,77,A009,Pau,,elodie.lefebvre_2396@example.fr,Actif
2397,C002397,Élodie,Roux,1989-08-07,2018-05-19,Association,Employé,2951.02,81,A020,Brive-la-Gaillarde,19100,elodie.roux_2397@example.fr,Actif
2398,C002398,Zoé,Martin,1964-01-17,2017-05-06,Particulier,Retraité,2708.6,58,A012,Anglet,64600,zoe.martin_2398@example.fr,Actif
2399,C002399,Amélie,Vincent,1968-09-07,2023-05-25,Particulier,Commerçant,0.0,59,A014,Oloron-Sainte-Marie,64400,amelie.vincent_2399@example.fr,Actif
2400,C002400,Sarah,Legrand,1976-10-14,2016-02-27,Particulier,Employé,5188.22,55,A022,Bergerac,24100,sarah.legrand_2400@example.fr,Actif
2401,C002401,Thomas,Legrand,1974-10-02,2020-03-10,Particulier,Technicien,2872.04,57,A023,Agen,47000,thomas.legrand_2401@example.fr,Actif
2402,C002402,Nathan,Laurent,1974-01-20,2023-08-01,Association,Étudiant,957.5,70,A016,Rochefort,17300,nathan.laurent_2402@example.fr,Actif
2403,C002403,Jade,Leroy,2000-10-04,2019-07-08,Particulier,Technicien,4218.83,49,A019,Limoges,87000,jade.leroy_2403@example.fr,Actif
2404,C002404,Gabriel,Vincent,1987-01-21,2025-06-29,Particulier,Employé,445.06,78,A009,Pau,64000,gabriel.vincent_2404@example.fr,Actif
2405,C002405,Camille,Michel,1989-06-04,2023-02-28,Particulier,Cadre,1937.05,77,A017,Niort,79000,camille.michel_2405@example.fr,Actif
2406,C002406,Paul,Dupont,2004-07-22,2018-08-03,Particulier,Employé,3097.14,39,A006,Libourne,33500,paul.dupont_2406@example.fr,Actif
2407,C002407,Zoé,Petit,1956-09-03,2023-07-15,Professionnel,Technicien,6353.59,55,A012,Anglet,64600,zoe.petit_2407@example.fr,Actif
2408,C002408,Enzo,Morel,1947-11-12,2023-07-08,Particulier,Employé,2892.08,79,A004,Pessac,33600,enzo.morel_2408@example.fr,Actif
2409,C002409,Inès,Dupont,1992-02-29,2021-06-24,Professionnel,Artisan,5193.28,47,A012,Anglet,64600,ines.dupont_2409@example.fr,Actif
2410,C002410,Amélie,François,1976-06-26,2019-10-03,Particulier,Employé,2780.93,69,A024,Mont-de-Marsan,40000,amelie.françois_2410@example.fr,Actif
2411,C002411,Paul,Bernard,2000-06-24,2016-10-04,Particulier,Enseignant,1639.74,53,A014,Oloron-Sainte-Marie,64400,paul.bernard_2411@example.fr,Actif
2412,C002412,Inès,Vincent,1984-11-04,2020-08-12,Particulier,Étudiant,1057.25,57,A003,Mérignac,33700,ines.vincent_2412@example.fr,Inactif
2413,C002413,Inès,Girard,1982-07-25,2021-12-26,Particulier,Technicien,4484.71,53,A011,Biarritz,64200,ines.girard_2413@example.fr,Inactif
2414,C002414,Sarah,Legrand,1947-09-30,2024-07-14,Particulier,Retraité,2239.83,75,A007,Arcachon,33120,sarah.legrand_2414@example.fr,Actif
2415,C002415,Alexandre,Lefebvre,1951-10-21,2017-01-23,Particulier,Artisan,1152.73,57,A023,Agen,47000,alexandre.lefebvre_2415@example.fr,Actif
2416,C002416,Léa,Girard,1953-03-05,2025-04-08,Particulier,Retraité,2183.23,34,A016,Rochefort,17300,lea.girard_2416@example.fr,Actif
2417,C002417,Mathis,David,1980-02-14,2021-12-30,Particulier,Artisan,3671.49,79,A010,Bayonne,64100,mathis.david_2417@example.fr,Inactif
2418,C002418,Clara,Lambert,1976-12-18,2017-10-24,Professionnel,Cadre,5663.74,69,A025,Dax,40100,clara.lambert_2418@example.fr,Actif
2419,C002419,Élodie,David,1981-11-08,2021-06-01,Particulier,Agriculteur,3543.19,54,A010,Bayonne,64100,elodie.david_2419@example.fr,Inactif
2420,C002420,Mathis,Bernard,1965-08-23,2023-07-22,Particulier,Retraité,3245.08,63,A001,Bordeaux,33000,mathis.bernard_2420@example.fr,Inactif
2421,C002421,Hugo,Simon,1952-04-29,2017-02-22,Particulier,Commerçant,3515.56,73,A001,Bordeaux,33000,hugo.simon_2421@example.fr,Actif
2422,C002422,Enzo,Leroy,1955-07-25,2019-01-18,Particulier,Profession libérale,4836.3,58,A023,Agen,47000,enzo.leroy_2422@example.fr,Actif
2423,C002423,Emma,André,1959-05-15,2024-08-17,Particulier,Étudiant,0.0,60,A024,Mont-de-Marsan,40000,emma.andré_2423@example.fr,Actif
2424,C002424,Mathis,Michel,1971-02-15,2018-06-16,Particulier,Retraité,2757.38,43,A022,Bergerac,24100,mathis.michel_2424@example.fr,Actif
2425,C002425,Antoine,François,1950-07-02,2015-03-21,Particulier,Employé,4256.81,66,A016,Rochefort,17300,antoine.françois_2425@example.fr,Clos
2426,C002426,Élodie,Laurent,1994-08-18,2021-05-13,Particulier,Employé,1126.72,15,A018,Poitiers,86000,elodie.laurent_2426@example.fr,Actif
2427,C002427,Sarah,Garcia,1956-05-31,2023-01-21,Professionnel,Employé,5218.56,40,A010,Bayonne,64100,sarah.garcia_2427@example.fr,Actif
2428,C002428,Sarah,André,1977-10-02,2020-10-19,Particulier,Commerçant,3117.24,74,A004,Pessac,33600,sarah.andré_2428@example.fr,Actif
2429,C002429,Nathan,Roux,1968-08-10,2017-04-06,Particulier,Enseignant,1505.13,70,A017,Niort,,nathan.roux_2429@example.fr,Inactif
2430,C002430,Lucas,Dubois,1979-07-24,2023-10-13,Particulier,Employé,2228.79,23,A013,Orthez,64300,lucas.dubois_2430@example.fr,Actif
2431,C002431,Thomas,Durand,1991-02-06,2025-07-24,Particulier,Étudiant,0.0,38,A018,Poitiers,86000,thomas.durand_2431@example.fr,Actif
2432,C002432,Sarah,Morel,1975-08-28,2017-12-28,particulier,Profession libérale,1013.58,73,A002,Bordeaux,33300,sarah.morel_2432@example.fr,Inactif
2433,C002433,Océane,Thomas,1977-10-19,2015-11-08,Particulier,Employé,1333.17,70,A010,Bayonne,64100,oceane.thomas_2433@example.fr,Actif
2434,C002434,Manon,Vincent,1983-06-07,2026-04-16,Professionnel,Enseignant,4582.38,52,A018,Poitiers,86000,manon.vincent_2434@example.fr,Actif
2435,C002435,Inès,Girard,1965-02-04,2017-10-08,Particulier,Cadre,3810.75,45,A001,Bordeaux,33000,ines.girard_2435@example.fr,Actif
2436,C002436,Alexandre,Garcia,1960-10-15,2024-09-25,Particulier,Employé,1058.89,44,A020,Brive-la-Gaillarde,19100,alexandre.garcia_2436@example.fr,Actif
2437,C002437,Antoine,Bernard,1997-10-06,2022-07-19,Particulier,Retraité,1293.45,90,A014,Oloron-Sainte-Marie,64400,antoine.bernard_2437@example.fr,Actif
2438,C002438,Mathis,Dupont,2002-09-02,2018-08-14,Particulier,Étudiant,573.84,81,A025,Dax,40100,mathis.dupont_2438@example.fr,Actif
2439,C002439,Élodie,Robert,1951-06-29,2020-08-20,Particulier,Employé,4378.81,64,A017,Niort,79000,elodie.robert_2439@example.fr,Actif
2440,C002440,Noah,Martinez,1965-06-21,2021-11-12,Particulier,Employé,3183.48,30,A004,Pessac,33600,noah.martinez_2440@example.fr,Actif
2441,C002441,Amélie,Martin,1964-08-05,2023-10-05,Particulier,Employé,3438.35,34,A023,Agen,47000,amelie.martin_2441@example.fr,Actif
2442,C002442,Noah,Lambert,1963-01-01,2015-10-10,Particulier,Retraité,2909.32,59,A015,La Rochelle,17000,noah.lambert_2442@example.fr,Actif
2443,C002443,Alexandre,Martin,1946-08-14,2018-08-03,Particulier,Artisan,1710.5,34,A020,Brive-la-Gaillarde,19100,alexandre.martin_2443@example.fr,Actif
2444,C002444,Camille,Mercier,1962-06-13,2019-06-15,Particulier,Employé,4807.32,84,A013,Orthez,64300,camille.mercier_2444@example.fr,Actif
2445,C002445,Marie,Richard,1995-05-20,2018-02-26,Particulier,Artisan,941.62,44,A024,Mont-de-Marsan,40000,marie.richard_2445@example.fr,Clos
2446,C002446,Clara,Laurent,1955-09-15,2019-08-02,Professionnel,Retraité,2170.4,63,A015,La Rochelle,17000,clara.laurent_2446@example.fr,Actif
2447,C002447,Marie,Thomas,1962-03-15,2015-05-08,Particulier,Artisan,3527.57,60,A017,Niort,79000,marie.thomas_2447@example.fr,Actif
2448,C002448,Amélie,Simon,1987-12-08,2016-10-19,Particulier,Artisan,4897.08,81,A025,Dax,40100,amelie.simon_2448@example.fr,Actif
2449,C002449,Gabriel,Petit,1945-05-02,2020-08-01,Particulier,Retraité,3189.68,39,A021,Périgueux,24000,gabriel.petit_2449@example.fr,Actif
2450,C002450,Élodie,Bonnet,1966-12-20,2020-01-12,Professionnel,Profession libérale,3843.71,69,A011,Biarritz,64200,elodie.bonnet_2450@example.fr,Actif
2451,C002451,Sarah,Michel,1981-11-15,2026-03-07,Particulier,Enseignant,0.0,74,A011,Biarritz,64200,sarah.michel_2451@example.fr,Inactif
2452,C002452,Amélie,Laurent,1961-12-18,2018-11-10,Particulier,Commerçant,3743.26,36,A023,Agen,47000,amelie.laurent_2452@example.fr,Actif
2453,C002453,Emma,Simon,1988-07-06,2015-05-28,Professionnel,Enseignant,2546.34,49,A008,Langon,33210,emma.simon_2453@example.fr,Actif
2454,C002454,Noah,Robert,1967-03-17,2018-10-02,Particulier,Enseignant,4313.46,51,A009,Pau,64000,noah.robert_2454@example.fr,Actif
2455,C002455,Thomas,Mercier,1970-06-20,2022-03-09,Particulier,Agriculteur,1543.64,21,A011,Biarritz,64200,thomas.mercier_2455@example.fr,Actif
2456,C002456,Élodie,Fournier,1970-03-14,2023-09-02,Professionnel,Employé,4348.91,40,A018,Poitiers,86000,elodie.fournier_2456@example.fr,Actif
2457,C002457,Jade,Fournier,1985-09-26,2022-09-20,Professionnel,Employé,4406.21,59,A008,Langon,33210,jade.fournier_2457@example.fr,Actif
2458,C002458,Jade,Laurent,1974-09-12,2020-01-18,Particulier,Enseignant,1954.39,45,A024,Mont-de-Marsan,40000,jade.laurent_2458@example.fr,Actif
2459,C002459,Gabriel,Durand,1959-10-30,2024-04-10,Particulier,Profession libérale,4452.89,49,A023,Agen,47000,gabriel.durand_2459@example.fr,Inactif
2460,C002460,Océane,Dubois,1997-08-20,2026-05-14,Particulier,Enseignant,3563.24,78,A024,Mont-de-Marsan,40000,oceane.dubois_2460@example.fr,Actif
2461,C002461,Manon,Michel,2004-06-11,2020-04-09,Particulier,Étudiant,544.79,21,A015,La Rochelle,17000,manon.michel_2461@example.fr,Clos
2462,C002462,Jade,Fournier,1980-08-28,2021-07-04,Particulier,Enseignant,4189.17,29,A014,Oloron-Sainte-Marie,64400,jade.fournier_2462@example.fr,Actif
2463,C002463,Julien,Durand,1950-03-13,2022-12-09,Particulier,Étudiant,1314.77,78,A008,Langon,33210,julien.durand_2463@example.fr,Actif
2464,C002464,Paul,Roux,1989-05-14,2023-05-19,Particulier,Cadre,4140.44,50,A012,Anglet,64600,paul.roux_2464@example.fr,Actif
2465,C002465,Jade,François,1960-11-27,2026-06-19,Particulier,Retraité,2633.67,32,A004,Pessac,,jade.françois_2465@example.fr,Inactif
2466,C002466,Enzo,Fournier,1972-02-13,2017-01-16,Particulier,Agriculteur,1092.68,19,A022,Bergerac,24100,enzo.fournier_2466@example.fr,Actif
2467,C002467,Océane,Lefebvre,1987-07-20,2024-04-16,Particulier,Artisan,2730.29,64,A009,Pau,64000,oceane.lefebvre_2467@example.fr,Actif
2468,C002468,Manon,Dubois,1998-12-09,2018-06-25,Particulier,Technicien,817.16,54,A008,Langon,33210,manon.dubois_2468@example.fr,Actif
2469,C002469,Lucas,François,1982-02-22,2021-05-03,Particulier,Profession libérale,2642.09,76,A003,Mérignac,33700,lucas.françois_2469@example.fr,Actif
2470,C002470,Camille,Dupont,1962-06-02,2021-11-06,Particulier,Technicien,3298.37,62,A001,Bordeaux,33000,camille.dupont_2470@example.fr,Actif
2471,C002471,Thomas,David,1949-09-26,2023-08-02,Professionnel,Retraité,1231.0,71,A024,Mont-de-Marsan,40000,thomas.david_2471@example.fr,Actif
2472,C002472,Enzo,Petit,1967-09-24,2022-07-05,Particulier,Étudiant,1455.71,46,A016,Rochefort,17300,enzo.petit_2472@example.fr,Actif
2473,C002473,Jade,Dupont,2004-01-10,2018-09-04,Particulier,Employé,2905.08,40,A004,Pessac,33600,jade.dupont_2473@example.fr,Actif
2474,C002474,Mathis,Martin,1988-10-01,2015-06-06,Particulier,Technicien,665.0,44,A016,Rochefort,17300,mathis.martin_2474@example.fr,Actif
2475,C002475,Mathis,Richard,1997-09-01,2021-08-20,Association,Technicien,5612.24,72,A013,Orthez,64300,mathis.richard_2475@example.fr,Actif
2476,C002476,Lucas,Lambert,1979-03-19,2025-07-16,Particulier,Sans emploi,6388.7,44,A018,Poitiers,86000,lucas.lambert_2476@example.fr,Actif
2477,C002477,Zoé,Bertrand,1979-07-31,2021-03-20,Particulier,Commerçant,2530.81,78,A014,Oloron-Sainte-Marie,64400,zoe.bertrand_2477@example.fr,Actif
2478,C002478,Clara,Laurent,2003-07-26,2016-03-25,Particulier,Retraité,1777.63,47,A004,Pessac,33600,clara.laurent_2478@example.fr,Actif
2479,C002479,Zoé,Lefebvre,1956-07-19,2023-10-27,Professionnel,Enseignant,3812.61,29,A024,Mont-de-Marsan,40000,zoe.lefebvre_2479@example.fr,Actif
2480,C002480,Hugo,Mercier,2002-02-01,2019-12-29,Particulier,Étudiant,0.0,64,A013,Orthez,64300,hugo.mercier_2480@example.fr,Actif
2481,C002481,Clara,Petit,1967-10-28,2023-06-08,Particulier,Agriculteur,3339.28,61,A015,La Rochelle,17000,clara.petit_2481@example.fr,Actif
2482,C002482,Clara,Thomas,2004-08-23,2019-07-25,Association,Cadre,8161.23,35,A015,La Rochelle,17000,clara.thomas_2482@example.fr,Actif
2483,C002483,Zoé,Lefebvre,1958-08-02,2023-08-19,Particulier,Cadre,4530.25,62,A016,Rochefort,17300,zoe.lefebvre_2483@example.fr,Actif
2484,C002484,Zoé,Girard,1968-04-06,2015-12-04,Particulier,Profession libérale,85.49,10,A016,Rochefort,17300,zoe.girard_2484@example.fr,Actif
2485,C002485,Amélie,Moreau,1966-02-17,2020-12-04,Particulier,Employé,3309.39,47,A015,La Rochelle,17000,amelie.moreau_2485@example.fr,Actif
2486,C002486,Paul,Dubois,1968-09-30,2025-11-09,Particulier,Étudiant,769.17,39,A012,Anglet,64600,paul.dubois_2486@example.fr,Actif
2487,C002487,Chloé,Bertrand,1955-08-15,2026-06-06,Particulier,Cadre,5562.4,80,A002,Bordeaux,33300,chloe.bertrand_2487@example.fr,Actif
2488,C002488,Manon,Garcia,1961-10-13,2025-12-23,Particulier,Cadre,1428.79,81,A005,Talence,33400,manon.garcia_2488@example.fr,Actif
2489,C002489,Antoine,Girard,1982-08-22,2022-06-13,Particulier,Commerçant,685.67,32,A017,Niort,79000,antoine.girard_2489@example.fr,Actif
2490,C002490,Antoine,Thomas,1947-11-07,2023-01-09,Particulier,Sans emploi,2576.86,35,A006,Libourne,33500,antoine.thomas_2490@example.fr,Actif
2491,C002491,Alexandre,Michel,1983-01-01,2015-10-07,Particulier,Enseignant,2193.29,77,A014,Oloron-Sainte-Marie,64400,alexandre.michel_2491@example.fr,Actif
2492,C002492,Alexandre,Laurent,1946-10-18,2025-02-26,Particulier,Employé,3669.45,76,A016,Rochefort,17300,alexandre.laurent_2492@example.fr,Actif
2493,C002493,Nathan,Moreau,1991-06-17,2023-06-29,Particulier,Cadre,2924.09,55,A022,Bergerac,24100,nathan.moreau_2493@example.fr,Actif
2494,C002494,Noah,Legrand,1945-05-14,2026-01-14,Particulier,Retraité,1974.44,61,A005,Talence,33400,noah.legrand_2494@example.fr,Inactif
2495,C002495,Antoine,Bertrand,1947-09-25,2024-08-11,Particulier,Retraité,1297.61,51,A002,Bordeaux,33300,antoine.bertrand_2495@example.fr,Actif
2496,C002496,Gabriel,Garcia,1983-01-24,2020-06-10,Particulier,Employé,3486.6,63,A004,Pessac,33600,gabriel.garcia_2496@example.fr,Actif
2497,C002497,Julien,David,2002-12-18,2023-11-29,Particulier,Employé,1360.16,73,A011,Biarritz,64200,julien.david_2497@example.fr,Actif
2498,C002498,Nathan,Robert,1959-03-12,2017-11-18,Particulier,Artisan,3254.64,25,A001,Bordeaux,33000,nathan.robert_2498@example.fr,Actif
2499,C002499,Enzo,Fournier,1994-04-22,2020-02-29,Professionnel,Étudiant,716.54,66,A025,Dax,40100,enzo.fournier_2499@example.fr,Actif
2500,C002500,Paul,Robert,1949-06-14,2018-09-17,Particulier,Employé,3553.21,32,A008,Langon,33210,paul.robert_2500@example.fr,Actif
2501,C002501,Manon,Martinez,1975-07-16,2021-02-06,Professionnel,Étudiant,1261.83,52,A025,Dax,40100,manon.martinez_2501@example.fr,Actif
2502,C002502,Manon,Dupont,1965-01-04,2022-08-05,Particulier,Enseignant,2573.88,30,A015,La Rochelle,17000,manon.dupont_2502@example.fr,Actif
2503,C002503,Amélie,Morel,1954-03-13,2024-09-02,Professionnel,Sans emploi,6508.74,84,A012,Anglet,64600,amelie.morel_2503@example.fr,Actif
2504,C002504,Paul,Legrand,2000-07-10,2017-10-02,Particulier,Commerçant,3950.18,57,A001,Bordeaux,33000,paul.legrand_2504@example.fr,Actif
2505,C002505,Mathis,Lambert,1965-06-16,2021-03-22,Particulier,Retraité,1274.14,57,A018,Poitiers,86000,mathis.lambert_2505@example.fr,Actif
2506,C002506,Manon,Girard,1979-09-18,2016-12-20,Particulier,Retraité,1266.35,63,A019,Limoges,87000,manon.girard_2506@example.fr,Actif
2507,C002507,Manon,André,1968-05-22,2025-05-15,Particulier,Artisan,8250.31,79,A002,Bordeaux,33300,manon.andré_2507@example.fr,Actif
2508,C002508,Gabriel,Garcia,1971-05-03,2021-11-01,Professionnel,Retraité,1593.92,29,A003,Mérignac,33700,gabriel.garcia_2508@example.fr,Actif
2509,C002509,Gabriel,Bernard,1978-08-23,2015-03-07,Professionnel,Employé,5441.3,43,A003,Mérignac,33700,gabriel.bernard_2509@example.fr,Actif
2510,C002510,Élodie,Martin,1981-12-01,2021-05-09,Particulier,Cadre,3429.59,64,A017,Niort,79000,elodie.martin_2510@example.fr,Actif
2511,C002511,Mathis,Lambert,1985-04-11,2019-06-12,Particulier,Employé,446.33,42,A014,Oloron-Sainte-Marie,64400,mathis.lambert_2511@example.fr,Actif
2512,C002512,Marie,Robert,1961-02-17,2026-04-13,Particulier,Enseignant,511.42,55,A020,Brive-la-Gaillarde,19100,marie.robert_2512@example.fr,Actif
2513,C002513,Zoé,Lambert,1965-09-15,2024-11-17,Particulier,Retraité,2510.98,42,A001,Bordeaux,33000,zoe.lambert_2513@example.fr,Actif
2514,C002514,Marie,Bertrand,1971-02-09,2023-05-09,Particulier,Cadre,5514.7,41,A013,Orthez,64300,marie.bertrand_2514@example.fr,Actif
2515,C002515,Noah,François,1945-06-26,2019-05-21,Professionnel,Employé,6378.34,53,A022,Bergerac,24100,noah.françois_2515@example.fr,Actif
2516,C002516,Hugo,Bernard,1963-01-04,2019-12-24,Particulier,Commerçant,2622.57,64,A019,Limoges,87000,hugo.bernard_2516@example.fr,Clos
2517,C002517,Amélie,Martinez,1962-08-20,2019-06-07,Particulier,Employé,1870.89,59,A022,Bergerac,24100,amelie.martinez_2517@example.fr,Actif
2518,C002518,Julien,Garcia,1996-01-05,2015-05-25,Particulier,Étudiant,675.61,44,A021,Périgueux,24000,julien.garcia_2518@example.fr,Actif
2519,C002519,Léa,Thomas,1980-09-01,2026-03-18,Particulier,Retraité,2282.79,62,A022,Bergerac,24100,lea.thomas_2519@example.fr,Clos
2520,C002520,Léa,Thomas,1951-05-06,2015-03-09,Particulier,Enseignant,2160.46,40,A007,Arcachon,33120,lea.thomas_2520@example.fr,Actif
2521,C002521,Zoé,Dubois,1992-03-03,2017-05-26,Particulier,Cadre,4727.43,76,A001,Bordeaux,33000,zoe.dubois_2521@example.fr,Actif
2522,C002522,Paul,Bernard,1951-11-27,2019-06-19,Particulier,Cadre,-2813.45,35,A010,Bayonne,64100,paul.bernard_2522@example.fr,Actif
2523,C002523,Noah,Morel,1951-04-21,2017-12-17,Particulier,Cadre,3758.59,62,A002,Bordeaux,33300,noah.morel_2523@example.fr,Inactif
2524,C002524,Thomas,Dubois,1985-10-29,2016-06-28,Particulier,Cadre,4026.88,24,A012,Anglet,64600,thomas.dubois_2524@example.fr,Actif
2525,C002525,Enzo,Dubois,1970-11-16,2021-06-15,Particulier,Artisan,3109.14,73,A008,Langon,33210,enzo.dubois_2525@example.fr,Actif
2526,C002526,Emma,Simon,2004-03-13,2022-10-28,Particulier,Artisan,2430.15,28,A005,Talence,33400,emma.simon_2526@example.fr,Actif
2527,C002527,Noah,Laurent,1957-06-07,2025-11-04,Particulier,Retraité,3451.0,41,A022,Bergerac,24100,noah.laurent_2527@example.fr,Actif
2528,C002528,Chloé,Richard,1956-05-16,2020-12-06,Particulier,Employé,1283.23,38,A014,Oloron-Sainte-Marie,64400,chloe.richard_2528@example.fr,Actif
2529,C002529,Paul,Mercier,1958-02-17,2021-07-29,Particulier,Étudiant,1382.35,71,A005,Talence,33400,paul.mercier_2529@example.fr,Actif
2530,C002530,Hugo,Morel,1998-06-26,2019-03-03,Particulier,Cadre,2600.35,51,A022,Bergerac,24100,hugo.morel_2530@example.fr,Actif
2531,C002531,Nathan,Roux,1948-07-10,2022-05-28,Association,Employé,4407.01,61,A017,Niort,79000,nathan.roux_2531@example.fr,Actif
2532,C002532,Inès,Robert,1976-04-05,2015-09-05,Particulier,Employé,1661.84,52,A022,Bergerac,24100,ines.robert_2532@example.fr,Actif
2533,C002533,Manon,Girard,1975-08-22,2020-07-12,Professionnel,Commerçant,4201.28,75,A021,Périgueux,24000,manon.girard_2533@example.fr,Actif
2534,C002534,Hugo,Robert,1949-07-05,2022-06-02,Particulier,Profession libérale,702.46,37,A007,Arcachon,33120,hugo.robert_2534@example.fr,Actif
2535,C002535,Marie,Simon,1999-02-26,2019-05-27,Professionnel,Employé,4814.09,50,A005,Talence,33400,marie.simon_2535@example.fr,Actif
2536,C002536,Clara,Roux,1979-11-25,2020-06-01,Particulier,Cadre,5460.36,51,A002,Bordeaux,33300,clara.roux_2536@example.fr,Actif
2537,C002537,Julien,Bonnet,1956-12-31,2018-11-13,Particulier,Retraité,1797.62,49,A008,Langon,33210,julien.bonnet_2537@example.fr,Inactif
2538,C002538,Chloé,François,1963-09-24,2016-10-15,Particulier,Cadre,2249.85,61,A004,Pessac,33600,chloe.françois_2538@example.fr,Actif
2539,C002539,Sarah,Petit,1991-07-26,2016-08-26,Particulier,Profession libérale,0.0,34,A014,Oloron-Sainte-Marie,64400,sarah.petit_2539@example.fr,Actif
2540,C002540,Nathan,Michel,1980-07-28,2019-08-10,Particulier,Technicien,4645.8,85,A012,Anglet,64600,nathan.michel_2540@example.fr,Actif
2541,C002541,Noah,Michel,1979-04-18,2021-05-12,Particulier,Enseignant,2257.0,39,A025,Dax,40100,noah.michel_2541@example.fr,Actif
2542,C002542,Camille,Roux,1962-07-23,2021-04-21,Particulier,Retraité,2678.21,25,A025,Dax,40100,camille.roux_2542@example.fr,Actif
2543,C002543,Hugo,André,1964-04-16,2017-08-31,association,Cadre,4505.73,24,A006,Libourne,33500,hugo.andré_2543@example.fr,Inactif
2544,C002544,Enzo,Mercier,1995-11-19,2023-10-22,Professionnel,Commerçant,7071.83,29,A018,Poitiers,86000,enzo.mercier_2544@example.fr,Actif
2545,C002545,Paul,Mercier,1962-10-04,2025-03-25,Professionnel,Étudiant,1316.99,42,A010,Bayonne,64100,paul.mercier_2545@example.fr,Actif
2546,C002546,Élodie,Bernard,1989-01-30,2020-07-07,Particulier,Technicien,1960.89,50,A003,Mérignac,33700,elodie.bernard_2546@example.fr,Actif
2547,C002547,Camille,Laurent,1987-03-03,2019-11-29,Particulier,Cadre,2463.79,65,A010,Bayonne,64100,camille.laurent_2547@example.fr,Actif
2548,C002548,Mathis,Bertrand,1962-11-28,2018-02-20,Professionnel,Employé,2026.94,31,A001,Bordeaux,33000,mathis.bertrand_2548@example.fr,Actif
2549,C002549,Noah,Vincent,1961-04-11,2020-01-04,Particulier,Enseignant,1107.45,57,A021,Périgueux,24000,noah.vincent_2549@example.fr,Actif
2550,C002550,Emma,Girard,1952-03-31,2015-03-30,Particulier,Enseignant,3819.25,48,A003,Mérignac,33700,emma.girard_2550@example.fr,Actif
2551,C002551,Hugo,Girard,1967-08-14,2026-06-18,Particulier,Employé,1258.71,46,A023,Agen,47000,hugo.girard_2551@example.fr,Actif
2552,C002552,Mathis,Dupont,1973-11-26,2018-11-14,Particulier,Employé,1551.49,55,A025,Dax,40100,,Actif
2553,C002553,Gabriel,Richard,1948-01-10,2020-04-13,Particulier,Employé,2007.39,49,A023,Agen,47000,gabriel.richard_2553@example.fr,Actif
2554,C002554,Julien,Moreau,1968-06-08,2022-11-27,Particulier,Cadre,2061.62,41,A015,La Rochelle,17000,julien.moreau_2554@example.fr,Actif
2555,C002555,Lucas,Martin,2002-05-06,2023-08-25,Particulier,Étudiant,1004.28,73,A021,Périgueux,24000,lucas.martin_2555@example.fr,Actif
2556,C002556,Clara,Bertrand,1981-05-09,2015-12-07,Particulier,Profession libérale,2133.68,46,A019,Limoges,87000,clara.bertrand_2556@example.fr,Actif
2557,C002557,Mathis,Leroy,1951-09-06,2025-09-14,Particulier,Retraité,2649.62,50,A001,Bordeaux,33000,mathis.leroy_2557@example.fr,Actif
2558,C002558,Hugo,Mercier,1981-11-17,2017-06-27,Particulier,Employé,5111.56,72,A024,Mont-de-Marsan,40000,hugo.mercier_2558@example.fr,Actif
2559,C002559,Amélie,Girard,1983-08-27,2016-08-24,Particulier,Étudiant,526.24,14,A016,Rochefort,17300,amelie.girard_2559@example.fr,Actif
2560,C002560,Chloé,Mercier,1989-08-08,2017-04-18,Particulier,Retraité,1592.58,64,A013,Orthez,64300,chloe.mercier_2560@example.fr,Actif
2561,C002561,Emma,Legrand,2002-10-26,2020-02-28,Particulier,Cadre,1472.1,56,A018,Poitiers,86000,emma.legrand_2561@example.fr,Actif
2562,C002562,Chloé,Durand,1956-01-14,2026-06-23,Particulier,Employé,3602.48,43,A011,Biarritz,64200,chloe.durand_2562@example.fr,Actif
2563,C002563,Lucas,Martinez,1967-04-02,2025-11-08,Particulier,Commerçant,4941.81,37,A008,Langon,33210,lucas.martinez_2563@example.fr,Actif
2564,C002564,Noah,Lambert,1963-02-24,2022-06-22,Professionnel,Employé,6111.97,51,A006,Libourne,33500,noah.lambert_2564@example.fr,Inactif
2565,C002565,Chloé,François,1965-08-04,2025-06-07,Particulier,Profession libérale,1155.06,76,A016,Rochefort,17300,chloe.françois_2565@example.fr,Actif
2566,C002566,Océane,David,1969-05-13,2021-04-07,Particulier,Employé,6965.23,62,A009,Pau,64000,oceane.david_2566@example.fr,Actif
2567,C002567,Alexandre,Mercier,1986-11-22,2026-06-21,Particulier,Retraité,3232.67,46,A016,Rochefort,17300,alexandre.mercier_2567@example.fr,Actif
2568,C002568,Hugo,Girard,1958-10-23,2015-08-01,Particulier,Cadre,1600.95,74,A009,Pau,64000,hugo.girard_2568@example.fr,Actif
2569,C002569,Jade,Fournier,1978-05-26,2022-01-31,Professionnel,Employé,1856.76,59,A011,Biarritz,64200,jade.fournier_2569@example.fr,Actif
2570,C002570,Léa,Lambert,1999-02-13,2019-02-20,Particulier,Technicien,2384.51,76,A011,Biarritz,64200,lea.lambert_2570@example.fr,Actif
2571,C002571,Noah,Thomas,1960-07-12,2018-07-01,Particulier,Retraité,2145.46,63,A006,Libourne,33500,noah.thomas_2571@example.fr,Inactif
2572,C002572,Enzo,Richard,1975-01-21,2025-05-16,Professionnel,Technicien,2627.56,58,A014,Oloron-Sainte-Marie,64400,enzo.richard_2572@example.fr,Actif
2573,C002573,Amélie,François,1996-08-29,2024-12-16,Particulier,Cadre,3079.27,52,A006,Libourne,33500,amelie.françois_2573@example.fr,Actif
2574,C002574,Chloé,Durand,2000-01-13,2016-12-09,Particulier,Enseignant,1993.74,69,A008,Langon,33210,chloe.durand_2574@example.fr,Actif
2575,C002575,Léa,Morel,1949-12-01,2016-07-20,Particulier,Technicien,4420.25,40,A013,Orthez,64300,lea.morel_2575@example.fr,Actif
2576,C002576,Enzo,Bernard,1948-02-09,2018-02-18,Professionnel,Retraité,3149.11,21,A025,Dax,40100,enzo.bernard_2576@example.fr,Actif
2577,C002577,Inès,Lambert,1994-05-24,2016-12-29,Professionnel,Profession libérale,2559.66,38,A007,Arcachon,33120,ines.lambert_2577@example.fr,Actif
2578,C002578,Inès,Roux,1968-05-31,2025-02-19,Particulier,Agriculteur,3265.63,40,A010,Bayonne,64100,ines.roux_2578@example.fr,Actif
2579,C002579,Julien,Bonnet,1976-05-28,2026-05-25,Professionnel,Enseignant,3499.27,45,A025,Dax,40100,julien.bonnet_2579@example.fr,Inactif
2580,C002580,Chloé,Dubois,1954-03-27,2015-07-25,Particulier,Cadre,3168.78,74,A008,Langon,33210,chloe.dubois_2580@example.fr,Actif
2581,C002581,Gabriel,Morel,2000-05-06,2016-04-23,Particulier,Commerçant,1992.62,44,A007,Arcachon,33120,gabriel.morel_2581@example.fr,Actif
2582,C002582,Lucas,Durand,1970-04-17,2020-06-16,Particulier,Employé,3568.48,38,A007,Arcachon,33120,lucas.durand_2582@example.fr,Actif
2583,C002583,Noah,Moreau,1974-05-21,2024-10-16,Particulier,Enseignant,119.87,48,A004,Pessac,33600,noah.moreau_2583@example.fr,Actif
2584,C002584,Inès,Vincent,2004-05-23,2023-04-21,Particulier,Artisan,5526.91,24,A018,Poitiers,86000,ines.vincent_2584@example.fr,Actif
2585,C002585,Enzo,Lambert,1959-04-03,2016-01-08,Professionnel,Employé,3217.67,24,A021,Périgueux,24000,enzo.lambert_2585@example.fr,Actif
2586,C002586,Chloé,Simon,1945-11-22,2016-07-27,Particulier,Profession libérale,62.22,61,A023,Agen,47000,chloe.simon_2586@example.fr,Actif
2587,C002587,Paul,Dupont,1974-11-21,2023-04-20,Particulier,Enseignant,3689.34,44,A010,Bayonne,64100,paul.dupont_2587@example.fr,Actif
2588,C002588,Enzo,Legrand,1983-09-12,2025-12-22,Particulier,Employé,3847.37,75,A017,Niort,79000,enzo.legrand_2588@example.fr,Actif
2589,C002589,Noah,Lefebvre,1957-07-14,2018-02-26,Particulier,Retraité,1756.99,61,A025,Dax,40100,noah.lefebvre_2589@example.fr,Actif
2590,C002590,Julien,Dupont,1998-02-01,2019-04-07,Particulier,Employé,2131.36,89,A017,Niort,79000,julien.dupont_2590@example.fr,Actif
2591,C002591,Clara,Dupont,1996-12-18,2020-04-20,Particulier,Retraité,2811.76,38,A018,Poitiers,86000,clara.dupont_2591@example.fr,Actif
2592,C002592,Antoine,Garcia,1967-01-01,2020-02-09,Professionnel,Enseignant,5631.28,22,A017,Niort,79000,antoine.garcia_2592@example.fr,Actif
2593,C002593,Camille,Bonnet,1981-01-23,2015-09-08,Particulier,Retraité,3376.33,66,A014,Oloron-Sainte-Marie,64400,camille.bonnet_2593@example.fr,Actif
2594,C002594,Noah,Legrand,1964-10-02,2023-05-18,Particulier,Technicien,2035.15,53,A010,Bayonne,64100,noah.legrand_2594@example.fr,Actif
2595,C002595,Julien,Durand,1981-01-05,2024-02-13,Professionnel,Cadre,4658.02,68,A003,Mérignac,33700,julien.durand_2595@example.fr,Actif
2596,C002596,Inès,François,1985-07-21,2022-06-03,Particulier,Agriculteur,4738.11,28,A008,Langon,33210,ines.françois_2596@example.fr,Actif
2597,C002597,Clara,Simon,1984-01-19,2025-11-21,Particulier,Retraité,1462.83,61,A001,Bordeaux,33000,clara.simon_2597@example.fr,Actif
2598,C002598,Chloé,Fournier,1997-05-14,2015-12-30,Particulier,Employé,4271.85,60,A019,Limoges,87000,chloe.fournier_2598@example.fr,Actif
2599,C002599,Zoé,Laurent,1980-01-08,2015-02-02,Particulier,Cadre,6184.03,71,A021,Périgueux,24000,zoe.laurent_2599@example.fr,Actif
2600,C002600,Julien,André,1966-08-07,2019-12-07,Particulier,Commerçant,1811.92,27,A006,Libourne,33500,julien.andré_2600@example.fr,Actif
2601,C002601,Hugo,Richard,1964-02-02,2021-05-29,Particulier,Retraité,2046.49,71,A001,Bordeaux,33000,hugo.richard_2601@example.fr,Actif
2602,C002602,Marie,Thomas,1999-01-02,2025-01-20,Particulier,Étudiant,811.75,62,A014,Oloron-Sainte-Marie,64400,marie.thomas_2602@example.fr,Actif
2603,C002603,Emma,Richard,1947-10-17,2023-01-21,Particulier,Artisan,4455.07,50,A019,Limoges,87000,emma.richard_2603@example.fr,Actif
2604,C002604,Inès,Mercier,1946-11-17,2018-07-05,Particulier,Enseignant,2775.12,47,A002,Bordeaux,33300,ines.mercier_2604@example.fr,Actif
2605,C002605,Camille,Morel,1974-09-13,2019-04-15,Professionnel,Employé,4646.66,90,A019,Limoges,87000,camille.morel_2605@example.fr,Actif
2606,C002606,Antoine,Simon,1969-07-24,2018-05-25,Particulier,Artisan,2777.67,71,A014,Oloron-Sainte-Marie,,antoine.simon_2606@example.fr,Actif
2607,C002607,Alexandre,Durand,2001-08-30,2020-07-25,Particulier,Cadre,0.0,39,A013,Orthez,64300,alexandre.durand_2607@example.fr,Actif
2608,C002608,Paul,Michel,1967-01-21,2021-02-23,Particulier,Technicien,0.0,16,A015,La Rochelle,17000,paul.michel_2608@example.fr,Actif
2609,C002609,Alexandre,Petit,1984-02-08,2022-02-19,Particulier,Employé,2641.87,77,A003,Mérignac,33700,alexandre.petit_2609@example.fr,Actif
2610,C002610,Alexandre,Moreau,1956-08-20,2016-09-20,Particulier,Sans emploi,-0.0,57,A001,Bordeaux,33000,alexandre.moreau_2610@example.fr,Clos
2611,C002611,Inès,Dubois,1973-04-14,2022-01-23,Particulier,Étudiant,1081.4,52,A001,Bordeaux,33000,ines.dubois_2611@example.fr,Actif
2612,C002612,Thomas,Fournier,1965-08-20,2016-06-06,Particulier,Enseignant,0.0,48,A012,Anglet,64600,thomas.fournier_2612@example.fr,Actif
2613,C002613,Léa,Dubois,1980-09-19,2018-08-04,Particulier,Étudiant,1911.09,25,A006,Libourne,33500,lea.dubois_2613@example.fr,Actif
2614,C002614,Léa,Laurent,1948-09-19,2020-05-02,Professionnel,Commerçant,4734.72,18,A012,Anglet,64600,lea.laurent_2614@example.fr,Actif
2615,C002615,Antoine,Bertrand,1988-06-02,2018-06-11,Particulier,Employé,3993.98,55,A018,Poitiers,86000,antoine.bertrand_2615@example.fr,Actif
2616,C002616,Camille,Legrand,1991-11-03,2025-02-04,Particulier,Employé,4689.31,21,A007,Arcachon,33120,camille.legrand_2616@example.fr,Actif
2617,C002617,Noah,Morel,1992-10-23,2021-10-25,Particulier,Retraité,1388.23,27,A024,Mont-de-Marsan,40000,noah.morel_2617@example.fr,Actif
2618,C002618,Marie,Morel,1947-12-22,2025-12-08,Particulier,Retraité,900.0,62,A006,Libourne,33500,marie.morel_2618@example.fr,Actif
2619,C002619,Camille,Thomas,1969-02-04,2017-02-20,Particulier,Cadre,2307.69,80,A016,Rochefort,17300,camille.thomas_2619@example.fr,Actif
2620,C002620,Julien,Thomas,1984-12-12,2016-04-21,Particulier,Artisan,4479.49,64,A002,Bordeaux,33300,julien.thomas_2620@example.fr,Actif
2621,C002621,Alexandre,André,1981-07-07,2023-08-31,Professionnel,Profession libérale,4068.87,51,A020,Brive-la-Gaillarde,19100,alexandre.andré_2621@example.fr,Actif
2622,C002622,Clara,Simon,1947-08-12,2019-04-28,Particulier,Cadre,3031.87,95,A020,Brive-la-Gaillarde,19100,clara.simon_2622@example.fr,Actif
2623,C002623,Inès,Girard,1984-04-23,2015-04-11,Particulier,Technicien,5187.75,72,A013,Orthez,64300,ines.girard_2623@example.fr,Actif
2624,C002624,Amélie,Bernard,1951-05-18,2022-09-30,Particulier,Cadre,0.0,36,A025,Dax,40100,amelie.bernard_2624@example.fr,Actif
2625,C002625,Zoé,David,1983-03-19,2026-05-07,Particulier,Retraité,2029.75,34,A002,Bordeaux,33300,zoe.david_2625@example.fr,Actif
2626,C002626,Manon,Thomas,1965-11-26,2021-04-12,Particulier,Retraité,2660.02,52,A009,Pau,64000,manon.thomas_2626@example.fr,Clos
2627,C002627,Mathis,Bonnet,1955-10-12,2024-01-28,Particulier,Agriculteur,4594.18,55,A002,Bordeaux,33300,mathis.bonnet_2627@example.fr,Actif
2628,C002628,Emma,Bonnet,1999-09-20,2025-11-06,Particulier,Profession libérale,3117.58,19,A003,Mérignac,33700,emma.bonnet_2628@example.fr,Actif
2629,C002629,Julien,Morel,1968-03-25,2025-09-25,Particulier,Employé,5213.87,18,A019,Limoges,87000,julien.morel_2629@example.fr,Actif
2630,C002630,Paul,Bertrand,1984-10-24,2016-08-26,Particulier,Employé,4259.37,94,A002,Bordeaux,33300,paul.bertrand_2630@example.fr,Actif
2631,C002631,Marie,Michel,1999-01-07,2015-06-12,Particulier,Employé,2945.19,35,A008,Langon,33210,marie.michel_2631@example.fr,Actif
2632,C002632,Mathis,Bertrand,1983-05-23,2022-12-25,Particulier,Employé,2005.63,58,A009,Pau,64000,mathis.bertrand_2632@example.fr,Actif
2633,C002633,Julien,Garcia,1990-10-02,2019-11-08,Professionnel,Sans emploi,4249.31,38,A023,Agen,47000,julien.garcia_2633@example.fr,Actif
2634,C002634,Hugo,Legrand,1997-09-21,2018-07-17,Particulier,Employé,3632.77,35,A014,Oloron-Sainte-Marie,64400,hugo.legrand_2634@example.fr,Actif
2635,C002635,Paul,Michel,1945-08-12,2019-07-30,Particulier,Commerçant,444.19,76,A017,Niort,79000,paul.michel_2635@example.fr,Actif
2636,C002636,Noah,Mercier,1963-10-19,2021-09-28,Particulier,Employé,0.0,45,A004,Pessac,33600,noah.mercier_2636@example.fr,Inactif
2637,C002637,Léa,Laurent,1983-12-18,2021-01-23,Particulier,Cadre,4331.54,74,A006,Libourne,33500,lea.laurent_2637@example.fr,Actif
2638,C002638,Enzo,Fournier,2002-05-20,2016-07-13,Professionnel,Enseignant,6483.15,45,A022,Bergerac,24100,enzo.fournier_2638@example.fr,Actif
2639,C002639,Paul,Bertrand,1972-08-01,2021-05-22,Particulier,Employé,3251.9,52,A010,Bayonne,64100,paul.bertrand_2639@example.fr,Actif
2640,C002640,Enzo,Michel,1957-11-22,2021-05-12,Particulier,Cadre,3581.5,22,A015,La Rochelle,17000,enzo.michel_2640@example.fr,Actif
2641,C002641,Élodie,Richard,1990-02-06,2018-04-27,Particulier,Étudiant,776.35,95,A018,Poitiers,86000,elodie.richard_2641@example.fr,Inactif
2642,C002642,Jade,Laurent,1987-07-17,2018-09-03,Particulier,Profession libérale,372.29,69,A007,Arcachon,33120,jade.laurent_2642@example.fr,Actif
2643,C002643,Élodie,Martinez,1995-05-07,2015-01-08,Professionnel,Employé,3408.5,56,A013,Orthez,64300,elodie.martinez_2643@example.fr,Actif
2644,C002644,Gabriel,Dubois,1952-02-04,2021-12-30,Particulier,Enseignant,4784.63,47,A007,Arcachon,33120,gabriel.dubois_2644@example.fr,Actif
2645,C002645,Emma,Dubois,1976-01-04,2025-01-07,Particulier,Cadre,711.83,42,A019,Limoges,87000,emma.dubois_2645@example.fr,Actif
2646,C002646,Mathis,Roux,1997-08-22,2019-01-12,Particulier,Employé,3358.19,29,A019,Limoges,87000,mathis.roux_2646@example.fr,Actif
2647,C002647,Julien,Girard,1988-10-01,2017-03-06,Particulier,Employé,572.53,54,A023,Agen,47000,julien.girard_2647@example.fr,Actif
2648,C002648,Hugo,David,1972-12-21,2024-12-06,Professionnel,Cadre,6875.34,50,A021,Périgueux,24000,hugo.david_2648@example.fr,Actif
2649,C002649,Marie,Dupont,1980-06-05,2017-01-02,Particulier,Cadre,4680.28,27,A007,Arcachon,33120,marie.dupont_2649@example.fr,Actif
2650,C002650,Élodie,Bertrand,1987-02-26,2017-10-18,Professionnel,Enseignant,6463.01,59,A011,Biarritz,64200,elodie.bertrand_2650@example.fr,Clos
2651,C002651,Nathan,Lefebvre,1951-08-25,2016-04-07,Professionnel,Employé,5565.93,33,A015,La Rochelle,17000,nathan.lefebvre_2651@example.fr,Actif
2652,C002652,Gabriel,Roux,1972-09-12,2019-10-21,Particulier,Artisan,4457.23,51,A012,Anglet,64600,gabriel.roux_2652@example.fr,Actif
2653,C002653,Thomas,Thomas,1999-01-14,2016-03-14,Particulier,Profession libérale,1184.1,81,A024,Mont-de-Marsan,40000,thomas.thomas_2653@example.fr,Actif
2654,C002654,Sarah,Richard,1993-10-09,2021-01-08,Particulier,Cadre,4280.24,75,A016,Rochefort,17300,sarah.richard_2654@example.fr,Actif
2655,C002655,Marie,Thomas,1966-06-13,2018-11-12,Particulier,Technicien,2603.11,67,A018,Poitiers,86000,marie.thomas_2655@example.fr,Actif
2656,C002656,Zoé,Bertrand,1992-10-08,2015-02-26,Association,Agriculteur,4823.44,57,A006,Libourne,33500,zoe.bertrand_2656@example.fr,Actif
2657,C002657,Noah,Bonnet,1965-11-14,2021-05-02,Particulier,Employé,1616.57,59,A002,Bordeaux,33300,noah.bonnet_2657@example.fr,Actif
2658,C002658,Chloé,Martin,1965-03-15,2016-04-26,Particulier,Retraité,2712.56,48,A002,Bordeaux,33300,chloe.martin_2658@example.fr,Actif
2659,C002659,Chloé,Robert,1997-05-28,2025-05-06,Particulier,Profession libérale,2010.97,70,A014,Oloron-Sainte-Marie,64400,chloe.robert_2659@example.fr,Actif
2660,C002660,Mathis,François,1991-06-13,2019-01-13,Particulier,Retraité,3865.54,56,A024,Mont-de-Marsan,40000,mathis.françois_2660@example.fr,Actif
2661,C002661,Léa,Lefebvre,1982-03-14,2021-03-31,Particulier,Retraité,1194.05,61,A025,Dax,40100,lea.lefebvre_2661@example.fr,Actif
2662,C002662,Océane,Legrand,1953-06-09,2021-11-26,Particulier,Étudiant,922.96,32,A006,Libourne,33500,oceane.legrand_2662@example.fr,Actif
2663,C002663,Gabriel,Bonnet,1957-10-11,2023-01-25,Particulier,Technicien,811.1,56,A006,Libourne,33500,gabriel.bonnet_2663@example.fr,Actif
2664,C002664,Océane,Leroy,1958-05-27,2021-09-28,Particulier,Technicien,4037.84,34,A014,Oloron-Sainte-Marie,64400,oceane.leroy_2664@example.fr,Actif
2665,C002665,Léa,Dupont,1995-11-06,2021-11-22,Particulier,Retraité,2350.05,50,A008,Langon,33210,lea.dupont_2665@example.fr,Actif
2666,C002666,Inès,André,1966-02-16,2015-10-15,Particulier,Profession libérale,2825.05,57,A022,Bergerac,24100,ines.andré_2666@example.fr,Inactif
2667,C002667,Océane,Petit,1946-04-12,2025-08-09,Particulier,Retraité,3056.42,52,A004,Pessac,33600,oceane.petit_2667@example.fr,Actif
2668,C002668,Nathan,Petit,1956-01-02,2020-12-27,Particulier,Retraité,1291.1,69,A014,Oloron-Sainte-Marie,64400,nathan.petit_2668@example.fr,Actif
2669,C002669,Camille,Leroy,1964-04-13,2015-03-18,Particulier,Technicien,1525.89,36,A002,Bordeaux,33300,camille.leroy_2669@example.fr,Actif
2670,C002670,Zoé,Leroy,1956-09-04,2021-04-26,Particulier,Étudiant,1165.89,40,A005,Talence,33400,zoe.leroy_2670@example.fr,Actif
2671,C002671,Inès,Lefebvre,1993-09-19,2018-06-18,Particulier,Cadre,2253.36,73,A024,Mont-de-Marsan,40000,ines.lefebvre_2671@example.fr,Actif
2672,C002672,Clara,Lambert,1949-10-19,2026-05-23,Professionnel,Employé,4359.32,65,A012,Anglet,64600,clara.lambert_2672@example.fr,Actif
2673,C002673,Jade,Bertrand,1983-08-25,2022-12-20,Particulier,Artisan,2997.27,55,A012,Anglet,64600,jade.bertrand_2673@example.fr,Actif
2674,C002674,Thomas,Laurent,1979-03-05,2022-03-03,Professionnel,Étudiant,844.68,62,A025,Dax,40100,thomas.laurent_2674@example.fr,Actif
2675,C002675,Inès,Bertrand,1970-11-24,2022-01-09,Particulier,Étudiant,638.98,48,A017,Niort,79000,ines.bertrand_2675@example.fr,Actif
2676,C002676,Alexandre,David,2004-11-06,2017-04-24,Particulier,Agriculteur,4436.45,55,A019,Limoges,87000,alexandre.david_2676@example.fr,Actif
2677,C002677,Thomas,Girard,1980-03-05,2025-09-20,Particulier,SANS EMPLOI,1505.44,35,A014,Oloron-Sainte-Marie,64400,thomas.girard_2677@example.fr,Actif
2678,C002678,Élodie,Dupont,2001-04-10,2025-12-04,Particulier,Enseignant,3328.2,62,A006,Libourne,33500,elodie.dupont_2678@example.fr,Actif
2679,C002679,Enzo,Robert,1993-08-26,2026-03-19,Particulier,Employé,1877.33,45,A006,Libourne,33500,enzo.robert_2679@example.fr,Actif
2680,C002680,Noah,Bonnet,1979-07-09,2025-12-24,Particulier,Cadre,2290.4,41,A023,Agen,47000,noah.bonnet_2680@example.fr,Actif
2681,C002681,Inès,Durand,1983-06-30,2021-01-18,Particulier,Employé,4575.3,55,A002,Bordeaux,33300,ines.durand_2681@example.fr,Actif
2682,C002682,Marie,Simon,1987-11-28,2017-11-05,Particulier,Étudiant,1539.93,49,A010,Bayonne,64100,marie.simon_2682@example.fr,Actif
2683,C002683,Amélie,Bernard,1955-04-20,2016-03-07,Particulier,Retraité,1237.49,42,A020,Brive-la-Gaillarde,19100,amelie.bernard_2683@example.fr,Inactif
2684,C002684,Camille,Durand,1977-02-19,2023-07-23,Professionnel,Employé,5447.17,63,A024,Mont-de-Marsan,40000,camille.durand_2684@example.fr,Actif
2685,C002685,Léa,Bertrand,1997-02-13,2017-08-09,Particulier,Enseignant,4907.9,51,A014,Oloron-Sainte-Marie,64400,lea.bertrand_2685@example.fr,Actif
2686,C002686,Jade,Dubois,2000-05-15,2023-01-22,Particulier,Artisan,4996.01,57,A016,Rochefort,17300,jade.dubois_2686@example.fr,Actif
2687,C002687,Lucas,André,1979-01-01,2021-02-17,Particulier,Employé,1826.95,43,A018,Poitiers,86000,lucas.andré_2687@example.fr,Actif
2688,C002688,Enzo,Fournier,1967-06-28,2015-06-28,Particulier,Commerçant,2585.18,42,A018,Poitiers,86000,enzo.fournier_2688@example.fr,Actif
2689,C002689,Océane,Lefebvre,1956-05-31,2022-06-18,Particulier,Cadre,1617.15,57,A015,La Rochelle,17000,oceane.lefebvre_2689@example.fr,Actif
2690,C002690,Amélie,Lambert,1947-09-14,2019-05-23,Particulier,Artisan,3349.97,82,A008,Langon,33210,amelie.lambert_2690@example.fr,Inactif
2691,C002691,Sarah,Thomas,1977-10-19,2021-08-10,Particulier,Agriculteur,2382.05,73,A022,Bergerac,24100,sarah.thomas_2691@example.fr,Actif
2692,C002692,Lucas,François,1970-01-05,2016-02-28,Particulier,Retraité,1966.9,68,A008,Langon,33210,lucas.françois_2692@example.fr,Actif
2693,C002693,Jade,Dupont,1948-09-27,2018-05-02,Particulier,Retraité,2613.91,76,A010,Bayonne,64100,jade.dupont_2693@example.fr,Actif
2694,C002694,Emma,Martin,1964-03-31,2018-09-21,Particulier,Retraité,2843.59,44,A004,Pessac,33600,emma.martin_2694@example.fr,Actif
2695,C002695,Thomas,Laurent,1962-01-09,2017-11-11,Professionnel,Employé,5697.65,39,A014,Oloron-Sainte-Marie,64400,thomas.laurent_2695@example.fr,Actif
2696,C002696,Hugo,Dupont,1977-04-01,2021-04-10,Particulier,Retraité,2109.86,33,A024,Mont-de-Marsan,40000,hugo.dupont_2696@example.fr,Actif
2697,C002697,Mathis,Michel,1994-01-29,2019-12-02,Particulier,Profession libérale,3415.63,51,A023,Agen,47000,mathis.michel_2697@example.fr,Clos
2698,C002698,Amélie,Lambert,1975-03-02,2016-11-03,Particulier,Profession libérale,2735.46,64,A006,Libourne,33500,amelie.lambert_2698@example.fr,Actif
2699,C002699,Manon,Dubois,1985-06-28,2015-09-27,Particulier,Employé,6086.6,62,A020,Brive-la-Gaillarde,19100,manon.dubois_2699@example.fr,Actif
2700,C002700,Marie,André,2002-10-14,2015-09-15,Particulier,Sans emploi,3383.37,35,A003,Mérignac,33700,marie.andré_2700@example.fr,Actif
2701,C002701,Paul,Petit,1950-10-13,2018-11-09,Particulier,Enseignant,3926.82,44,A025,Dax,40100,paul.petit_2701@example.fr,Actif
2702,C002702,Enzo,Thomas,1979-12-04,2016-11-07,Particulier,Employé,1158.42,37,A001,Bordeaux,33000,enzo.thomas_2702@example.fr,Actif
2703,C002703,Marie,Bertrand,2000-03-11,2022-08-03,Particulier,Enseignant,5673.9,50,A018,Poitiers,86000,marie.bertrand_2703@example.fr,Actif
2704,C002704,Élodie,Lefebvre,1995-09-14,2026-01-14,Particulier,Employé,4824.03,76,A005,Talence,33400,elodie.lefebvre_2704@example.fr,Actif
2705,C002705,Amélie,Richard,1952-12-05,2026-02-22,Particulier,Employé,3258.77,29,A006,Libourne,33500,amelie.richard_2705@example.fr,Actif
2706,C002706,Clara,Bonnet,1986-09-30,2026-06-16,Professionnel,Cadre,4541.73,32,A002,Bordeaux,33300,clara.bonnet_2706@example.fr,Actif
2707,C002707,Léa,Bertrand,1954-08-15,2025-03-18,Particulier,Employé,5404.3,50,A010,Bayonne,64100,lea.bertrand_2707@example.fr,Actif
2708,C002708,Marie,Fournier,1986-12-04,2024-09-21,Professionnel,Cadre,8526.46,69,A003,Mérignac,33700,marie.fournier_2708@example.fr,Inactif
2709,C002709,Zoé,Leroy,1977-10-02,2026-02-06,Particulier,Enseignant,932.52,46,A025,Dax,40100,zoe.leroy_2709@example.fr,Actif
2710,C002710,Inès,Girard,1977-06-15,2020-07-04,Particulier,Employé,188.59,57,A018,Poitiers,86000,ines.girard_2710@example.fr,Actif
2711,C002711,Camille,Moreau,1949-11-10,2016-04-23,Particulier,Retraité,1289.96,58,A004,Pessac,33600,camille.moreau_2711@example.fr,Actif
2712,C002712,Jade,Dubois,2003-05-15,2019-01-23,Particulier,Cadre,2139.01,45,A008,Langon,33210,jade.dubois_2712@example.fr,Actif
2713,C002713,Noah,Vincent,1964-12-14,2018-04-01,Particulier,Cadre,2627.88,68,A012,Anglet,64600,noah.vincent_2713@example.fr,Actif
2714,C002714,Élodie,Garcia,1980-06-02,2026-01-24,Particulier,Cadre,2128.14,41,A025,Dax,40100,elodie.garcia_2714@example.fr,Inactif
2715,C002715,Enzo,Michel,1951-07-16,2023-02-27,Particulier,Enseignant,1859.36,81,A001,Bordeaux,33000,enzo.michel_2715@example.fr,Actif
2716,C002716,Océane,Simon,2003-12-26,2019-08-22,Professionnel,Artisan,5623.6,61,A008,Langon,33210,oceane.simon_2716@example.fr,Inactif
2717,C002717,Jade,David,1986-05-18,2024-11-01,Particulier,Enseignant,2536.86,50,A016,Rochefort,17300,jade.david_2717@example.fr,Actif
2718,C002718,Mathis,François,1947-05-03,2020-02-15,Particulier,Retraité,1803.84,54,A014,Oloron-Sainte-Marie,64400,mathis.françois_2718@example.fr,Actif
2719,C002719,Élodie,Fournier,1972-04-18,2025-11-04,Particulier,Étudiant,1087.33,70,A008,Langon,33210,elodie.fournier_2719@example.fr,Actif
2720,C002720,Paul,Leroy,1968-12-03,2025-05-11,Particulier,Cadre,-3446.49,43,A017,Niort,79000,paul.leroy_2720@example.fr,Actif
2721,C002721,Jade,Girard,1959-03-10,2021-10-11,Particulier,Employé,3006.49,84,A025,Dax,40100,jade.girard_2721@example.fr,Actif
2722,C002722,Camille,Michel,1998-04-09,2022-05-23,Particulier,Employé,4284.92,25,A025,Dax,40100,camille.michel_2722@example.fr,Actif
2723,C002723,Mathis,Bertrand,1967-06-19,2016-11-24,Professionnel,Profession libérale,4603.4,57,A005,Talence,33400,mathis.bertrand_2723@example.fr,Clos
2724,C002724,Marie,Legrand,1973-09-01,2025-01-31,Particulier,Employé,3422.85,53,A007,Arcachon,33120,marie.legrand_2724@example.fr,Actif
2725,C002725,Paul,Fournier,1964-11-23,2018-11-09,Particulier,Étudiant,538.06,73,A024,Mont-de-Marsan,40000,paul.fournier_2725@example.fr,Actif
2726,C002726,Gabriel,David,1985-05-04,2025-11-20,Particulier,Artisan,4009.59,45,A024,Mont-de-Marsan,40000,gabriel.david_2726@example.fr,Actif
2727,C002727,Léa,Girard,1977-08-22,2018-06-28,Professionnel,Artisan,5305.62,23,A020,Brive-la-Gaillarde,19100,lea.girard_2727@example.fr,Actif
2728,C002728,Camille,Girard,1963-10-22,2022-09-23,Professionnel,Enseignant,8302.32,64,A011,Biarritz,64200,camille.girard_2728@example.fr,Actif
2729,C002729,Enzo,François,2001-12-17,2023-07-01,Particulier,Technicien,3192.12,19,A016,Rochefort,17300,enzo.françois_2729@example.fr,Actif
2730,C002730,Chloé,Lambert,1962-09-22,2016-02-25,Particulier,Retraité,2083.95,74,A001,Bordeaux,33000,chloe.lambert_2730@example.fr,Actif
2731,C002731,Chloé,Laurent,1955-02-12,2025-02-20,Professionnel,Cadre,4179.76,33,A023,Agen,47000,chloe.laurent_2731@example.fr,Actif
2732,C002732,Camille,Bonnet,1984-07-12,2019-07-21,Particulier,Cadre,4541.31,82,A005,Talence,33400,camille.bonnet_2732@example.fr,Actif
2733,C002733,Camille,Durand,1987-12-16,2018-08-01,Professionnel,Cadre,6883.71,74,A025,Dax,40100,camille.durand_2733@example.fr,Inactif
2734,C002734,Noah,Fournier,1959-12-03,2016-11-21,Particulier,Employé,2613.71,75,A010,Bayonne,64100,noah.fournier_2734@example.fr,Actif
2735,C002735,Alexandre,Morel,1960-10-03,2022-09-10,Particulier,Commerçant,2524.37,53,A008,Langon,33210,alexandre.morel_2735@example.fr,Actif
2736,C002736,Clara,Garcia,1979-06-07,2025-03-20,Particulier,Commerçant,43.36,66,A018,Poitiers,86000,clara.garcia_2736@example.fr,Actif
2737,C002737,Mathis,Dubois,1953-03-04,2021-10-13,Particulier,Sans emploi,409.72,69,A006,Libourne,33500,mathis.dubois_2737@example.fr,Actif
2738,C002738,Océane,Fournier,1957-03-15,2015-04-30,Professionnel,Technicien,4159.83,70,A020,Brive-la-Gaillarde,19100,oceane.fournier_2738@example.fr,Actif
2739,C002739,Océane,André,1993-01-28,2025-11-11,Particulier,Technicien,3912.31,64,A008,Langon,33210,oceane.andré_2739@example.fr,Actif
2740,C002740,Thomas,Vincent,1977-08-28,2022-02-20,Professionnel,Étudiant,664.99,50,A024,Mont-de-Marsan,40000,thomas.vincent_2740@example.fr,Actif
2741,C002741,Jade,Robert,2001-09-20,2020-09-26,Particulier,Employé,2533.79,47,A023,Agen,47000,jade.robert_2741@example.fr,Actif
2742,C002742,Manon,Moreau,1994-04-22,2017-06-20,Particulier,Artisan,3828.19,49,A001,Bordeaux,33000,manon.moreau_2742@example.fr,Actif
2743,C002743,Zoé,Fournier,1968-11-28,2016-09-23,Particulier,Enseignant,3870.47,42,A011,Biarritz,64200,zoe.fournier_2743@example.fr,Actif
2744,C002744,Gabriel,Dubois,1946-07-07,2024-09-30,Professionnel,Retraité,1708.8,61,A013,Orthez,64300,gabriel.dubois_2744@example.fr,Actif
2745,C002745,Amélie,Thomas,1977-04-17,2016-11-21,Particulier,Enseignant,3516.34,95,A018,Poitiers,86000,amelie.thomas_2745@example.fr,Actif
2746,C002746,Paul,Laurent,1994-11-30,2021-05-07,Particulier,Technicien,2828.83,13,A014,Oloron-Sainte-Marie,64400,paul.laurent_2746@example.fr,Actif
2747,C002747,Manon,Vincent,1957-01-22,2017-12-03,Particulier,Employé,2340.78,38,A005,Talence,33400,manon.vincent_2747@example.fr,Actif
2748,C002748,Gabriel,Leroy,1966-06-14,2022-08-01,Particulier,Employé,4861.32,43,A022,Bergerac,24100,gabriel.leroy_2748@example.fr,Actif
2749,C002749,Lucas,Leroy,2004-11-14,2026-03-28,Particulier,Enseignant,4209.13,62,A007,Arcachon,33120,lucas.leroy_2749@example.fr,Actif
2750,C002750,Chloé,Mercier,1989-01-10,2024-09-27,Particulier,Profession libérale,2424.97,41,A022,Bergerac,24100,chloe.mercier_2750@example.fr,Actif
2751,C002751,Chloé,Michel,1966-07-03,2023-07-07,Particulier,Cadre,0.0,69,A014,Oloron-Sainte-Marie,64400,chloe.michel_2751@example.fr,Actif
2752,C002752,Léa,Bertrand,1948-03-11,2023-10-09,Particulier,Employé,1043.49,77,A017,Niort,79000,lea.bertrand_2752@example.fr,Actif
2753,C002753,Marie,Petit,1977-04-27,2023-05-04,Particulier,Employé,1154.73,48,A013,Orthez,64300,marie.petit_2753@example.fr,Actif
2754,C002754,Gabriel,Lefebvre,1966-04-10,2025-06-06,Particulier,Enseignant,1778.82,42,A001,Bordeaux,33000,gabriel.lefebvre_2754@example.fr,Actif
2755,C002755,Paul,Bernard,1988-05-02,2022-08-19,Particulier,Étudiant,1025.69,59,A022,Bergerac,24100,paul.bernard_2755@example.fr,Actif
2756,C002756,Clara,Laurent,1954-12-09,2018-08-30,Particulier,Artisan,4568.35,64,A024,Mont-de-Marsan,40000,clara.laurent_2756@example.fr,Actif
2757,C002757,Thomas,Thomas,1963-10-20,2021-12-20,Particulier,Employé,2049.97,28,A023,Agen,47000,thomas.thomas_2757@example.fr,Actif
2758,C002758,Alexandre,Legrand,2004-10-19,2024-08-12,Particulier,Étudiant,212.18,57,A002,Bordeaux,33300,alexandre.legrand_2758@example.fr,Actif
2759,C002759,Julien,Michel,1969-08-06,2016-11-25,Particulier,Étudiant,1018.18,57,A010,Bayonne,64100,julien.michel_2759@example.fr,Actif
2760,C002760,Enzo,Roux,1983-04-07,2021-10-15,Association,Cadre,8610.96,82,A007,Arcachon,33120,enzo.roux_2760@example.fr,Actif
2761,C002761,Marie,Vincent,1989-08-18,2015-09-26,Particulier,Cadre,2350.41,78,A007,Arcachon,33120,marie.vincent_2761@example.fr,Actif
2762,C002762,Jade,Martinez,1984-05-01,2023-05-25,Particulier,Enseignant,1971.37,72,A006,Libourne,33500,jade.martinez_2762@example.fr,Actif
2763,C002763,Clara,Laurent,1987-04-08,2025-08-15,Particulier,Employé,1888.5,51,A015,La Rochelle,17000,clara.laurent_2763@example.fr,Inactif
2764,C002764,Jade,Lefebvre,1970-12-05,2022-02-22,Professionnel,Profession libérale,4819.78,60,A011,Biarritz,64200,jade.lefebvre_2764@example.fr,Actif
2765,C002765,Gabriel,Mercier,1972-02-28,2015-12-10,Particulier,Retraité,3036.66,88,A006,Libourne,33500,gabriel.mercier_2765@example.fr,Actif
2766,C002766,Manon,Durand,1977-11-04,2023-09-01,Particulier,Commerçant,4701.6,52,A004,Pessac,33600,manon.durand_2766@example.fr,Actif
2767,C002767,Noah,Legrand,1977-08-13,2015-12-17,Professionnel,Profession libérale,4576.56,82,A014,Oloron-Sainte-Marie,64400,noah.legrand_2767@example.fr,Actif
2768,C002768,Enzo,Simon,1975-01-06,2016-12-26,Particulier,Enseignant,3491.95,25,A020,Brive-la-Gaillarde,19100,enzo.simon_2768@example.fr,Actif
2769,C002769,Julien,Morel,1983-02-03,2019-10-31,Particulier,Retraité,1550.6,40,A005,Talence,33400,julien.morel_2769@example.fr,Actif
2770,C002770,Jade,Robert,1981-11-20,2024-01-31,Particulier,Cadre,577.73,62,A017,Niort,79000,jade.robert_2770@example.fr,Actif
2771,C002771,Jade,Leroy,1999-01-02,2019-06-25,Professionnel,Technicien,9593.55,45,A025,Dax,40100,jade.leroy_2771@example.fr,Actif
2772,C002772,Gabriel,Simon,1976-05-20,2019-06-02,Particulier,Commerçant,4679.32,13,A022,Bergerac,24100,gabriel.simon_2772@example.fr,Actif
2773,C002773,Paul,Petit,1975-12-28,2021-10-09,Particulier,Cadre,4172.35,71,A021,Périgueux,24000,paul.petit_2773@example.fr,Actif
2774,C002774,Noah,Bernard,1978-07-27,2019-02-15,Particulier,Enseignant,3734.36,75,A016,Rochefort,17300,noah.bernard_2774@example.fr,Actif
2775,C002775,Mathis,Petit,1993-11-20,2025-10-15,Particulier,Retraité,2908.6,78,A020,Brive-la-Gaillarde,19100,mathis.petit_2775@example.fr,Actif
2776,C002776,Emma,Moreau,1953-02-27,2026-04-02,Particulier,Profession libérale,5827.1,26,A008,Langon,33210,emma.moreau_2776@example.fr,Actif
2777,C002777,Camille,Bernard,1971-11-29,2021-10-17,Particulier,Profession libérale,881.81,47,A021,Périgueux,24000,camille.bernard_2777@example.fr,Actif
2778,C002778,Thomas,Bertrand,1955-09-26,2018-05-29,Particulier,Employé,1262.01,73,A023,Agen,47000,thomas.bertrand_2778@example.fr,Actif
2779,C002779,Inès,Bernard,2001-09-22,2020-05-18,Professionnel,Artisan,5368.51,57,A013,Orthez,64300,ines.bernard_2779@example.fr,Actif
2780,C002780,Mathis,Michel,1945-08-07,2025-06-24,Particulier,Employé,1901.39,65,A014,Oloron-Sainte-Marie,64400,mathis.michel_2780@example.fr,Actif
2781,C002781,Nathan,Dubois,1975-11-28,2022-02-28,Particulier,Commerçant,0.0,62,A007,Arcachon,33120,nathan.dubois_2781@example.fr,Actif
2782,C002782,Thomas,Morel,1966-09-26,2020-11-30,Association,Employé,4819.6,29,A003,Mérignac,33700,thomas.morel_2782@example.fr,Actif
2783,C002783,Julien,Richard,1971-06-09,2021-01-12,Particulier,Artisan,2541.7,55,A008,Langon,33210,julien.richard_2783@example.fr,Actif
2784,C002784,Chloé,André,1987-11-06,2015-08-25,Particulier,Agriculteur,3278.47,40,A022,Bergerac,24100,chloe.andré_2784@example.fr,Actif
2785,C002785,Alexandre,Morel,1990-05-01,2021-11-14,Particulier,Cadre,6670.95,50,A012,Anglet,64600,alexandre.morel_2785@example.fr,Actif
2786,C002786,Nathan,Thomas,1951-07-19,2022-12-10,Particulier,Artisan,1938.97,40,A010,Bayonne,64100,nathan.thomas_2786@example.fr,Actif
2787,C002787,Élodie,Martin,1976-01-12,2023-10-05,Particulier,Retraité,2754.79,44,A011,Biarritz,64200,elodie.martin_2787@example.fr,Actif
2788,C002788,Emma,Bernard,1951-04-11,2023-12-22,Professionnel,Artisan,3926.75,95,A001,Bordeaux,33000,emma.bernard_2788@example.fr,Actif
2789,C002789,Noah,Durand,1983-12-24,2015-03-24,Particulier,Employé,1137.85,51,A013,Orthez,64300,noah.durand_2789@example.fr,Actif
2790,C002790,Noah,Petit,1995-03-29,2018-09-10,Particulier,Employé,1772.49,48,A022,Bergerac,24100,noah.petit_2790@example.fr,Actif
2791,C002791,Sarah,Petit,1953-09-14,2023-01-21,Particulier,Profession libérale,0.0,55,A015,La Rochelle,17000,sarah.petit_2791@example.fr,Inactif
2792,C002792,Antoine,Durand,1960-11-28,2025-11-06,Particulier,Enseignant,2231.61,81,A003,Mérignac,33700,antoine.durand_2792@example.fr,Actif
2793,C002793,Mathis,Richard,1964-06-23,2018-02-04,Particulier,Cadre,2802.93,58,A003,Mérignac,33700,mathis.richard_2793@example.fr,Actif
2794,C002794,Enzo,François,1960-06-16,2019-10-04,Particulier,Technicien,0.0,89,A001,Bordeaux,33000,enzo.françois_2794@example.fr,Actif
2795,C002795,Marie,Bernard,1969-05-18,2016-09-04,Particulier,Artisan,3159.09,64,A017,Niort,79000,marie.bernard_2795@example.fr,Actif
2796,C002796,Zoé,Richard,1953-03-27,2021-05-29,Particulier,Employé,2178.66,67,A025,Dax,40100,zoe.richard_2796@example.fr,Clos
2797,C002797,Lucas,André,1999-10-19,2019-12-21,Particulier,Technicien,1334.42,83,A004,Pessac,33600,lucas.andré_2797@example.fr,Actif
2798,C002798,Marie,Martin,2000-03-31,2020-12-28,Particulier,Technicien,3499.62,42,A008,Langon,33210,marie.martin_2798@example.fr,Actif
2799,C002799,Enzo,David,1983-07-05,2015-12-26,Particulier,Employé,1847.8,51,A002,Bordeaux,33300,enzo.david_2799@example.fr,Actif
2800,C002800,Manon,Morel,1991-03-17,2019-12-23,Particulier,Étudiant,349.62,47,A024,Mont-de-Marsan,40000,manon.morel_2800@example.fr,Actif
2801,C002801,Zoé,Dupont,1973-06-04,2023-06-06,Particulier,Employé,645.4,32,A007,Arcachon,33120,zoe.dupont_2801@example.fr,Actif
2802,C002802,Alexandre,Lefebvre,1991-06-18,2021-02-22,Particulier,Artisan,1715.83,71,A016,Rochefort,17300,alexandre.lefebvre_2802@example.fr,Actif
2803,C002803,Noah,Thomas,1954-04-28,2016-10-16,Association,Profession libérale,5586.47,51,A005,Talence,33400,noah.thomas_2803@example.fr,Actif
2804,C002804,Gabriel,Fournier,1997-12-20,2024-12-10,Particulier,Cadre,1190.41,43,A018,Poitiers,86000,gabriel.fournier_2804@example.fr,Actif
2805,C002805,Sarah,Durand,2002-03-15,2024-07-27,Particulier,Commerçant,3747.77,42,A009,Pau,64000,sarah.durand_2805@example.fr,Actif
2806,C002806,Alexandre,Girard,1974-07-06,2018-03-30,Particulier,Cadre,1671.27,29,A005,Talence,33400,alexandre.girard_2806@example.fr,Actif
2807,C002807,Marie,Bonnet,1957-08-21,2022-12-17,Particulier,Employé,2501.74,58,A020,Brive-la-Gaillarde,19100,marie.bonnet_2807@example.fr,Actif
2808,C002808,Camille,Dubois,1966-01-29,2023-08-08,Professionnel,Cadre,5445.3,68,A025,Dax,40100,camille.dubois_2808@example.fr,Actif
2809,C002809,Hugo,Girard,1987-04-10,2016-04-03,Particulier,Profession libérale,1799.37,87,A001,Bordeaux,33000,hugo.girard_2809@example.fr,Inactif
2810,C002810,Chloé,Lambert,1991-05-29,2024-06-30,Particulier,Retraité,900.0,44,A023,Agen,47000,chloe.lambert_2810@example.fr,Actif
2811,C002811,Sarah,Petit,2004-02-17,2017-09-15,Professionnel,Enseignant,5276.06,84,A001,Bordeaux,33000,sarah.petit_2811@example.fr,Inactif
2812,C002812,Marie,Dupont,2004-06-29,2025-03-09,Professionnel,Employé,6949.93,37,A010,Bayonne,64100,marie.dupont_2812@example.fr,Actif
2813,C002813,Amélie,Lefebvre,1985-03-11,2019-09-26,Particulier,Cadre,2697.04,36,A013,Orthez,64300,amelie.lefebvre_2813@example.fr,Actif
2814,C002814,Jade,Lambert,1971-10-28,2024-01-17,Particulier,Profession libérale,2594.92,48,A002,Bordeaux,33300,jade.lambert_2814@example.fr,Actif
2815,C002815,Thomas,Fournier,1999-08-03,2024-06-29,Particulier,Enseignant,2562.09,54,A010,Bayonne,64100,thomas.fournier_2815@example.fr,Actif
2816,C002816,Nathan,Michel,1951-05-08,2021-10-15,Professionnel,Profession libérale,4976.84,47,A002,Bordeaux,33300,nathan.michel_2816@example.fr,Actif
2817,C002817,Gabriel,François,1966-12-18,2020-10-11,Particulier,Employé,2901.64,61,A014,Oloron-Sainte-Marie,64400,gabriel.françois_2817@example.fr,Actif
2818,C002818,Hugo,Martinez,1980-01-08,2026-02-11,Particulier,Enseignant,3861.54,90,A020,Brive-la-Gaillarde,19100,hugo.martinez_2818@example.fr,Actif
2819,C002819,Amélie,Bernard,1970-05-19,2021-04-08,Particulier,Artisan,1500.39,72,A001,Bordeaux,33000,amelie.bernard_2819@example.fr,Actif
2820,C002820,Emma,André,1952-02-05,2016-10-12,Particulier,Employé,4006.95,47,A023,Agen,47000,emma.andré_2820@example.fr,Inactif
2821,C002821,Paul,Morel,1981-09-13,2018-02-05,Particulier,Cadre,4219.21,61,A015,La Rochelle,17000,paul.morel_2821@example.fr,Actif
2822,C002822,Marie,Robert,1951-07-29,2023-12-29,Particulier,Étudiant,119.55,64,A021,Périgueux,24000,marie.robert_2822@example.fr,Actif
2823,C002823,Chloé,Bonnet,1952-10-30,2024-07-20,Particulier,Retraité,3041.58,73,A023,Agen,47000,chloe.bonnet_2823@example.fr,Actif
2824,C002824,Inès,David,1991-11-24,2021-05-23,Particulier,Commerçant,1580.55,54,A009,Pau,64000,ines.david_2824@example.fr,Actif
2825,C002825,Élodie,Morel,1999-02-05,2016-04-15,Particulier,Commerçant,3664.49,54,A005,Talence,33400,elodie.morel_2825@example.fr,Actif
2826,C002826,Lucas,Morel,1952-05-15,2025-09-11,Particulier,Profession libérale,1149.97,5,A021,Périgueux,24000,lucas.morel_2826@example.fr,Actif
2827,C002827,Paul,David,1977-01-28,2017-09-30,Particulier,Enseignant,4408.44,86,A002,Bordeaux,33300,paul.david_2827@example.fr,Actif
2828,C002828,Alexandre,Roux,2004-09-12,2021-06-02,Particulier,Employé,3790.48,61,A020,Brive-la-Gaillarde,19100,alexandre.roux_2828@example.fr,Actif
2829,C002829,Chloé,Simon,1951-01-31,2024-02-17,Association,Cadre,6767.43,53,A021,Périgueux,24000,chloe.simon_2829@example.fr,Actif
2830,C002830,Gabriel,Fournier,1988-08-18,2021-10-03,Particulier,Technicien,5522.15,23,A015,La Rochelle,17000,gabriel.fournier_2830@example.fr,Actif
2831,C002831,Thomas,Girard,1983-10-24,2018-10-13,Particulier,Employé,6667.5,74,A003,Mérignac,33700,thomas.girard_2831@example.fr,Actif
2832,C002832,Thomas,Lambert,1963-02-01,2022-02-18,Particulier,Enseignant,2737.46,48,A012,Anglet,64600,thomas.lambert_2832@example.fr,Actif
2833,C002833,Enzo,Fournier,1968-04-05,2025-10-27,Particulier,Étudiant,326.49,38,A021,Périgueux,24000,enzo.fournier_2833@example.fr,Actif
2834,C002834,Léa,Girard,1985-06-14,2021-03-28,Particulier,Retraité,1825.58,54,A003,Mérignac,33700,lea.girard_2834@example.fr,Actif
2835,C002835,Hugo,Fournier,1977-05-19,2017-03-18,Particulier,Employé,1429.77,34,A016,Rochefort,17300,hugo.fournier_2835@example.fr,Actif
2836,C002836,Océane,Mercier,1956-03-12,2021-04-11,Particulier,Étudiant,667.87,52,A019,Limoges,87000,oceane.mercier_2836@example.fr,Actif
2837,C002837,Gabriel,Lambert,1967-06-09,2024-03-31,Particulier,Employé,1115.91,58,A005,Talence,33400,gabriel.lambert_2837@example.fr,Actif
2838,C002838,Noah,Bonnet,1995-08-03,2022-10-19,Particulier,Commerçant,1608.4,55,A007,Arcachon,33120,noah.bonnet_2838@example.fr,Actif
2839,C002839,Chloé,Leroy,1983-12-31,2015-05-28,Particulier,Étudiant,75.31,23,A020,Brive-la-Gaillarde,19100,chloe.leroy_2839@example.fr,Inactif
2840,C002840,Océane,Roux,1950-05-27,2019-01-27,Particulier,Cadre,1852.39,78,A001,Bordeaux,33000,oceane.roux_2840@example.fr,Actif
2841,C002841,Léa,Simon,2000-04-22,2016-05-22,Professionnel,Employé,4267.14,81,A014,Oloron-Sainte-Marie,64400,lea.simon_2841@example.fr,Actif
2842,C002842,Nathan,François,2003-08-18,2021-08-26,Particulier,Cadre,2567.18,49,A009,Pau,64000,nathan.françois_2842@example.fr,Actif
2843,C002843,Nathan,François,1961-12-12,2024-04-15,Particulier,Enseignant,5793.5,50,A018,Poitiers,86000,nathan.françois_2843@example.fr,Actif
2844,C002844,Inès,Thomas,1984-05-25,2018-05-17,Particulier,Employé,2012.77,87,A010,Bayonne,64100,ines.thomas_2844@example.fr,Actif
2845,C002845,Sarah,Morel,1978-01-18,2018-07-11,Particulier,Employé,1210.43,71,A019,Limoges,87000,sarah.morel_2845@example.fr,Actif
2846,C002846,Jade,Michel,2003-12-31,2020-08-02,Professionnel,Retraité,2317.42,58,A017,Niort,79000,jade.michel_2846@example.fr,Actif
2847,C002847,Zoé,Richard,2000-03-02,2023-09-02,Particulier,Profession libérale,2671.83,45,A011,Biarritz,64200,zoe.richard_2847@example.fr,Actif
2848,C002848,Mathis,Simon,1955-09-29,2016-10-28,Professionnel,Retraité,2133.78,95,A013,Orthez,64300,mathis.simon_2848@example.fr,Clos
2849,C002849,Thomas,Legrand,1999-11-20,2022-05-21,particulier,Cadre,6111.67,47,A021,Périgueux,24000,thomas.legrand_2849@example.fr,Actif
2850,C002850,Océane,Petit,1973-02-28,2016-04-13,Particulier,Cadre,3583.04,62,A014,Oloron-Sainte-Marie,64400,oceane.petit_2850@example.fr,Actif
2851,C002851,Hugo,Leroy,2000-08-22,2021-02-21,Particulier,Employé,3747.33,63,A013,Orthez,64300,hugo.leroy_2851@example.fr,Actif
2852,C002852,Amélie,Girard,1996-01-17,2017-07-13,Particulier,Employé,1347.34,45,A006,Libourne,33500,amelie.girard_2852@example.fr,Actif
2853,C002853,Thomas,Dubois,1996-08-22,2017-06-08,Particulier,Employé,2955.87,74,A005,Talence,33400,thomas.dubois_2853@example.fr,Actif
2854,C002854,Sarah,Garcia,1972-11-28,2015-12-19,Particulier,Retraité,2564.27,47,A007,Arcachon,33120,sarah.garcia_2854@example.fr,Actif
2855,C002855,Camille,Durand,1960-12-09,2020-02-23,Particulier,Cadre,1178.72,45,A006,Libourne,33500,camille.durand_2855@example.fr,Actif
2856,C002856,Julien,François,1963-02-09,2019-05-03,Particulier,Employé,6363.35,90,A013,Orthez,64300,julien.françois_2856@example.fr,Actif
2857,C002857,Julien,Bernard,1995-06-05,2019-12-08,Professionnel,Commerçant,7583.54,31,A018,Poitiers,86000,julien.bernard_2857@example.fr,Actif
2858,C002858,Hugo,Martin,1945-03-30,2017-08-09,Particulier,Cadre,4533.85,65,A012,Anglet,64600,hugo.martin_2858@example.fr,Actif
2859,C002859,Noah,Bertrand,1976-06-18,2023-09-17,Particulier,Retraité,3053.96,71,A013,Orthez,64300,noah.bertrand_2859@example.fr,Actif
2860,C002860,Julien,Moreau,1961-04-21,2025-03-26,Particulier,Sans emploi,1322.6,76,A006,Libourne,33500,julien.moreau_2860@example.fr,Actif
2861,C002861,Manon,François,1993-12-20,2015-08-05,Particulier,Agriculteur,5814.91,66,A003,Mérignac,33700,manon.françois_2861@example.fr,Actif
2862,C002862,Sarah,Girard,1981-04-14,2018-05-04,Particulier,Cadre,4557.34,30,A004,Pessac,33600,sarah.girard_2862@example.fr,Actif
2863,C002863,Clara,Thomas,1965-11-26,2015-01-31,Particulier,Retraité,2604.32,55,A011,Biarritz,64200,clara.thomas_2863@example.fr,Actif
2864,C002864,Enzo,Moreau,1950-10-28,2021-11-11,Particulier,Retraité,2872.1,31,A011,Biarritz,64200,enzo.moreau_2864@example.fr,Clos
2865,C002865,Zoé,Bonnet,1960-05-13,2019-01-30,Particulier,Employé,1977.8,40,A007,Arcachon,33120,zoe.bonnet_2865@example.fr,Clos
2866,C002866,Clara,Martinez,1989-02-19,2015-04-06,Particulier,Employé,2509.47,95,A014,Oloron-Sainte-Marie,64400,clara.martinez_2866@example.fr,Actif
2867,C002867,Paul,David,1991-09-30,2017-05-10,Professionnel,Commerçant,4050.24,26,A003,Mérignac,33700,paul.david_2867@example.fr,Actif
2868,C002868,Enzo,Lefebvre,1965-02-05,2016-03-29,Particulier,Enseignant,3882.35,93,A015,La Rochelle,17000,enzo.lefebvre_2868@example.fr,Actif
2869,C002869,Thomas,Martin,1964-10-10,2017-01-28,Particulier,Enseignant,4881.54,69,A009,Pau,64000,thomas.martin_2869@example.fr,Actif
2870,C002870,Julien,Petit,2004-12-21,2021-07-22,Particulier,Retraité,2580.96,82,A008,Langon,33210,julien.petit_2870@example.fr,Actif
2871,C002871,Antoine,Girard,1969-01-19,2019-05-06,Professionnel,Commerçant,8788.55,65,A017,Niort,79000,antoine.girard_2871@example.fr,Actif
2872,C002872,Antoine,Vincent,1950-01-31,2022-11-27,Professionnel,Technicien,3566.05,54,A017,Niort,79000,antoine.vincent_2872@example.fr,Actif
2873,C002873,Inès,Dupont,1994-05-21,2024-11-03,particulier,Employé,2396.35,78,A012,Anglet,64600,ines.dupont_2873@example.fr,Actif
2874,C002874,Thomas,Martin,2002-08-17,2015-07-09,Professionnel,Étudiant,730.64,33,A021,Périgueux,24000,thomas.martin_2874@example.fr,Actif
2875,C002875,Nathan,Leroy,1985-12-24,2026-04-18,Professionnel,Employé,6196.04,87,A010,Bayonne,64100,nathan.leroy_2875@example.fr,Actif
2876,C002876,Élodie,Richard,1950-07-11,2021-03-28,Particulier,Cadre,2954.62,53,A014,Oloron-Sainte-Marie,64400,elodie.richard_2876@example.fr,Inactif
2877,C002877,Thomas,Bonnet,1996-02-22,2015-01-11,Particulier,Retraité,2215.67,65,A009,Pau,64000,thomas.bonnet_2877@example.fr,Inactif
2878,C002878,Chloé,Bertrand,1983-07-15,2017-01-01,Particulier,Profession libérale,4115.27,95,A001,Bordeaux,33000,chloe.bertrand_2878@example.fr,Actif
2879,C002879,Manon,Durand,1957-08-31,2024-04-08,Particulier,Étudiant,1826.48,51,A019,Limoges,87000,manon.durand_2879@example.fr,Inactif
2880,C002880,Jade,Bertrand,1971-06-18,2020-04-22,Particulier,Étudiant,1276.1,59,A004,Pessac,33600,jade.bertrand_2880@example.fr,Actif
2881,C002881,Clara,Fournier,1982-06-06,2024-12-26,Particulier,Retraité,3108.84,79,A015,La Rochelle,17000,clara.fournier_2881@example.fr,Actif
2882,C002882,Manon,François,1965-03-13,2017-03-27,Particulier,Technicien,4944.72,44,A024,Mont-de-Marsan,40000,manon.françois_2882@example.fr,Actif
2883,C002883,Inès,Roux,1987-02-02,2024-09-29,Particulier,Cadre,1479.81,31,A023,Agen,47000,ines.roux_2883@example.fr,Actif
2884,C002884,Paul,Leroy,1962-02-24,2023-10-26,Particulier,Cadre,135.36,50,A025,Dax,40100,paul.leroy_2884@example.fr,Actif
2885,C002885,Gabriel,Girard,1965-11-08,2024-09-28,Particulier,Commerçant,1442.96,62,A015,La Rochelle,17000,gabriel.girard_2885@example.fr,Actif
2886,C002886,Noah,Roux,1963-08-31,2018-02-09,Particulier,Cadre,1025.99,46,A013,Orthez,64300,noah.roux_2886@example.fr,Actif
2887,C002887,Manon,Garcia,1990-01-17,2021-12-11,Professionnel,Cadre,6719.84,36,A013,Orthez,,manon.garcia_2887@example.fr,Actif
2888,C002888,Camille,Martin,1985-11-25,2021-04-16,Professionnel,Enseignant,8128.71,25,A023,Agen,47000,camille.martin_2888@example.fr,Actif
2889,C002889,Jade,David,1991-09-12,2017-06-18,Particulier,Retraité,3867.49,57,A007,Arcachon,33120,jade.david_2889@example.fr,Actif
2890,C002890,Marie,Dupont,1955-01-02,2025-12-10,Particulier,Enseignant,2861.44,33,A025,Dax,40100,marie.dupont_2890@example.fr,Actif
2891,C002891,Camille,Durand,1986-09-09,2016-02-11,Particulier,Enseignant,3690.33,62,A001,Bordeaux,33000,camille.durand_2891@example.fr,Actif
2892,C002892,Zoé,Petit,1969-12-07,2019-04-28,Particulier,Étudiant,888.22,53,A013,Orthez,64300,zoe.petit_2892@example.fr,Actif
2893,C002893,Clara,Legrand,1993-05-05,2019-09-05,Particulier,Commerçant,4575.64,22,A010,Bayonne,64100,clara.legrand_2893@example.fr,Inactif
2894,C002894,Inès,Moreau,1950-02-24,2016-03-27,Particulier,Technicien,3410.7,75,A008,Langon,33210,ines.moreau_2894@example.fr,Actif
2895,C002895,Hugo,Dubois,1997-04-26,2019-04-14,Particulier,Agriculteur,4301.7,31,A005,Talence,33400,hugo.dubois_2895@example.fr,Inactif
2896,C002896,Jade,Lambert,1992-11-12,2018-02-25,Particulier,Technicien,2165.61,61,A006,Libourne,33500,jade.lambert_2896@example.fr,Actif
2897,C002897,Inès,Petit,2004-03-06,2022-07-27,Particulier,Retraité,2344.61,35,A020,Brive-la-Gaillarde,19100,ines.petit_2897@example.fr,Actif
2898,C002898,Camille,Simon,1950-11-29,2018-09-16,Particulier,Employé,4492.83,46,A024,Mont-de-Marsan,,camille.simon_2898@example.fr,Actif
2899,C002899,Thomas,Girard,2002-02-14,2019-05-28,Particulier,Artisan,676.13,95,A015,La Rochelle,17000,thomas.girard_2899@example.fr,Actif
2900,C002900,Noah,Laurent,1966-02-17,2025-02-12,Particulier,Employé,5555.74,62,A013,Orthez,64300,noah.laurent_2900@example.fr,Actif
2901,C002901,Zoé,Lefebvre,1951-09-11,2015-07-26,Particulier,Enseignant,4586.28,57,A025,Dax,40100,zoe.lefebvre_2901@example.fr,Actif
2902,C002902,Amélie,Laurent,1970-12-28,2024-07-04,Particulier,Commerçant,2845.34,40,A013,Orthez,64300,amelie.laurent_2902@example.fr,Actif
2903,C002903,Camille,Laurent,1971-08-17,2025-09-11,Professionnel,Retraité,2317.15,95,A014,Oloron-Sainte-Marie,64400,camille.laurent_2903@example.fr,Actif
2904,C002904,Noah,David,1996-11-07,2016-03-15,Particulier,Étudiant,1096.83,56,A003,Mérignac,33700,noah.david_2904@example.fr,Actif
2905,C002905,Amélie,Bernard,2003-01-22,2015-10-22,Particulier,Cadre,3556.39,36,A024,Mont-de-Marsan,40000,amelie.bernard_2905@example.fr,Inactif
2906,C002906,Camille,Roux,1974-01-17,2021-07-08,Particulier,Étudiant,473.45,35,A014,Oloron-Sainte-Marie,64400,camille.roux_2906@example.fr,Actif
2907,C002907,Chloé,Garcia,1964-10-13,2022-04-09,Particulier,Cadre,2049.14,36,A019,Limoges,87000,chloe.garcia_2907@example.fr,Actif
2908,C002908,Élodie,Bertrand,1953-11-08,2024-10-12,particulier,Enseignant,455.78,48,A023,Agen,47000,elodie.bertrand_2908@example.fr,Inactif
2909,C002909,Hugo,Durand,1997-11-29,2023-02-07,Particulier,Enseignant,5493.84,55,A007,Arcachon,33120,hugo.durand_2909@example.fr,Actif
2910,C002910,Zoé,Bertrand,1963-09-10,2018-12-10,Particulier,Étudiant,0.0,56,A016,Rochefort,17300,zoe.bertrand_2910@example.fr,Actif
2911,C002911,Clara,Laurent,1956-10-08,2024-01-10,Particulier,Profession libérale,3034.37,39,A016,Rochefort,17300,clara.laurent_2911@example.fr,Actif
2912,C002912,Enzo,Robert,1958-02-18,2021-01-29,Particulier,Enseignant,568.78,32,A006,Libourne,33500,enzo.robert_2912@example.fr,Actif
2913,C002913,Jade,Lambert,1946-09-15,2015-10-08,Particulier,Étudiant,1006.47,53,A023,Agen,47000,jade.lambert_2913@example.fr,Actif
2914,C002914,Thomas,Martin,1952-01-27,2016-12-17,Particulier,Employé,3340.35,42,A007,Arcachon,33120,thomas.martin_2914@example.fr,Actif
2915,C002915,Jade,Martin,1985-05-09,2023-09-07,Particulier,Employé,4370.45,34,A002,Bordeaux,33300,jade.martin_2915@example.fr,Actif
2916,C002916,Paul,Legrand,2004-08-23,2023-03-11,Particulier,Cadre,472.27,55,A013,Orthez,64300,paul.legrand_2916@example.fr,Actif
2917,C002917,Hugo,Bertrand,1962-07-16,2016-04-19,Particulier,Technicien,3931.08,56,A005,Talence,33400,hugo.bertrand_2917@example.fr,Actif
2918,C002918,Gabriel,Girard,2002-03-04,2022-11-10,Particulier,Employé,4283.55,48,A014,Oloron-Sainte-Marie,64400,gabriel.girard_2918@example.fr,Actif
2919,C002919,Inès,Leroy,1977-02-14,2017-09-14,Particulier,Technicien,6152.06,57,A008,Langon,33210,ines.leroy_2919@example.fr,Actif
2920,C002920,Inès,David,1953-07-16,2026-02-19,Particulier,Employé,2779.72,33,A022,Bergerac,24100,ines.david_2920@example.fr,Actif
2921,C002921,Sarah,Bonnet,1981-05-10,2018-08-20,Particulier,Enseignant,1807.15,47,A014,Oloron-Sainte-Marie,64400,sarah.bonnet_2921@example.fr,Actif
2922,C002922,Zoé,François,1980-11-25,2015-09-11,Professionnel,Étudiant,1099.1,53,A023,Agen,47000,zoe.françois_2922@example.fr,Actif
2923,C002923,Alexandre,Moreau,2004-12-02,2026-03-29,Particulier,Technicien,2724.03,85,A008,Langon,33210,alexandre.moreau_2923@example.fr,Actif
2924,C002924,Océane,Petit,1957-02-15,2017-05-25,Particulier,Artisan,2585.29,50,A013,Orthez,64300,oceane.petit_2924@example.fr,Inactif
2925,C002925,Élodie,Fournier,1998-08-22,2023-03-13,Particulier,Retraité,2671.01,47,A024,Mont-de-Marsan,40000,elodie.fournier_2925@example.fr,Clos
2926,C002926,Amélie,Durand,2002-01-17,2017-08-26,Particulier,Retraité,1845.78,40,A016,Rochefort,17300,amelie.durand_2926@example.fr,Actif
2927,C002927,Amélie,Lambert,1985-02-11,2016-03-22,Particulier,Employé,5187.29,50,A017,Niort,79000,amelie.lambert_2927@example.fr,Actif
2928,C002928,Inès,Martin,1959-02-23,2018-04-01,Particulier,Employé,1193.28,57,A005,Talence,33400,ines.martin_2928@example.fr,Actif
2929,C002929,Hugo,Leroy,1997-04-19,2024-05-09,Particulier,Employé,1170.55,61,A006,Libourne,33500,hugo.leroy_2929@example.fr,Actif
2930,C002930,Jade,Legrand,1964-01-31,2021-02-22,Particulier,Enseignant,1394.21,67,A016,Rochefort,17300,jade.legrand_2930@example.fr,Actif
2931,C002931,Manon,Fournier,1991-07-29,2023-08-27,Particulier,Cadre,3684.16,86,A005,Talence,33400,manon.fournier_2931@example.fr,Actif
2932,C002932,Chloé,Garcia,1967-05-27,2021-09-22,Association,Retraité,900.0,65,A020,Brive-la-Gaillarde,19100,chloe.garcia_2932@example.fr,Actif
2933,C002933,Emma,Michel,1975-01-04,2021-01-25,Particulier,Commerçant,0.0,26,A022,Bergerac,24100,emma.michel_2933@example.fr,Actif
2934,C002934,Thomas,David,1979-06-05,2022-01-04,Particulier,Cadre,2060.74,42,A003,Mérignac,33700,thomas.david_2934@example.fr,Actif
2935,C002935,Inès,Garcia,1993-02-15,2016-08-27,Particulier,Retraité,1833.25,43,A014,Oloron-Sainte-Marie,64400,ines.garcia_2935@example.fr,Actif
2936,C002936,Nathan,Dubois,1947-07-17,2017-05-12,Particulier,Employé,3544.94,84,A025,Dax,40100,nathan.dubois_2936@example.fr,Actif
2937,C002937,Sarah,François,1981-12-30,2021-09-09,Particulier,Commerçant,2450.98,55,A002,Bordeaux,33300,sarah.françois_2937@example.fr,Actif
2938,C002938,Emma,Bonnet,1998-08-21,2018-04-30,Particulier,Commerçant,5090.03,73,A002,Bordeaux,33300,emma.bonnet_2938@example.fr,Actif
2939,C002939,Alexandre,Roux,1982-12-14,2023-01-04,Particulier,Employé,3201.82,57,A016,Rochefort,17300,alexandre.roux_2939@example.fr,Actif
2940,C002940,Sarah,Petit,2004-08-10,2024-09-03,Particulier,Retraité,3375.53,47,A002,Bordeaux,33300,sarah.petit_2940@example.fr,Clos
2941,C002941,Paul,Morel,1969-06-28,2015-02-13,Particulier,Retraité,1604.08,45,A017,Niort,79000,paul.morel_2941@example.fr,Actif
2942,C002942,Chloé,Robert,1972-10-30,2017-12-01,Particulier,Sans emploi,2194.13,71,A008,Langon,33210,chloe.robert_2942@example.fr,Actif
2943,C002943,Océane,Richard,1999-04-03,2016-12-15,Particulier,Retraité,2710.51,22,A008,Langon,33210,oceane.richard_2943@example.fr,Actif
2944,C002944,Léa,François,1996-03-14,2018-06-17,Particulier,Étudiant,0.0,46,A015,La Rochelle,17000,lea.françois_2944@example.fr,Actif
2945,C002945,Chloé,Richard,1986-04-10,2019-06-08,Particulier,Employé,5418.54,71,A012,Anglet,64600,chloe.richard_2945@example.fr,Actif
2946,C002946,Julien,Leroy,1997-04-11,2023-08-09,Particulier,Enseignant,2422.55,68,A007,Arcachon,33120,julien.leroy_2946@example.fr,Actif
2947,C002947,Zoé,Robert,1999-05-02,2017-04-10,Particulier,Employé,202.16,40,A020,Brive-la-Gaillarde,19100,zoe.robert_2947@example.fr,Actif
2948,C002948,Paul,Leroy,2001-06-04,2023-08-12,Particulier,Retraité,2101.19,50,A025,Dax,40100,paul.leroy_2948@example.fr,Actif
2949,C002949,Zoé,Mercier,1975-05-11,2016-07-15,Particulier,Enseignant,3407.3,88,A018,Poitiers,86000,zoe.mercier_2949@example.fr,Actif
2950,C002950,Chloé,Martinez,1950-06-03,2019-06-10,Particulier,Retraité,2620.04,49,A006,Libourne,33500,chloe.martinez_2950@example.fr,Actif
2951,C002951,Sarah,Bonnet,1965-09-20,2023-10-05,Particulier,Employé,469.54,50,A022,Bergerac,24100,sarah.bonnet_2951@example.fr,Actif
2952,C002952,Paul,Bonnet,1945-12-09,2021-07-11,Particulier,Technicien,900.25,91,A004,Pessac,33600,paul.bonnet_2952@example.fr,Actif
2953,C002953,Lucas,Garcia,1966-08-26,2018-08-11,Particulier,Employé,4101.27,28,A025,Dax,40100,lucas.garcia_2953@example.fr,Inactif
2954,C002954,Clara,Lefebvre,1982-09-27,2018-02-21,Particulier,Profession libérale,3826.99,63,A001,Bordeaux,33000,clara.lefebvre_2954@example.fr,Actif
2955,C002955,Emma,Robert,1983-02-12,2018-10-30,Particulier,Artisan,794.74,43,A013,Orthez,64300,emma.robert_2955@example.fr,Actif
2956,C002956,Noah,Fournier,1994-11-24,2026-05-14,Particulier,Profession libérale,3667.0,36,A007,Arcachon,33120,noah.fournier_2956@example.fr,Actif
2957,C002957,Zoé,Legrand,1997-07-31,2023-12-25,Particulier,Retraité,2312.0,36,A011,Biarritz,64200,zoe.legrand_2957@example.fr,Clos
2958,C002958,Manon,Dupont,1962-03-12,2017-03-13,Particulier,Étudiant,0.0,62,A025,Dax,40100,manon.dupont_2958@example.fr,Inactif
2959,C002959,Camille,Vincent,1956-02-12,2015-07-11,Professionnel,Employé,5473.9,37,A015,La Rochelle,17000,camille.vincent_2959@example.fr,Actif
2960,C002960,Mathis,Fournier,1976-09-25,2024-11-26,Particulier,Cadre,0.0,62,A018,Poitiers,86000,mathis.fournier_2960@example.fr,Actif
2961,C002961,Emma,Leroy,1960-06-04,2025-05-05,Particulier,Enseignant,5582.23,60,A005,Talence,33400,emma.leroy_2961@example.fr,Actif
2962,C002962,Noah,Petit,1976-04-19,2026-01-11,Particulier,Enseignant,2740.59,33,A015,La Rochelle,17000,noah.petit_2962@example.fr,Inactif
2963,C002963,Paul,Lambert,1962-06-22,2016-05-22,Particulier,Artisan,2017.48,69,A017,Niort,79000,paul.lambert_2963@example.fr,Actif
2964,C002964,Gabriel,Moreau,2001-07-30,2023-11-11,Particulier,Cadre,2364.06,43,A023,Agen,,gabriel.moreau_2964@example.fr,Actif
2965,C002965,Élodie,Laurent,1982-05-20,2023-07-02,Particulier,Commerçant,2041.36,57,A007,Arcachon,33120,elodie.laurent_2965@example.fr,Actif
2966,C002966,Élodie,Lefebvre,1945-06-14,2020-07-12,Professionnel,Commerçant,5163.91,47,A008,Langon,33210,elodie.lefebvre_2966@example.fr,Actif
2967,C002967,Camille,Legrand,2000-06-22,2015-02-22,Particulier,Profession libérale,3498.36,54,A004,Pessac,33600,camille.legrand_2967@example.fr,Actif
2968,C002968,Chloé,Mercier,2001-09-18,2026-01-31,Professionnel,Employé,5160.95,63,A018,Poitiers,86000,chloe.mercier_2968@example.fr,Actif
2969,C002969,Alexandre,Bertrand,1967-07-29,2024-01-27,Particulier,Employé,2980.96,27,A007,Arcachon,33120,alexandre.bertrand_2969@example.fr,Actif
2970,C002970,Manon,François,1951-04-03,2024-11-23,Professionnel,Artisan,4673.0,61,A013,Orthez,64300,manon.françois_2970@example.fr,Actif
2971,C002971,Nathan,Garcia,1996-10-15,2019-10-06,Particulier,Commerçant,2311.26,55,A012,Anglet,64600,nathan.garcia_2971@example.fr,Actif
2972,C002972,Emma,Bertrand,1990-12-21,2018-03-11,Association,Employé,5701.6,44,A012,Anglet,64600,emma.bertrand_2972@example.fr,Actif
2973,C002973,Jade,Richard,1979-07-14,2016-01-07,Particulier,Employé,5739.31,65,A014,Oloron-Sainte-Marie,64400,jade.richard_2973@example.fr,Inactif
2974,C002974,Sarah,Bonnet,1986-03-16,2025-03-27,Particulier,Retraité,3351.48,76,A020,Brive-la-Gaillarde,19100,sarah.bonnet_2974@example.fr,Actif
2975,C002975,Inès,Morel,2001-03-13,2017-03-09,Professionnel,Retraité,1305.79,41,A020,Brive-la-Gaillarde,19100,ines.morel_2975@example.fr,Actif
2976,C002976,Paul,Girard,1976-06-23,2023-06-04,Particulier,Cadre,3209.82,31,A012,Anglet,64600,paul.girard_2976@example.fr,Actif
2977,C002977,Paul,Morel,1992-09-06,2018-11-05,Particulier,Employé,3335.39,42,A010,Bayonne,64100,paul.morel_2977@example.fr,Actif
2978,C002978,Lucas,Dupont,1993-05-14,2021-03-12,Particulier,Retraité,2422.83,70,A018,Poitiers,86000,lucas.dupont_2978@example.fr,Actif
2979,C002979,Nathan,Roux,1950-07-23,2021-09-17,Particulier,Artisan,3299.68,29,A022,Bergerac,24100,nathan.roux_2979@example.fr,Actif
2980,C002980,Clara,Legrand,1989-02-07,2016-09-20,Particulier,Profession libérale,2228.03,29,A021,Périgueux,24000,clara.legrand_2980@example.fr,Actif
2981,C002981,Antoine,Moreau,1966-01-03,2015-07-19,Particulier,Employé,0.0,94,A002,Bordeaux,33300,antoine.moreau_2981@example.fr,Actif
2982,C002982,Noah,Martin,1992-01-18,2018-12-25,Particulier,Retraité,2836.42,60,A005,Talence,33400,noah.martin_2982@example.fr,Actif
2983,C002983,Paul,Leroy,1978-05-21,2019-06-19,Particulier,Employé,1745.04,47,A024,Mont-de-Marsan,40000,paul.leroy_2983@example.fr,Actif
2984,C002984,Léa,David,1962-05-29,2021-01-11,Particulier,Employé,771.6,70,A013,Orthez,64300,lea.david_2984@example.fr,Actif
2985,C002985,Camille,Dupont,1974-07-06,2022-12-05,Particulier,Retraité,2639.92,40,A024,Mont-de-Marsan,40000,camille.dupont_2985@example.fr,Actif
2986,C002986,Élodie,Lambert,1958-02-22,2021-09-16,Particulier,Artisan,3277.65,51,A006,Libourne,33500,elodie.lambert_2986@example.fr,Actif
2987,C002987,Emma,André,1998-10-31,2016-07-28,Particulier,Étudiant,994.9,63,A015,La Rochelle,17000,emma.andré_2987@example.fr,Inactif
2988,C002988,Chloé,Dupont,1977-10-16,2015-10-02,Particulier,Profession libérale,4852.15,55,A010,Bayonne,64100,chloe.dupont_2988@example.fr,Actif
2989,C002989,Enzo,Simon,1998-12-28,2016-07-19,Association,Technicien,6552.37,49,A020,Brive-la-Gaillarde,19100,enzo.simon_2989@example.fr,Actif
2990,C002990,Manon,Simon,1954-03-15,2023-03-20,Particulier,Employé,2942.77,44,A012,Anglet,64600,manon.simon_2990@example.fr,Actif
2991,C002991,Lucas,Garcia,1984-06-09,2020-01-08,Particulier,Cadre,3580.76,53,A002,Bordeaux,33300,lucas.garcia_2991@example.fr,Actif
2992,C002992,Gabriel,Thomas,1957-06-09,2024-09-18,Professionnel,Enseignant,2961.64,33,A018,Poitiers,86000,gabriel.thomas_2992@example.fr,Inactif
2993,C002993,Hugo,André,1953-11-18,2020-01-19,Professionnel,Cadre,7781.92,22,A019,Limoges,87000,hugo.andré_2993@example.fr,Actif
2994,C002994,Emma,Moreau,1996-01-16,2018-09-28,Particulier,Retraité,1581.81,27,A024,Mont-de-Marsan,40000,emma.moreau_2994@example.fr,Actif
2995,C002995,Camille,Moreau,1982-08-01,2019-10-30,Particulier,Artisan,5660.38,53,A010,Bayonne,64100,camille.moreau_2995@example.fr,Actif
2996,C002996,Emma,Mercier,1987-01-20,2015-01-29,Particulier,Employé,4475.08,78,A013,Orthez,64300,emma.mercier_2996@example.fr,Actif
2997,C002997,Mathis,Roux,1995-05-09,2025-02-03,Particulier,Artisan,331.75,20,A017,Niort,79000,mathis.roux_2997@example.fr,Actif
2998,C002998,Antoine,André,1990-02-26,2019-10-31,Particulier,Employé,4720.79,46,A024,Mont-de-Marsan,40000,antoine.andré_2998@example.fr,Actif
2999,C002999,Alexandre,Morel,2002-06-16,2025-09-10,Particulier,Employé,1092.85,45,A007,Arcachon,33120,alexandre.morel_2999@example.fr,Actif
3000,C003000,Paul,Michel,1987-07-22,2025-12-09,Particulier,Cadre,2899.73,58,A025,Dax,40100,paul.michel_3000@example.fr,Actif
3001,C003001,Emma,Lambert,1990-04-15,2016-11-28,Particulier,Employé,6044.61,67,A016,Rochefort,17300,emma.lambert_3001@example.fr,Actif
3002,C003002,Emma,Petit,1997-02-17,2025-05-17,Professionnel,Cadre,2640.65,71,A013,Orthez,64300,emma.petit_3002@example.fr,Actif
3003,C003003,Lucas,Richard,1981-02-21,2019-12-15,Particulier,Employé,3585.79,30,A018,Poitiers,86000,lucas.richard_3003@example.fr,Actif
3004,C003004,Marie,Richard,1980-08-03,2021-11-05,Particulier,Retraité,2740.29,73,A008,Langon,33210,marie.richard_3004@example.fr,Actif
3005,C003005,Enzo,Michel,2002-10-03,2023-02-25,Particulier,Cadre,395.59,49,A010,Bayonne,64100,enzo.michel_3005@example.fr,Clos
3006,C003006,Océane,Girard,1955-12-22,2021-02-12,Particulier,Artisan,0.0,49,A017,Niort,79000,oceane.girard_3006@example.fr,Actif
3007,C003007,Sarah,Lefebvre,1960-04-01,2020-06-25,Particulier,Retraité,1981.01,47,A007,Arcachon,33120,sarah.lefebvre_3007@example.fr,Actif
3008,C003008,Antoine,Bernard,1962-02-09,2021-02-01,Particulier,Étudiant,622.72,28,A004,Pessac,33600,antoine.bernard_3008@example.fr,Actif
3009,C003009,Lucas,Bertrand,1953-12-30,2017-05-11,Professionnel,Profession libérale,4465.92,69,A016,Rochefort,17300,lucas.bertrand_3009@example.fr,Actif
3010,C003010,Léa,François,2004-05-31,2016-10-30,Particulier,Employé,5735.59,47,A002,Bordeaux,33300,lea.françois_3010@example.fr,Actif
3011,C003011,Emma,Durand,1978-09-17,2024-07-29,Professionnel,Étudiant,1106.03,63,A021,Périgueux,24000,emma.durand_3011@example.fr,Actif
3012,C003012,Julien,Robert,1987-02-19,2021-06-30,Professionnel,Étudiant,109.11,35,A005,Talence,33400,julien.robert_3012@example.fr,Actif
3013,C003013,Marie,François,1988-02-21,2019-09-25,Particulier,Employé,1422.12,47,A011,Biarritz,64200,marie.françois_3013@example.fr,Actif
3014,C003014,Alexandre,Richard,1965-09-29,2017-09-08,Particulier,Agriculteur,4443.05,75,A021,Périgueux,24000,alexandre.richard_3014@example.fr,Actif
3015,C003015,Sarah,Dupont,1945-02-22,2022-02-22,Association,Artisan,2868.31,54,A003,Mérignac,33700,sarah.dupont_3015@example.fr,Actif
3016,C003016,Sarah,François,1950-01-29,2024-07-13,Particulier,Employé,3336.1,37,A011,Biarritz,64200,sarah.françois_3016@example.fr,Actif
3017,C003017,Mathis,Lambert,1954-02-26,2019-03-29,Particulier,Employé,938.76,75,A010,Bayonne,64100,mathis.lambert_3017@example.fr,Actif
3018,C003018,Julien,Thomas,1995-08-23,2021-08-17,Particulier,Cadre,7045.2,33,A025,Dax,40100,julien.thomas_3018@example.fr,Actif
3019,C003019,Amélie,Lambert,1967-09-16,2025-10-19,Particulier,Employé,3222.88,62,A017,Niort,79000,amelie.lambert_3019@example.fr,Actif
3020,C003020,Zoé,Laurent,1966-03-31,2020-09-07,Particulier,Commerçant,1909.4,42,A013,Orthez,64300,zoe.laurent_3020@example.fr,Actif
3021,C003021,Emma,Vincent,1960-07-18,2021-12-25,Professionnel,Employé,5598.89,54,A024,Mont-de-Marsan,40000,emma.vincent_3021@example.fr,Actif
3022,C003022,Chloé,Laurent,1993-11-11,2020-03-13,Particulier,Étudiant,1599.34,81,A011,Biarritz,64200,chloe.laurent_3022@example.fr,Actif
3023,C003023,Nathan,Dubois,1984-04-05,2016-12-25,Particulier,Cadre,5763.6,57,A004,Pessac,33600,nathan.dubois_3023@example.fr,Actif
3024,C003024,Antoine,Durand,2002-10-02,2026-06-02,Particulier,Cadre,0.0,45,A011,Biarritz,64200,antoine.durand_3024@example.fr,Actif
3025,C003025,Nathan,Fournier,1991-04-30,2023-07-09,Particulier,Sans emploi,6299.95,50,A023,Agen,47000,nathan.fournier_3025@example.fr,Actif
3026,C003026,Julien,Bonnet,1984-07-24,2023-07-15,Association,Employé,5922.35,64,A022,Bergerac,24100,julien.bonnet_3026@example.fr,Actif
3027,C003027,Sarah,Dupont,1999-08-24,2023-11-07,Association,Employé,5179.36,64,A007,Arcachon,33120,sarah.dupont_3027@example.fr,Actif
3028,C003028,Mathis,Dupont,1961-04-04,2020-03-16,Particulier,Employé,1230.09,63,A018,Poitiers,86000,mathis.dupont_3028@example.fr,Actif
3029,C003029,Paul,Bertrand,1999-03-30,2023-03-05,Particulier,Retraité,1494.94,52,A015,La Rochelle,17000,paul.bertrand_3029@example.fr,Actif
3030,C003030,Enzo,Simon,1983-05-26,2023-08-06,Particulier,Cadre,4388.41,39,A021,Périgueux,24000,enzo.simon_3030@example.fr,Actif
3031,C003031,Sarah,Laurent,1988-01-31,2015-12-27,Particulier,Employé,3177.48,69,A016,Rochefort,17300,sarah.laurent_3031@example.fr,Actif
3032,C003032,Chloé,Durand,1999-10-11,2020-03-15,Particulier,Employé,1955.7,50,A011,Biarritz,64200,chloe.durand_3032@example.fr,Actif
3033,C003033,Camille,Moreau,1983-09-20,2021-10-22,Particulier,Commerçant,5494.46,41,A019,Limoges,87000,camille.moreau_3033@example.fr,Actif
3034,C003034,Manon,Dubois,1948-01-03,2025-12-14,particulier,Cadre,4044.41,60,A025,Dax,40100,manon.dubois_3034@example.fr,Actif
3035,C003035,Alexandre,Lambert,1947-06-20,2022-10-31,Professionnel,Employé,5961.85,47,A015,La Rochelle,17000,alexandre.lambert_3035@example.fr,Actif
3036,C003036,Alexandre,Bonnet,1961-07-08,2018-07-02,Particulier,Commerçant,2559.52,85,A011,Biarritz,64200,alexandre.bonnet_3036@example.fr,Actif
3037,C003037,Thomas,Richard,1997-04-05,2022-10-29,Particulier,Retraité,2851.43,60,A003,Mérignac,33700,thomas.richard_3037@example.fr,Actif
3038,C003038,Océane,Richard,1951-11-06,2026-04-05,Particulier,Agriculteur,5095.95,64,A002,Bordeaux,33300,oceane.richard_3038@example.fr,Actif
3039,C003039,Camille,Durand,1949-08-29,2024-03-09,Particulier,Artisan,1932.92,59,A023,Agen,47000,camille.durand_3039@example.fr,Actif
3040,C003040,Élodie,Bonnet,1972-04-20,2017-01-18,Particulier,Cadre,3116.79,64,A014,Oloron-Sainte-Marie,64400,elodie.bonnet_3040@example.fr,Actif
3041,C003041,Enzo,Robert,1967-11-01,2015-02-28,Particulier,Commerçant,2229.01,67,A020,Brive-la-Gaillarde,19100,enzo.robert_3041@example.fr,Actif
3042,C003042,Enzo,Morel,1964-06-10,2021-02-09,Particulier,Employé,3992.08,64,A010,Bayonne,64100,enzo.morel_3042@example.fr,Actif
3043,C003043,Élodie,André,1962-04-01,2023-07-29,Particulier,Cadre,2129.94,34,A003,Mérignac,33700,elodie.andré_3043@example.fr,Actif
3044,C003044,Lucas,Durand,1951-07-01,2024-12-21,Professionnel,Étudiant,798.06,44,A001,Bordeaux,33000,lucas.durand_3044@example.fr,Actif
3045,C003045,Antoine,André,1974-10-09,2020-01-16,Professionnel,Technicien,5030.81,43,A022,Bergerac,24100,antoine.andré_3045@example.fr,Inactif
3046,C003046,Nathan,Robert,1956-09-09,2015-01-03,Particulier,Agriculteur,2818.69,18,A014,Oloron-Sainte-Marie,64400,nathan.robert_3046@example.fr,Actif
3047,C003047,Gabriel,Petit,2004-11-05,2020-04-13,Particulier,Technicien,3321.81,22,A011,Biarritz,64200,gabriel.petit_3047@example.fr,Actif
3048,C003048,Manon,Laurent,1960-09-25,2016-03-22,Particulier,Cadre,3227.8,34,A016,Rochefort,17300,manon.laurent_3048@example.fr,Actif
3049,C003049,Marie,Martin,1977-03-05,2024-03-28,Particulier,Commerçant,4429.33,59,A011,Biarritz,64200,marie.martin_3049@example.fr,Inactif
3050,C003050,Zoé,Bertrand,2004-03-14,2018-11-05,Professionnel,Employé,4007.84,73,A003,Mérignac,33700,zoe.bertrand_3050@example.fr,Actif
3051,C003051,Océane,Morel,1949-10-07,2017-01-29,Particulier,Enseignant,1619.79,56,A022,Bergerac,24100,oceane.morel_3051@example.fr,Actif
3052,C003052,Sarah,Dubois,1991-12-12,2015-02-12,Particulier,Profession libérale,906.62,68,A001,Bordeaux,33000,sarah.dubois_3052@example.fr,Actif
3053,C003053,Amélie,Thomas,1994-03-11,2025-11-16,Professionnel,Retraité,2052.96,37,A024,Mont-de-Marsan,40000,amelie.thomas_3053@example.fr,Actif
3054,C003054,Sarah,Laurent,1960-06-20,2024-09-04,Particulier,Employé,1310.44,63,A016,Rochefort,17300,sarah.laurent_3054@example.fr,Actif
3055,C003055,Gabriel,Martin,1987-04-16,2021-09-25,Particulier,Technicien,3689.47,45,A016,Rochefort,17300,gabriel.martin_3055@example.fr,Clos
3056,C003056,Jade,Morel,1998-08-22,2017-06-18,Particulier,Employé,2412.26,42,A019,Limoges,87000,jade.morel_3056@example.fr,Actif
3057,C003057,Nathan,Durand,1999-12-10,2024-12-03,Particulier,Retraité,2163.02,47,A014,Oloron-Sainte-Marie,64400,nathan.durand_3057@example.fr,Actif
3058,C003058,Zoé,Simon,1999-05-08,2024-04-24,Professionnel,Employé,6155.81,56,A005,Talence,33400,zoe.simon_3058@example.fr,Actif
3059,C003059,Chloé,Thomas,1951-03-02,2017-10-23,Particulier,Technicien,5181.47,50,A019,Limoges,87000,chloe.thomas_3059@example.fr,Actif
3060,C003060,Manon,André,1947-06-05,2017-10-24,Particulier,Profession libérale,5981.38,51,A024,Mont-de-Marsan,40000,manon.andré_3060@example.fr,Actif
3061,C003061,Alexandre,Lambert,1965-04-10,2022-11-06,Particulier,Employé,5572.29,68,A023,Agen,47000,alexandre.lambert_3061@example.fr,Actif
3062,C003062,Inès,François,1954-01-27,2024-03-08,Particulier,Profession libérale,2374.89,39,A016,Rochefort,17300,ines.françois_3062@example.fr,Actif
3063,C003063,Antoine,Simon,1979-12-22,2025-09-05,Particulier,Retraité,2522.28,47,A009,Pau,64000,antoine.simon_3063@example.fr,Inactif
3064,C003064,Hugo,David,1967-04-02,2017-12-04,Particulier,Retraité,2825.56,27,A001,Bordeaux,33000,hugo.david_3064@example.fr,Actif
3065,C003065,Marie,Dupont,2003-07-03,2017-06-18,Particulier,Employé,5470.12,46,A013,Orthez,64300,marie.dupont_3065@example.fr,Actif
3066,C003066,Nathan,Garcia,1999-05-23,2021-10-30,Professionnel,Technicien,4877.82,62,A022,Bergerac,24100,nathan.garcia_3066@example.fr,Actif
3067,C003067,Océane,André,1956-09-18,2023-02-18,Professionnel,Enseignant,4639.83,71,A019,Limoges,87000,oceane.andré_3067@example.fr,Actif
3068,C003068,Julien,Leroy,1966-07-22,2021-05-03,Professionnel,Technicien,2883.19,53,A012,Anglet,64600,julien.leroy_3068@example.fr,Actif
3069,C003069,Emma,François,1969-06-06,2025-04-16,Particulier,Artisan,2096.11,32,A021,Périgueux,24000,emma.françois_3069@example.fr,Actif
3070,C003070,Océane,Richard,1991-02-12,2020-11-19,particulier,Technicien,1955.29,36,A024,Mont-de-Marsan,40000,oceane.richard_3070@example.fr,Actif
3071,C003071,Nathan,Richard,1996-09-06,2016-09-11,Particulier,Cadre,0.0,59,A025,Dax,40100,nathan.richard_3071@example.fr,Clos
3072,C003072,Thomas,Garcia,1953-02-10,2017-04-18,Particulier,Artisan,3214.69,39,A023,Agen,47000,thomas.garcia_3072@example.fr,Actif
3073,C003073,Marie,Girard,1949-12-14,2023-12-26,Particulier,Étudiant,687.66,80,A014,Oloron-Sainte-Marie,64400,marie.girard_3073@example.fr,Actif
3074,C003074,Inès,Petit,1975-10-27,2019-10-24,Particulier,Retraité,2583.95,38,A015,La Rochelle,17000,ines.petit_3074@example.fr,Actif
3075,C003075,Emma,Laurent,1989-08-17,2021-05-10,Professionnel,Artisan,6285.18,58,A008,Langon,33210,emma.laurent_3075@example.fr,Actif
3076,C003076,Zoé,Legrand,1952-08-12,2020-01-09,Particulier,Cadre,1534.43,48,A022,Bergerac,24100,zoe.legrand_3076@example.fr,Actif
3077,C003077,Manon,Roux,1951-02-12,2018-02-24,Particulier,Étudiant,1264.93,78,A002,Bordeaux,33300,manon.roux_3077@example.fr,Actif
3078,C003078,Thomas,Mercier,1947-08-23,2025-11-28,Particulier,Employé,4717.26,50,A010,Bayonne,64100,thomas.mercier_3078@example.fr,Actif
3079,C003079,Gabriel,Petit,1952-07-16,2016-11-01,Particulier,Technicien,2078.37,45,A023,Agen,47000,gabriel.petit_3079@example.fr,Actif
3080,C003080,Hugo,David,1949-08-09,2020-04-09,Particulier,Étudiant,787.96,50,A014,Oloron-Sainte-Marie,64400,hugo.david_3080@example.fr,Actif
3081,C003081,Jade,Dubois,1997-03-24,2018-08-25,Professionnel,Cadre,4968.81,35,A004,Pessac,33600,jade.dubois_3081@example.fr,Actif
3082,C003082,Marie,Fournier,1959-05-31,2026-01-08,Particulier,Agriculteur,1555.1,57,A010,Bayonne,64100,marie.fournier_3082@example.fr,Actif
3083,C003083,Noah,Roux,1981-05-03,2022-04-02,Particulier,Employé,3890.68,65,A005,Talence,33400,noah.roux_3083@example.fr,Actif
3084,C003084,Manon,Morel,1949-05-06,2021-05-28,Particulier,Cadre,1294.86,68,A023,Agen,47000,manon.morel_3084@example.fr,Actif
3085,C003085,Alexandre,Dubois,1993-05-16,2016-07-24,Particulier,Retraité,2269.37,60,A018,Poitiers,86000,alexandre.dubois_3085@example.fr,Inactif
3086,C003086,Noah,Girard,1996-11-02,2016-04-04,Particulier,Étudiant,687.98,34,A014,Oloron-Sainte-Marie,64400,noah.girard_3086@example.fr,Actif
3087,C003087,Lucas,Petit,1984-11-16,2020-04-23,Professionnel,Retraité,2312.06,42,A019,Limoges,87000,lucas.petit_3087@example.fr,Actif
3088,C003088,Jade,Legrand,1985-04-13,2016-01-03,Particulier,Employé,0.0,55,A023,Agen,47000,jade.legrand_3088@example.fr,Actif
3089,C003089,Paul,Petit,1984-12-24,2021-02-26,Particulier,Cadre,1746.27,43,A022,Bergerac,24100,paul.petit_3089@example.fr,Actif
3090,C003090,Paul,Bonnet,1992-02-06,2017-10-13,Particulier,Cadre,3540.58,28,A020,Brive-la-Gaillarde,19100,paul.bonnet_3090@example.fr,Actif
3091,C003091,Océane,Lefebvre,1979-03-10,2023-03-20,Particulier,Employé,2627.17,43,A011,Biarritz,64200,oceane.lefebvre_3091@example.fr,Actif
3092,C003092,Antoine,Leroy,1968-07-07,2024-03-28,Particulier,Commerçant,471.93,24,A008,Langon,33210,antoine.leroy_3092@example.fr,Inactif
3093,C003093,Antoine,Leroy,1955-06-15,2015-03-30,Particulier,Commerçant,1057.9,59,A013,Orthez,64300,antoine.leroy_3093@example.fr,Actif
3094,C003094,Amélie,Richard,2002-06-23,2021-05-22,Particulier,Commerçant,1000.64,45,A004,Pessac,33600,amelie.richard_3094@example.fr,Actif
3095,C003095,Emma,Leroy,1945-06-01,2024-05-10,Professionnel,Artisan,6664.88,40,A010,Bayonne,64100,emma.leroy_3095@example.fr,Actif
3096,C003096,Inès,Robert,1958-10-30,2019-06-27,Association,Profession libérale,8301.01,38,A010,Bayonne,64100,ines.robert_3096@example.fr,Actif
3097,C003097,Jade,Leroy,1973-02-19,2018-11-19,Particulier,Artisan,3677.3,52,A018,Poitiers,86000,jade.leroy_3097@example.fr,Actif
3098,C003098,Noah,Durand,1989-09-06,2024-08-26,Particulier,Retraité,1817.23,67,A021,Périgueux,24000,noah.durand_3098@example.fr,Actif
3099,C003099,Nathan,André,1966-10-31,2024-11-26,Particulier,Artisan,2770.97,56,A005,Talence,33400,nathan.andré_3099@example.fr,Actif
3100,C003100,Amélie,Fournier,1985-06-02,2023-08-14,Particulier,Enseignant,720.26,23,A003,Mérignac,33700,amelie.fournier_3100@example.fr,Actif
3101,C003101,Océane,Mercier,1996-04-30,2016-09-01,Professionnel,Enseignant,4431.63,49,A007,Arcachon,33120,oceane.mercier_3101@example.fr,Actif
3102,C003102,Hugo,Roux,1976-04-15,2021-07-27,Particulier,Cadre,2988.16,63,A010,Bayonne,64100,hugo.roux_3102@example.fr,Inactif
3103,C003103,Zoé,Lambert,1981-03-06,2021-06-08,Particulier,Étudiant,1608.51,36,A016,Rochefort,17300,zoe.lambert_3103@example.fr,Actif
3104,C003104,Julien,Girard,1965-09-26,2019-08-18,Particulier,Étudiant,997.66,38,A006,Libourne,33500,julien.girard_3104@example.fr,Actif
3105,C003105,Océane,Lefebvre,1950-07-04,2015-03-26,Particulier,Technicien,2870.8,19,A012,Anglet,64600,oceane.lefebvre_3105@example.fr,Actif
3106,C003106,Inès,Laurent,1987-06-04,2026-06-28,Particulier,Étudiant,656.21,41,A019,Limoges,87000,ines.laurent_3106@example.fr,Actif
3107,C003107,Zoé,André,1946-12-26,2025-01-31,Particulier,Retraité,2394.83,69,A010,Bayonne,64100,zoe.andré_3107@example.fr,Actif
3108,C003108,Hugo,Laurent,1962-10-03,2015-03-07,Professionnel,Employé,3122.49,71,A011,Biarritz,64200,hugo.laurent_3108@example.fr,Actif
3109,C003109,Nathan,François,1984-05-28,2021-01-10,Particulier,Retraité,1739.98,41,A018,Poitiers,86000,nathan.françois_3109@example.fr,Actif
3110,C003110,Alexandre,Laurent,1974-10-18,2016-01-12,Professionnel,Employé,3141.34,37,A010,Bayonne,64100,alexandre.laurent_3110@example.fr,Actif
3111,C003111,Clara,Mercier,1985-06-28,2019-04-17,Particulier,Employé,1841.49,64,A005,Talence,33400,clara.mercier_3111@example.fr,Actif
3112,C003112,Antoine,Bernard,1980-10-19,2016-09-17,Particulier,Technicien,2790.54,53,A020,Brive-la-Gaillarde,19100,antoine.bernard_3112@example.fr,Actif
3113,C003113,Gabriel,Petit,1964-11-10,2025-08-21,Particulier,Commerçant,3361.62,19,A017,Niort,79000,gabriel.petit_3113@example.fr,Actif
3114,C003114,Élodie,Laurent,1952-10-25,2017-05-10,Particulier,Commerçant,1171.97,75,A014,Oloron-Sainte-Marie,64400,elodie.laurent_3114@example.fr,Actif
3115,C003115,Antoine,Richard,1952-04-30,2023-04-20,Particulier,Employé,5060.97,58,A006,Libourne,33500,antoine.richard_3115@example.fr,Actif
3116,C003116,Paul,Bonnet,1960-11-06,2019-10-02,Professionnel,Agriculteur,3412.33,52,A016,Rochefort,17300,paul.bonnet_3116@example.fr,Actif
3117,C003117,Sarah,Thomas,2002-04-14,2026-02-18,Particulier,Artisan,2357.34,40,A025,Dax,40100,sarah.thomas_3117@example.fr,Actif
3118,C003118,Thomas,David,2004-11-18,2025-09-24,Particulier,Enseignant,4431.21,59,A016,Rochefort,17300,thomas.david_3118@example.fr,Actif
3119,C003119,Chloé,François,1976-05-07,2017-06-20,Particulier,Cadre,3369.21,50,A021,Périgueux,24000,chloe.françois_3119@example.fr,Clos
3120,C003120,Manon,Bertrand,1990-05-18,2021-05-05,Particulier,Enseignant,4064.51,65,A004,Pessac,33600,manon.bertrand_3120@example.fr,Actif
3121,C003121,Julien,Mercier,1989-05-12,2023-11-30,Particulier,Cadre,2478.34,14,A019,Limoges,87000,julien.mercier_3121@example.fr,Actif
3122,C003122,Noah,Moreau,1945-02-04,2019-05-31,Professionnel,Commerçant,5392.63,35,A018,Poitiers,86000,noah.moreau_3122@example.fr,Actif
3123,C003123,Jade,Robert,1956-11-03,2016-03-20,Particulier,Cadre,4763.36,38,A006,Libourne,33500,jade.robert_3123@example.fr,Actif
3124,C003124,Mathis,André,1968-06-10,2024-10-20,Particulier,Profession libérale,3503.33,52,A010,Bayonne,64100,mathis.andré_3124@example.fr,Inactif
3125,C003125,Thomas,Garcia,2004-05-01,2020-08-13,Particulier,Étudiant,1907.25,24,A001,Bordeaux,33000,thomas.garcia_3125@example.fr,Actif
3126,C003126,Élodie,Petit,1985-05-07,2020-09-01,Professionnel,Cadre,6064.36,53,A025,Dax,40100,elodie.petit_3126@example.fr,Actif
3127,C003127,Léa,Moreau,1980-05-26,2016-10-29,Particulier,Employé,4171.96,40,A004,Pessac,33600,lea.moreau_3127@example.fr,Actif
3128,C003128,Nathan,Bonnet,2000-04-28,2025-12-13,Particulier,Cadre,4268.83,66,A006,Libourne,33500,nathan.bonnet_3128@example.fr,Actif
3129,C003129,Emma,Legrand,1980-12-08,2024-12-07,Particulier,Cadre,3395.1,25,A020,Brive-la-Gaillarde,19100,emma.legrand_3129@example.fr,Actif
3130,C003130,Marie,Dubois,1953-07-19,2016-04-03,Particulier,Employé,605.57,57,A003,Mérignac,33700,marie.dubois_3130@example.fr,Actif
3131,C003131,Julien,Martin,1951-08-03,2018-12-30,Particulier,Employé,1891.4,48,A004,Pessac,33600,julien.martin_3131@example.fr,Actif
3132,C003132,Léa,Legrand,1970-08-08,2019-06-30,Particulier,Retraité,2327.18,38,A007,Arcachon,33120,lea.legrand_3132@example.fr,Actif
3133,C003133,Amélie,Bonnet,1947-04-28,2018-03-01,Particulier,Cadre,3130.04,28,A018,Poitiers,86000,amelie.bonnet_3133@example.fr,Actif
3134,C003134,Lucas,François,1976-01-20,2021-10-20,Particulier,Profession libérale,3563.03,35,A004,Pessac,33600,lucas.françois_3134@example.fr,Actif
3135,C003135,Zoé,Roux,1954-06-21,2023-08-29,Particulier,Cadre,872.31,51,A017,Niort,79000,zoe.roux_3135@example.fr,Actif
3136,C003136,Léa,Moreau,1957-09-13,2021-03-11,Particulier,Technicien,3254.42,45,A018,Poitiers,86000,lea.moreau_3136@example.fr,Actif
3137,C003137,Clara,Bernard,1949-08-08,2018-08-24,Particulier,Étudiant,138.53,92,A015,La Rochelle,17000,clara.bernard_3137@example.fr,Actif
3138,C003138,Océane,Morel,1948-03-17,2016-08-26,Particulier,Technicien,1515.66,70,A017,Niort,79000,oceane.morel_3138@example.fr,Actif
3139,C003139,Noah,Dupont,1965-04-26,2015-02-01,Professionnel,Cadre,3589.46,57,A010,Bayonne,64100,,Actif
3140,C003140,Alexandre,Leroy,1999-01-30,2020-03-08,Particulier,Cadre,0.0,41,A025,Dax,40100,alexandre.leroy_3140@example.fr,Actif
3141,C003141,Sarah,Laurent,1946-10-28,2021-12-16,Particulier,Artisan,5845.4,73,A001,Bordeaux,,sarah.laurent_3141@example.fr,Actif
3142,C003142,Sarah,Garcia,2001-02-20,2023-02-17,Particulier,Employé,1833.72,54,A011,Biarritz,64200,sarah.garcia_3142@example.fr,Actif
3143,C003143,Gabriel,Mercier,1977-07-11,2015-06-20,Particulier,Étudiant,434.27,42,A022,Bergerac,24100,gabriel.mercier_3143@example.fr,Actif
3144,C003144,Élodie,Michel,1970-08-04,2021-08-14,Particulier,Employé,439.65,67,A021,Périgueux,24000,elodie.michel_3144@example.fr,Actif
3145,C003145,Léa,Mercier,1980-06-20,2021-01-04,Association,Cadre,1645.11,45,A025,Dax,40100,lea.mercier_3145@example.fr,Actif
3146,C003146,Sarah,Simon,1966-02-10,2023-11-05,Particulier,Étudiant,573.76,55,A016,Rochefort,17300,sarah.simon_3146@example.fr,Actif
3147,C003147,Manon,Mercier,2003-05-16,2017-04-02,Particulier,Employé,2475.8,40,A009,Pau,64000,manon.mercier_3147@example.fr,Actif
3148,C003148,Antoine,Moreau,1969-08-20,2019-05-27,Particulier,Étudiant,0.0,61,A011,Biarritz,64200,antoine.moreau_3148@example.fr,Actif
3149,C003149,Chloé,Simon,1948-04-04,2024-01-14,Particulier,Enseignant,3626.98,56,A007,Arcachon,33120,chloe.simon_3149@example.fr,Actif
3150,C003150,Léa,Bernard,1966-01-12,2019-09-08,Particulier,Retraité,3801.82,45,A013,Orthez,64300,lea.bernard_3150@example.fr,Actif
3151,C003151,Océane,Laurent,1955-11-29,2016-04-01,Particulier,Cadre,41.59,50,A019,Limoges,87000,oceane.laurent_3151@example.fr,Actif
3152,C003152,Jade,Vincent,1945-11-07,2023-06-09,Particulier,Employé,4868.02,55,A018,Poitiers,86000,jade.vincent_3152@example.fr,Actif
3153,C003153,Enzo,Martin,1982-11-23,2021-11-19,Particulier,Cadre,5030.5,65,A002,Bordeaux,33300,enzo.martin_3153@example.fr,Actif
3154,C003154,Hugo,Leroy,1991-04-21,2024-11-16,Particulier,Enseignant,2689.68,56,A010,Bayonne,64100,hugo.leroy_3154@example.fr,Actif
3155,C003155,Nathan,Martin,2000-12-21,2018-08-14,Particulier,Profession libérale,3022.99,71,A012,Anglet,64600,nathan.martin_3155@example.fr,Actif
3156,C003156,Hugo,Simon,1992-10-12,2019-11-21,Professionnel,Technicien,5773.11,81,A014,Oloron-Sainte-Marie,64400,hugo.simon_3156@example.fr,Actif
3157,C003157,Lucas,Dubois,1995-09-14,2015-01-13,Particulier,Employé,3394.27,54,A003,Mérignac,33700,lucas.dubois_3157@example.fr,Clos
3158,C003158,Antoine,Fournier,1997-08-04,2023-11-17,Particulier,Cadre,2962.21,67,A012,Anglet,64600,antoine.fournier_3158@example.fr,Actif
3159,C003159,Chloé,Thomas,1978-09-15,2026-05-18,Particulier,Retraité,1111.36,75,A021,Périgueux,24000,chloe.thomas_3159@example.fr,Actif
3160,C003160,Amélie,Moreau,1975-11-11,2020-10-09,Particulier,Retraité,2903.21,65,A009,Pau,64000,amelie.moreau_3160@example.fr,Actif
3161,C003161,Nathan,Mercier,1966-08-28,2019-05-03,Particulier,Enseignant,113.88,28,A006,Libourne,33500,nathan.mercier_3161@example.fr,Actif
3162,C003162,Inès,Morel,1975-06-11,2019-01-30,Particulier,Retraité,2247.63,25,A016,Rochefort,17300,ines.morel_3162@example.fr,Actif
3163,C003163,Alexandre,Moreau,1992-11-01,2021-04-16,Association,Étudiant,1148.81,62,A010,Bayonne,64100,alexandre.moreau_3163@example.fr,Actif
3164,C003164,Élodie,André,1972-07-15,2023-04-23,Professionnel,Cadre,4877.07,66,A008,Langon,33210,elodie.andré_3164@example.fr,Clos
3165,C003165,Clara,Bertrand,1955-08-18,2016-04-15,Particulier,Technicien,2797.7,66,A020,Brive-la-Gaillarde,19100,clara.bertrand_3165@example.fr,Actif
3166,C003166,Manon,Bertrand,2002-07-22,2017-06-16,Particulier,Technicien,2077.83,53,A012,Anglet,64600,manon.bertrand_3166@example.fr,Actif
3167,C003167,Hugo,Legrand,1951-02-11,2017-02-04,Professionnel,Profession libérale,4392.51,42,A005,Talence,33400,hugo.legrand_3167@example.fr,Actif
3168,C003168,Alexandre,Moreau,1955-11-10,2024-07-07,Professionnel,Artisan,5146.95,58,A006,Libourne,33500,alexandre.moreau_3168@example.fr,Actif
3169,C003169,Manon,Garcia,1946-05-31,2017-09-11,Particulier,Étudiant,381.81,45,A025,Dax,40100,manon.garcia_3169@example.fr,Actif
3170,C003170,Hugo,Morel,1960-11-26,2021-10-25,Particulier,Retraité,1840.89,84,A002,Bordeaux,33300,hugo.morel_3170@example.fr,Actif
3171,C003171,Camille,Martin,2000-05-26,2021-05-09,Particulier,Étudiant,1070.38,46,A011,Biarritz,64200,camille.martin_3171@example.fr,Actif
3172,C003172,Lucas,Martinez,1977-05-15,2026-01-20,Professionnel,Retraité,2876.14,43,A004,Pessac,33600,lucas.martinez_3172@example.fr,Actif
3173,C003173,Clara,Michel,1963-08-24,2018-07-20,Particulier,Profession libérale,3302.42,23,A015,La Rochelle,17000,clara.michel_3173@example.fr,Actif
3174,C003174,Emma,Laurent,1969-04-14,2021-10-15,Particulier,Employé,3784.09,58,A020,Brive-la-Gaillarde,19100,emma.laurent_3174@example.fr,Actif
3175,C003175,Paul,Lambert,1998-06-22,2018-11-03,Particulier,Artisan,5606.49,61,A016,Rochefort,17300,paul.lambert_3175@example.fr,Actif
3176,C003176,Nathan,Garcia,1977-04-07,2019-11-03,Particulier,Employé,3415.35,45,A011,Biarritz,64200,nathan.garcia_3176@example.fr,Clos
3177,C003177,Emma,André,1993-10-08,2022-12-25,Particulier,Employé,5943.82,42,A011,Biarritz,64200,emma.andré_3177@example.fr,Clos
3178,C003178,Emma,Richard,1959-12-02,2026-05-12,Particulier,Employé,2902.23,71,A024,Mont-de-Marsan,40000,emma.richard_3178@example.fr,Actif
3179,C003179,Noah,Leroy,1984-07-03,2017-11-29,Particulier,Employé,4119.57,59,A007,Arcachon,33120,noah.leroy_3179@example.fr,Actif
3180,C003180,Julien,Martinez,1957-08-01,2024-04-06,Particulier,Cadre,2984.19,78,A023,Agen,47000,julien.martinez_3180@example.fr,Actif
3181,C003181,Zoé,Morel,1983-05-14,2022-03-20,Particulier,Commerçant,2577.17,39,A019,Limoges,87000,zoe.morel_3181@example.fr,Actif
3182,C003182,Enzo,Mercier,1971-03-09,2023-10-21,Particulier,Commerçant,3708.28,77,A022,Bergerac,24100,enzo.mercier_3182@example.fr,Inactif
3183,C003183,Zoé,Fournier,1972-02-12,2023-07-29,Particulier,Profession libérale,2657.79,48,A025,Dax,40100,zoe.fournier_3183@example.fr,Actif
3184,C003184,Emma,Moreau,1980-11-23,2025-06-29,Professionnel,Retraité,2332.44,74,A003,Mérignac,33700,emma.moreau_3184@example.fr,Actif
3185,C003185,Manon,Legrand,1998-09-19,2016-08-27,Particulier,Technicien,899.78,49,A022,Bergerac,24100,manon.legrand_3185@example.fr,Actif
3186,C003186,Noah,Lefebvre,1997-10-14,2018-06-01,Particulier,Agriculteur,2161.62,85,A001,Bordeaux,33000,noah.lefebvre_3186@example.fr,Actif
3187,C003187,Hugo,Morel,1987-10-15,2023-06-02,Particulier,Enseignant,1353.17,56,A013,Orthez,64300,hugo.morel_3187@example.fr,Actif
3188,C003188,Léa,André,1966-08-06,2025-01-19,Association,Employé,3892.63,54,A011,Biarritz,64200,lea.andré_3188@example.fr,Actif
3189,C003189,Chloé,Thomas,1946-05-27,2023-03-16,Particulier,Employé,3765.8,63,A014,Oloron-Sainte-Marie,64400,chloe.thomas_3189@example.fr,Inactif
3190,C003190,Paul,Durand,1957-06-24,2018-10-24,Particulier,Enseignant,3080.41,60,A002,Bordeaux,33300,paul.durand_3190@example.fr,Actif
3191,C003191,Marie,André,1957-09-12,2019-04-28,Professionnel,Étudiant,1229.42,95,A011,Biarritz,64200,marie.andré_3191@example.fr,Actif
3192,C003192,Julien,Roux,1959-07-23,2021-12-13,Particulier,Étudiant,648.96,47,A006,Libourne,33500,julien.roux_3192@example.fr,Actif
3193,C003193,Amélie,Durand,1986-02-08,2019-01-09,Particulier,Employé,5472.14,42,A001,Bordeaux,33000,amelie.durand_3193@example.fr,Actif
3194,C003194,Paul,Morel,1965-01-12,2016-11-09,Particulier,Cadre,2803.17,70,A012,Anglet,64600,paul.morel_3194@example.fr,Actif
3195,C003195,Sarah,Morel,1999-11-18,2024-01-04,Particulier,Employé,2022.86,32,A019,Limoges,87000,sarah.morel_3195@example.fr,Actif
3196,C003196,Camille,André,1948-11-26,2024-09-27,Particulier,Sans emploi,4401.56,71,A005,Talence,33400,camille.andré_3196@example.fr,Actif
3197,C003197,Élodie,Dubois,1947-07-29,2020-09-10,Particulier,Cadre,1777.95,35,A024,Mont-de-Marsan,40000,elodie.dubois_3197@example.fr,Inactif
3198,C003198,Noah,Michel,1998-10-21,2018-09-26,Particulier,Étudiant,83.67,20,A023,Agen,47000,noah.michel_3198@example.fr,Actif
3199,C003199,Sarah,Lambert,1995-12-27,2019-05-23,Particulier,Employé,5124.46,33,A003,Mérignac,33700,sarah.lambert_3199@example.fr,Clos
3200,C003200,Julien,Moreau,1981-09-24,2018-08-18,Particulier,Étudiant,1215.99,55,A014,Oloron-Sainte-Marie,64400,julien.moreau_3200@example.fr,Actif
3201,C003201,Hugo,Bonnet,1961-01-09,2023-11-22,Particulier,Employé,3503.7,60,A013,Orthez,64300,hugo.bonnet_3201@example.fr,Actif
3202,C003202,Noah,Petit,1971-02-04,2020-01-14,Particulier,Employé,4874.12,62,A012,Anglet,64600,noah.petit_3202@example.fr,Actif
3203,C003203,Clara,Lefebvre,1985-01-08,2019-06-11,Particulier,Étudiant,790.9,50,A015,La Rochelle,17000,clara.lefebvre_3203@example.fr,Actif
3204,C003204,Léa,Morel,1948-12-08,2022-03-08,Particulier,Enseignant,3917.25,32,A001,Bordeaux,33000,lea.morel_3204@example.fr,Actif
3205,C003205,Amélie,Lefebvre,1949-07-04,2026-02-17,Particulier,Enseignant,6696.22,29,A004,Pessac,33600,amelie.lefebvre_3205@example.fr,Actif
3206,C003206,Sarah,Lambert,1975-07-30,2019-01-04,Particulier,Retraité,2402.31,48,A013,Orthez,64300,sarah.lambert_3206@example.fr,Actif
3207,C003207,Noah,Girard,1995-02-21,2020-02-20,Particulier,Cadre,1865.92,14,A017,Niort,79000,noah.girard_3207@example.fr,Inactif
3208,C003208,Hugo,Dubois,1973-05-05,2020-09-02,Particulier,Employé,2753.0,63,A019,Limoges,87000,hugo.dubois_3208@example.fr,Actif
3209,C003209,Zoé,François,1986-10-02,2022-05-21,Professionnel,Étudiant,1302.41,50,A007,Arcachon,33120,zoe.françois_3209@example.fr,Inactif
3210,C003210,Nathan,André,1994-02-03,2017-12-18,Particulier,Employé,5750.5,55,A020,Brive-la-Gaillarde,19100,nathan.andré_3210@example.fr,Actif
3211,C003211,Manon,Simon,1990-12-04,2022-10-17,Particulier,Retraité,1821.84,57,A021,Périgueux,24000,manon.simon_3211@example.fr,Actif
3212,C003212,Manon,Bonnet,1974-09-17,2024-07-20,Particulier,Étudiant,947.04,47,A018,Poitiers,86000,manon.bonnet_3212@example.fr,Actif
3213,C003213,Manon,Legrand,1980-07-27,2025-02-11,Particulier,Profession libérale,65.3,26,A009,Pau,64000,manon.legrand_3213@example.fr,Actif
3214,C003214,Alexandre,Morel,1983-05-23,2025-10-26,Professionnel,Artisan,4218.81,34,A021,Périgueux,24000,alexandre.morel_3214@example.fr,Actif
3215,C003215,Clara,Bernard,1976-12-19,2023-06-15,Professionnel,Profession libérale,4596.02,57,A016,Rochefort,17300,clara.bernard_3215@example.fr,Actif
3216,C003216,Marie,François,1993-07-05,2024-06-12,Particulier,Employé,1043.52,67,A005,Talence,33400,marie.françois_3216@example.fr,Actif
3217,C003217,Enzo,Roux,1990-11-25,2018-04-10,Particulier,Sans emploi,935.02,42,A025,Dax,40100,enzo.roux_3217@example.fr,Inactif
3218,C003218,Manon,Morel,1974-06-09,2022-09-01,Particulier,Artisan,4221.94,38,A013,Orthez,64300,manon.morel_3218@example.fr,Actif
3219,C003219,Inès,Durand,1958-03-01,2016-10-13,particulier,Enseignant,3054.24,68,A009,Pau,64000,ines.durand_3219@example.fr,Actif
3220,C003220,Zoé,Lambert,1971-02-24,2019-11-24,Particulier,Enseignant,6520.02,47,A002,Bordeaux,33300,zoe.lambert_3220@example.fr,Actif
3221,C003221,Alexandre,Vincent,1976-03-10,2015-10-14,Particulier,Employé,3558.75,70,A004,Pessac,33600,alexandre.vincent_3221@example.fr,Actif
3222,C003222,Nathan,Lefebvre,2002-11-01,2015-05-06,Particulier,Retraité,3699.45,59,A008,Langon,33210,nathan.lefebvre_3222@example.fr,Actif
3223,C003223,Manon,François,1948-11-18,2021-11-30,Particulier,Cadre,2478.02,53,A023,Agen,47000,manon.françois_3223@example.fr,Actif
3224,C003224,Mathis,Richard,1972-08-26,2023-08-04,Professionnel,Cadre,4092.23,35,A019,Limoges,87000,mathis.richard_3224@example.fr,Actif
3225,C003225,Jade,Morel,1958-11-07,2025-11-07,Particulier,Commerçant,1993.25,70,A014,Oloron-Sainte-Marie,64400,jade.morel_3225@example.fr,Actif
3226,C003226,Océane,Martinez,2000-12-09,2023-09-03,Professionnel,Employé,2738.66,36,A004,Pessac,33600,oceane.martinez_3226@example.fr,Actif
3227,C003227,Emma,Durand,1993-08-15,2016-03-22,Particulier,Employé,3738.7,48,A013,Orthez,64300,emma.durand_3227@example.fr,Actif
3228,C003228,Clara,Michel,1987-11-16,2017-01-22,Particulier,Étudiant,185.64,81,A020,Brive-la-Gaillarde,19100,clara.michel_3228@example.fr,Inactif
3229,C003229,Chloé,Petit,1955-12-23,2024-01-15,Particulier,Agriculteur,2820.06,58,A015,La Rochelle,17000,chloe.petit_3229@example.fr,Actif
3230,C003230,Enzo,Michel,1998-05-02,2015-03-29,Particulier,Retraité,3447.6,30,A008,Langon,33210,enzo.michel_3230@example.fr,Inactif
3231,C003231,Clara,Vincent,1997-08-12,2017-04-16,Particulier,Commerçant,2983.41,65,A006,Libourne,33500,clara.vincent_3231@example.fr,Actif
3232,C003232,Lucas,Lefebvre,1956-04-21,2018-08-17,Particulier,Technicien,3012.96,65,A010,Bayonne,64100,lucas.lefebvre_3232@example.fr,Actif
3233,C003233,Emma,Vincent,1978-04-07,2020-06-20,Particulier,Retraité,2183.84,59,A003,Mérignac,33700,emma.vincent_3233@example.fr,Actif
3234,C003234,Sarah,Garcia,1993-03-17,2024-11-12,Particulier,Employé,4028.47,45,A014,Oloron-Sainte-Marie,64400,sarah.garcia_3234@example.fr,Actif
3235,C003235,Paul,Leroy,1969-10-21,2026-03-20,Association,Cadre,2857.88,55,A024,Mont-de-Marsan,40000,paul.leroy_3235@example.fr,Actif
3236,C003236,Noah,Lambert,1980-03-14,2018-04-23,Particulier,Employé,3630.68,85,A018,Poitiers,86000,noah.lambert_3236@example.fr,Actif
3237,C003237,Alexandre,Laurent,1945-09-18,2021-06-02,Particulier,Agriculteur,3982.93,45,A012,Anglet,64600,alexandre.laurent_3237@example.fr,Actif
3238,C003238,Zoé,Laurent,1951-10-08,2026-02-21,Particulier,Employé,2101.34,51,A016,Rochefort,17300,zoe.laurent_3238@example.fr,Actif
3239,C003239,Hugo,Mercier,1974-05-01,2019-10-06,Professionnel,Cadre,9149.1,41,A001,Bordeaux,33000,hugo.mercier_3239@example.fr,Actif
3240,C003240,Manon,Garcia,1996-04-05,2024-01-14,Particulier,Commerçant,6088.96,74,A006,Libourne,33500,manon.garcia_3240@example.fr,Actif
3241,C003241,Zoé,Petit,1962-01-03,2021-05-06,Particulier,Cadre,2911.61,55,A023,Agen,47000,zoe.petit_3241@example.fr,Actif
3242,C003242,Manon,Vincent,1954-04-03,2017-09-11,Particulier,Étudiant,1305.27,23,A019,Limoges,87000,manon.vincent_3242@example.fr,Actif
3243,C003243,Enzo,Dupont,1994-01-03,2017-05-04,Particulier,Employé,6327.72,38,A012,Anglet,64600,enzo.dupont_3243@example.fr,Actif
3244,C003244,Inès,Dubois,1965-05-05,2024-05-10,Particulier,Étudiant,1195.78,18,A015,La Rochelle,17000,ines.dubois_3244@example.fr,Actif
3245,C003245,Hugo,Martin,1960-12-13,2021-05-25,Particulier,Enseignant,1822.37,60,A001,Bordeaux,33000,hugo.martin_3245@example.fr,Actif
3246,C003246,Enzo,François,1989-09-24,2026-02-22,Particulier,Étudiant,368.52,87,A011,Biarritz,64200,enzo.françois_3246@example.fr,Actif
3247,C003247,Camille,Girard,1966-06-26,2016-02-04,Particulier,Cadre,0.0,59,A003,Mérignac,33700,camille.girard_3247@example.fr,Actif
3248,C003248,Thomas,Bonnet,1996-02-28,2025-01-25,Particulier,Artisan,4227.06,78,A022,Bergerac,24100,thomas.bonnet_3248@example.fr,Actif
3249,C003249,Noah,Laurent,1984-07-20,2018-04-09,Particulier,Employé,2742.74,59,A004,Pessac,33600,noah.laurent_3249@example.fr,Actif
3250,C003250,Enzo,Bernard,1950-08-23,2019-09-29,Particulier,Cadre,3053.55,28,A008,Langon,33210,enzo.bernard_3250@example.fr,Actif
3251,C003251,Camille,Robert,1948-01-13,2021-05-10,Professionnel,Profession libérale,6651.94,45,A014,Oloron-Sainte-Marie,64400,camille.robert_3251@example.fr,Actif
3252,C003252,Sarah,Martin,1952-03-23,2021-02-04,Particulier,Retraité,2834.3,49,A008,Langon,33210,sarah.martin_3252@example.fr,Actif
3253,C003253,Zoé,Mercier,1982-01-15,2020-11-16,Association,Profession libérale,6571.36,36,A004,Pessac,33600,zoe.mercier_3253@example.fr,Actif
3254,C003254,Noah,Durand,1953-10-10,2019-04-17,Particulier,Étudiant,1159.4,64,A008,Langon,33210,noah.durand_3254@example.fr,Actif
3255,C003255,Nathan,Bertrand,1965-02-10,2019-01-30,Particulier,Employé,1890.99,79,A002,Bordeaux,33300,nathan.bertrand_3255@example.fr,Actif
3256,C003256,Noah,Leroy,1972-10-15,2023-11-26,Particulier,Profession libérale,1339.82,48,A012,Anglet,64600,noah.leroy_3256@example.fr,Actif
3257,C003257,Alexandre,Martin,1997-05-28,2016-05-31,Professionnel,Employé,4603.54,91,A018,Poitiers,86000,alexandre.martin_3257@example.fr,Actif
3258,C003258,Gabriel,Bertrand,1978-07-23,2021-01-14,particulier,Étudiant,624.63,49,A010,Bayonne,64100,gabriel.bertrand_3258@example.fr,Actif
3259,C003259,Camille,Bonnet,1994-12-31,2015-02-06,Particulier,Technicien,2971.0,53,A005,Talence,33400,,Actif
3260,C003260,Hugo,Petit,1979-09-03,2023-10-28,Particulier,Enseignant,3202.1,49,A012,Anglet,64600,hugo.petit_3260@example.fr,Actif
3261,C003261,Lucas,Bernard,1962-03-29,2015-02-13,Particulier,Employé,1126.53,63,A006,Libourne,33500,lucas.bernard_3261@example.fr,Actif
3262,C003262,Inès,Fournier,1966-03-16,2018-02-17,Particulier,Cadre,6388.22,24,A024,Mont-de-Marsan,40000,ines.fournier_3262@example.fr,Clos
3263,C003263,Hugo,Durand,1961-07-20,2020-06-22,Particulier,Artisan,0.0,44,A012,Anglet,64600,hugo.durand_3263@example.fr,Actif
3264,C003264,Inès,Bertrand,1955-07-16,2023-06-12,Particulier,Profession libérale,2429.32,56,A018,Poitiers,86000,ines.bertrand_3264@example.fr,Actif
3265,C003265,Sarah,Legrand,1957-12-14,2016-10-20,Particulier,Agriculteur,1855.71,52,A022,Bergerac,24100,sarah.legrand_3265@example.fr,Actif
3266,C003266,Manon,Girard,1945-03-13,2022-12-15,Particulier,Profession libérale,4895.06,71,A001,Bordeaux,33000,manon.girard_3266@example.fr,Actif
3267,C003267,Marie,Bernard,1979-03-25,2018-08-30,Particulier,Employé,3275.46,70,A017,Niort,79000,marie.bernard_3267@example.fr,Actif
3268,C003268,Léa,Bernard,1990-02-02,2015-03-20,Particulier,Retraité,1681.8,51,A025,Dax,40100,lea.bernard_3268@example.fr,Actif
3269,C003269,Élodie,Lefebvre,1995-01-18,2017-03-18,Association,Employé,1231.0,21,A009,Pau,64000,elodie.lefebvre_3269@example.fr,Actif
3270,C003270,Mathis,Bertrand,1948-09-28,2018-10-22,Particulier,Employé,3649.62,33,A002,Bordeaux,33300,mathis.bertrand_3270@example.fr,Actif
3271,C003271,Paul,Garcia,1960-04-13,2019-03-31,Particulier,Technicien,1132.18,71,A025,Dax,40100,paul.garcia_3271@example.fr,Inactif
3272,C003272,Lucas,Lambert,1988-12-07,2020-12-26,Particulier,Enseignant,2078.76,49,A023,Agen,47000,lucas.lambert_3272@example.fr,Actif
3273,C003273,Inès,Girard,2004-11-20,2020-04-03,Particulier,Enseignant,3974.31,41,A004,Pessac,33600,ines.girard_3273@example.fr,Inactif
3274,C003274,Chloé,François,1964-08-15,2019-06-24,Particulier,Cadre,3907.61,50,A008,Langon,33210,chloe.françois_3274@example.fr,Actif
3275,C003275,Emma,Robert,1977-02-26,2016-01-06,Particulier,Technicien,3314.56,34,A012,Anglet,64600,emma.robert_3275@example.fr,Actif
3276,C003276,Mathis,Bertrand,1956-10-02,2024-12-20,Particulier,Employé,110.8,43,A006,Libourne,33500,mathis.bertrand_3276@example.fr,Actif
3277,C003277,Inès,Thomas,1973-08-19,2018-06-08,Particulier,Étudiant,417.69,60,A011,Biarritz,64200,ines.thomas_3277@example.fr,Actif
3278,C003278,Thomas,Garcia,1954-03-22,2019-02-18,Particulier,Technicien,780.42,40,A003,Mérignac,33700,thomas.garcia_3278@example.fr,Actif
3279,C003279,Thomas,André,1968-04-07,2019-11-17,Particulier,Cadre,3392.23,77,A017,Niort,79000,thomas.andré_3279@example.fr,Actif
3280,C003280,Marie,Bertrand,1963-04-27,2023-02-04,Particulier,Enseignant,2297.03,80,A006,Libourne,33500,marie.bertrand_3280@example.fr,Inactif
3281,C003281,Océane,Lefebvre,1975-02-11,2025-10-17,Particulier,Technicien,1059.15,79,A015,La Rochelle,17000,oceane.lefebvre_3281@example.fr,Actif
3282,C003282,Paul,David,1973-07-05,2016-03-03,Particulier,Profession libérale,1774.03,44,A025,Dax,40100,paul.david_3282@example.fr,Actif
3283,C003283,Lucas,Leroy,1951-12-05,2016-04-20,Professionnel,Retraité,3063.5,58,A014,Oloron-Sainte-Marie,64400,lucas.leroy_3283@example.fr,Actif
3284,C003284,Enzo,Richard,1994-12-09,2015-06-26,Professionnel,Sans emploi,5637.79,53,A013,Orthez,64300,,Actif
3285,C003285,Julien,Lambert,1948-09-29,2018-04-30,Particulier,Employé,5143.16,57,A013,Orthez,64300,julien.lambert_3285@example.fr,Actif
3286,C003286,Zoé,Martin,1964-12-21,2018-11-13,Particulier,Employé,7107.21,24,A013,Orthez,64300,zoe.martin_3286@example.fr,Actif
3287,C003287,Alexandre,Vincent,1962-04-04,2023-10-04,Particulier,Agriculteur,4690.8,77,A015,La Rochelle,17000,alexandre.vincent_3287@example.fr,Actif
3288,C003288,Jade,Robert,1962-06-20,2021-12-04,Particulier,Retraité,2576.71,68,A010,Bayonne,64100,jade.robert_3288@example.fr,Actif
3289,C003289,Chloé,Lefebvre,1980-10-18,2025-05-08,Particulier,Enseignant,979.59,46,A011,Biarritz,64200,chloe.lefebvre_3289@example.fr,Actif
3290,C003290,Léa,Bernard,1955-07-19,2025-12-09,Particulier,Retraité,1935.07,51,A025,Dax,40100,lea.bernard_3290@example.fr,Actif
3291,C003291,Jade,Morel,1982-10-21,2022-02-25,Association,Employé,4805.68,60,A005,Talence,33400,jade.morel_3291@example.fr,Inactif
3292,C003292,Gabriel,Dupont,1950-07-22,2015-10-15,Particulier,Technicien,4386.42,46,A012,Anglet,64600,gabriel.dupont_3292@example.fr,Actif
3293,C003293,Inès,Robert,1989-04-05,2022-12-18,Particulier,Technicien,1914.44,63,A011,Biarritz,64200,ines.robert_3293@example.fr,Actif
3294,C003294,Élodie,Leroy,1971-08-30,2015-04-01,Particulier,Artisan,4927.43,56,A015,La Rochelle,17000,elodie.leroy_3294@example.fr,Actif
3295,C003295,Nathan,Lambert,1989-12-09,2025-02-22,Particulier,Agriculteur,2695.12,58,A005,Talence,33400,nathan.lambert_3295@example.fr,Actif
3296,C003296,Julien,Thomas,1991-10-19,2024-12-13,Professionnel,Enseignant,2948.56,54,A008,Langon,33210,julien.thomas_3296@example.fr,Actif
3297,C003297,Clara,Thomas,1985-08-27,2016-04-23,Particulier,Profession libérale,1454.78,19,A022,Bergerac,24100,clara.thomas_3297@example.fr,Actif
3298,C003298,Zoé,Robert,2002-02-27,2022-12-05,Particulier,Retraité,3518.4,56,A003,Mérignac,33700,zoe.robert_3298@example.fr,Actif
3299,C003299,Marie,Bonnet,1994-11-04,2021-05-11,Particulier,Cadre,3568.19,70,A013,Orthez,64300,marie.bonnet_3299@example.fr,Actif
3300,C003300,Chloé,André,1959-05-05,2015-10-09,Particulier,Enseignant,4186.28,39,A011,Biarritz,64200,chloe.andré_3300@example.fr,Actif
3301,C003301,Chloé,Simon,1989-12-11,2020-01-22,Particulier,Employé,2257.01,46,A020,Brive-la-Gaillarde,19100,chloe.simon_3301@example.fr,Actif
3302,C003302,Clara,Dupont,1951-12-15,2022-01-01,Particulier,Enseignant,3343.86,18,A009,Pau,64000,clara.dupont_3302@example.fr,Actif
3303,C003303,Manon,Roux,1996-03-14,2023-11-23,Professionnel,Artisan,5880.96,5,A004,Pessac,33600,manon.roux_3303@example.fr,Actif
3304,C003304,Léa,Lefebvre,1945-04-16,2015-03-12,Professionnel,Technicien,1313.04,67,A023,Agen,47000,lea.lefebvre_3304@example.fr,Actif
3305,C003305,Inès,Michel,1947-09-05,2025-07-02,Particulier,Cadre,3102.51,59,A015,La Rochelle,17000,ines.michel_3305@example.fr,Actif
3306,C003306,Marie,Dupont,1955-08-23,2015-12-19,Particulier,Technicien,4386.88,46,A001,Bordeaux,33000,marie.dupont_3306@example.fr,Actif
3307,C003307,Sarah,Laurent,2001-05-19,2016-11-14,Particulier,Retraité,1815.67,57,A015,La Rochelle,17000,sarah.laurent_3307@example.fr,Actif
3308,C003308,Noah,Roux,1966-07-04,2018-04-04,Particulier,Étudiant,1408.18,58,A016,Rochefort,17300,noah.roux_3308@example.fr,Actif
3309,C003309,Julien,Michel,1970-12-12,2024-02-19,Particulier,Technicien,638.9,26,A013,Orthez,64300,julien.michel_3309@example.fr,Actif
3310,C003310,Élodie,Richard,1990-06-25,2020-01-10,Professionnel,Profession libérale,5504.23,54,A006,Libourne,33500,elodie.richard_3310@example.fr,Actif
3311,C003311,Marie,Dubois,1993-11-08,2018-04-20,Particulier,Agriculteur,2861.6,53,A006,Libourne,33500,marie.dubois_3311@example.fr,Actif
3312,C003312,Inès,Petit,2002-08-10,2025-03-20,Particulier,Retraité,1724.9,45,A003,Mérignac,33700,ines.petit_3312@example.fr,Actif
3313,C003313,Léa,Martinez,1979-02-20,2020-03-04,Particulier,Employé,0.0,44,A018,Poitiers,86000,lea.martinez_3313@example.fr,Actif
3314,C003314,Léa,Fournier,1972-03-18,2023-01-17,Particulier,Étudiant,689.48,67,A007,Arcachon,33120,lea.fournier_3314@example.fr,Actif
3315,C003315,Marie,Dubois,2003-10-18,2021-07-16,Particulier,Cadre,895.54,72,A020,Brive-la-Gaillarde,19100,marie.dubois_3315@example.fr,Actif
3316,C003316,Nathan,Girard,1952-12-15,2023-08-19,Particulier,Enseignant,2860.17,57,A005,Talence,33400,nathan.girard_3316@example.fr,Actif
3317,C003317,Mathis,Girard,1953-07-19,2015-06-28,Particulier,Employé,4499.58,70,A014,Oloron-Sainte-Marie,64400,mathis.girard_3317@example.fr,Actif
3318,C003318,Zoé,Leroy,1969-05-24,2024-12-03,Particulier,Retraité,1640.49,58,A002,Bordeaux,33300,zoe.leroy_3318@example.fr,Actif
3319,C003319,Emma,David,1950-06-11,2016-10-06,Particulier,Enseignant,0.0,44,A013,Orthez,64300,emma.david_3319@example.fr,Actif
3320,C003320,Camille,Girard,2001-02-10,2017-07-13,Particulier,Artisan,4709.45,54,A023,Agen,47000,camille.girard_3320@example.fr,Actif
3321,C003321,Léa,Garcia,1968-11-23,2015-03-19,Particulier,Enseignant,4902.33,51,A021,Périgueux,24000,lea.garcia_3321@example.fr,Actif
3322,C003322,Marie,Thomas,1951-10-19,2021-05-06,Particulier,Étudiant,1362.47,72,A005,Talence,33400,marie.thomas_3322@example.fr,Actif
3323,C003323,Élodie,Girard,1950-11-30,2017-12-27,Particulier,Étudiant,436.94,82,A005,Talence,33400,elodie.girard_3323@example.fr,Actif
3324,C003324,Gabriel,Fournier,1946-03-03,2023-05-01,Particulier,Commerçant,2287.03,55,A018,Poitiers,86000,gabriel.fournier_3324@example.fr,Actif
3325,C003325,Manon,Leroy,1984-07-28,2015-03-02,Particulier,Profession libérale,1461.84,65,A011,Biarritz,64200,manon.leroy_3325@example.fr,Actif
3326,C003326,Noah,Morel,1967-01-22,2016-05-05,Particulier,Étudiant,1306.69,62,A001,Bordeaux,33000,noah.morel_3326@example.fr,Actif
3327,C003327,Amélie,François,1976-03-19,2019-06-01,Particulier,Étudiant,1143.41,69,A024,Mont-de-Marsan,40000,amelie.françois_3327@example.fr,Actif
3328,C003328,Paul,Lefebvre,1946-02-23,2015-06-01,Particulier,Commerçant,4917.16,92,A016,Rochefort,17300,paul.lefebvre_3328@example.fr,Actif
3329,C003329,Noah,Bertrand,1999-03-10,2023-03-11,Particulier,Artisan,1836.55,92,A022,Bergerac,24100,noah.bertrand_3329@example.fr,Actif
3330,C003330,Sarah,Lambert,1960-05-27,2022-06-28,Particulier,Étudiant,624.04,42,A007,Arcachon,33120,sarah.lambert_3330@example.fr,Actif
3331,C003331,Léa,Lambert,1973-06-27,2021-10-07,Particulier,Technicien,0.0,53,A023,Agen,47000,lea.lambert_3331@example.fr,Actif
3332,C003332,Inès,Durand,1947-06-24,2023-09-04,Particulier,Profession libérale,2357.22,43,A003,Mérignac,33700,ines.durand_3332@example.fr,Actif
3333,C003333,Thomas,Lefebvre,1955-03-10,2026-03-29,Particulier,Artisan,1369.54,57,A020,Brive-la-Gaillarde,19100,thomas.lefebvre_3333@example.fr,Actif
3334,C003334,Emma,André,1988-06-30,2018-05-04,Professionnel,Cadre,3415.9,83,A017,Niort,79000,emma.andré_3334@example.fr,Inactif
3335,C003335,Thomas,Lambert,1970-06-11,2015-02-26,Professionnel,Cadre,5441.69,45,A011,Biarritz,64200,thomas.lambert_3335@example.fr,Actif
3336,C003336,Julien,Petit,1965-09-26,2015-12-24,Particulier,Agriculteur,4726.02,63,A013,Orthez,64300,julien.petit_3336@example.fr,Inactif
3337,C003337,Emma,Moreau,1986-05-26,2021-10-27,Particulier,Retraité,3214.43,50,A019,Limoges,87000,emma.moreau_3337@example.fr,Actif
3338,C003338,Léa,Garcia,1947-12-01,2025-02-07,Particulier,Retraité,2984.04,48,A012,Anglet,64600,lea.garcia_3338@example.fr,Actif
3339,C003339,Antoine,Durand,1953-10-09,2026-06-03,Particulier,Étudiant,1315.8,62,A004,Pessac,33600,antoine.durand_3339@example.fr,Actif
3340,C003340,Enzo,David,1984-06-14,2022-05-06,Particulier,Commerçant,5756.31,7,A008,Langon,33210,enzo.david_3340@example.fr,Actif
3341,C003341,Chloé,Richard,2004-09-13,2016-01-11,Particulier,Cadre,1834.69,38,A011,Biarritz,64200,chloe.richard_3341@example.fr,Actif
3342,C003342,Lucas,Bernard,1962-05-12,2021-08-11,Particulier,Commerçant,2566.38,37,A024,Mont-de-Marsan,40000,lucas.bernard_3342@example.fr,Actif
3343,C003343,Élodie,François,1968-09-30,2016-11-03,Particulier,Employé,4127.42,50,A004,Pessac,33600,elodie.françois_3343@example.fr,Actif
3344,C003344,Noah,Petit,1949-02-18,2016-07-21,Particulier,Technicien,3412.57,40,A023,Agen,47000,noah.petit_3344@example.fr,Actif
3345,C003345,Enzo,Morel,1977-04-27,2018-09-28,Particulier,Cadre,3714.99,54,A012,Anglet,64600,enzo.morel_3345@example.fr,Actif
3346,C003346,Amélie,Martinez,1958-09-16,2019-05-18,Particulier,Employé,3889.22,33,A013,Orthez,64300,amelie.martinez_3346@example.fr,Actif
3347,C003347,Inès,Leroy,1959-11-24,2020-10-12,Particulier,Employé,1928.62,65,A007,Arcachon,33120,ines.leroy_3347@example.fr,Actif
3348,C003348,Enzo,Petit,1983-03-25,2018-04-18,Particulier,Employé,3016.47,43,A005,Talence,33400,enzo.petit_3348@example.fr,Actif
3349,C003349,Alexandre,Simon,1945-08-11,2015-01-01,Particulier,Employé,614.17,54,A001,Bordeaux,33000,alexandre.simon_3349@example.fr,Actif
3350,C003350,Élodie,Morel,1990-06-28,2018-07-31,Professionnel,Enseignant,5173.62,89,A017,Niort,79000,elodie.morel_3350@example.fr,Actif
3351,C003351,Camille,Dupont,1992-03-23,2016-06-30,Particulier,Technicien,2261.25,41,A016,Rochefort,17300,camille.dupont_3351@example.fr,Actif
3352,C003352,Antoine,Garcia,1968-05-12,2016-03-14,Particulier,Cadre,0.0,71,A018,Poitiers,86000,antoine.garcia_3352@example.fr,Actif
3353,C003353,Jade,Leroy,1984-05-01,2019-09-19,Particulier,Employé,4756.6,45,A002,Bordeaux,33300,jade.leroy_3353@example.fr,Actif
3354,C003354,Paul,Martinez,1999-11-19,2022-03-27,Particulier,Employé,4596.43,38,A021,Périgueux,24000,paul.martinez_3354@example.fr,Actif
3355,C003355,Élodie,Mercier,1985-10-12,2024-02-01,Particulier,Artisan,2893.66,25,A007,Arcachon,33120,elodie.mercier_3355@example.fr,Actif
3356,C003356,Hugo,Leroy,1991-09-28,2023-12-26,Particulier,Retraité,1030.76,75,A002,Bordeaux,33300,hugo.leroy_3356@example.fr,Actif
3357,C003357,Jade,Martinez,1948-07-06,2018-11-17,Particulier,Cadre,1707.95,54,A003,Mérignac,33700,jade.martinez_3357@example.fr,Actif
3358,C003358,Marie,Martin,1951-10-01,2019-12-14,Particulier,Retraité,1922.12,39,A003,Mérignac,33700,marie.martin_3358@example.fr,Actif
3359,C003359,Antoine,Bernard,1968-02-27,2017-10-07,Particulier,Employé,3635.88,42,A008,Langon,33210,antoine.bernard_3359@example.fr,Inactif
3360,C003360,Antoine,David,1983-03-29,2015-12-16,Particulier,Employé,5407.43,41,A010,Bayonne,64100,antoine.david_3360@example.fr,Actif
3361,C003361,Zoé,Thomas,1989-02-21,2026-03-19,Particulier,Technicien,4959.27,62,A009,Pau,64000,zoe.thomas_3361@example.fr,Actif
3362,C003362,Mathis,Michel,1993-07-16,2018-04-18,Particulier,Enseignant,4010.56,45,A005,Talence,33400,mathis.michel_3362@example.fr,Actif
3363,C003363,Marie,Roux,1975-03-14,2021-01-21,Particulier,Technicien,2397.63,26,A002,Bordeaux,33300,marie.roux_3363@example.fr,Actif
3364,C003364,Océane,Garcia,1964-03-12,2025-10-25,Particulier,Employé,2707.35,87,A010,Bayonne,64100,oceane.garcia_3364@example.fr,Actif
3365,C003365,Julien,Laurent,1952-01-16,2021-10-25,Particulier,Employé,2611.15,58,A014,Oloron-Sainte-Marie,64400,julien.laurent_3365@example.fr,Actif
3366,C003366,Nathan,Bonnet,1967-01-23,2016-08-07,Particulier,Artisan,63.8,54,A013,Orthez,64300,nathan.bonnet_3366@example.fr,Actif
3367,C003367,Hugo,Bertrand,1989-01-16,2023-04-06,Professionnel,Cadre,4761.22,84,A007,Arcachon,33120,hugo.bertrand_3367@example.fr,Actif
3368,C003368,Jade,Durand,1973-05-02,2024-06-19,Particulier,Employé,0.0,62,A014,Oloron-Sainte-Marie,64400,jade.durand_3368@example.fr,Actif
3369,C003369,Mathis,Vincent,1970-06-05,2021-02-22,Particulier,Agriculteur,2273.32,66,A022,Bergerac,24100,mathis.vincent_3369@example.fr,Actif
3370,C003370,Antoine,Vincent,1973-11-26,2021-06-06,Particulier,Employé,1275.55,45,A007,Arcachon,33120,antoine.vincent_3370@example.fr,Actif
3371,C003371,Chloé,Fournier,1978-11-12,2017-02-04,Particulier,Employé,3973.74,67,A022,Bergerac,24100,chloe.fournier_3371@example.fr,Actif
3372,C003372,Élodie,Dupont,1971-08-24,2022-10-07,Particulier,Technicien,4024.49,63,A012,Anglet,64600,elodie.dupont_3372@example.fr,Actif
3373,C003373,Jade,Roux,1986-03-16,2020-08-17,Particulier,Agriculteur,2027.26,53,A019,Limoges,87000,jade.roux_3373@example.fr,Actif
3374,C003374,Jade,Girard,1990-05-18,2018-10-25,Particulier,Cadre,4004.23,70,A020,Brive-la-Gaillarde,19100,jade.girard_3374@example.fr,Actif
3375,C003375,Gabriel,Dubois,1995-01-11,2025-12-04,Particulier,Cadre,2364.49,41,A016,Rochefort,17300,gabriel.dubois_3375@example.fr,Actif
3376,C003376,Antoine,Lambert,1986-01-02,2017-11-24,Particulier,Retraité,2659.77,24,A009,Pau,64000,antoine.lambert_3376@example.fr,Actif
3377,C003377,Alexandre,Vincent,1980-10-13,2018-09-21,Particulier,Retraité,1295.95,42,A002,Bordeaux,33300,alexandre.vincent_3377@example.fr,Actif
3378,C003378,Camille,Robert,1989-12-06,2023-03-26,Particulier,Agriculteur,3238.29,71,A018,Poitiers,86000,camille.robert_3378@example.fr,Actif
3379,C003379,Manon,Roux,2004-03-21,2024-12-15,Particulier,Technicien,804.96,66,A010,Bayonne,64100,manon.roux_3379@example.fr,Actif
3380,C003380,Marie,André,1979-01-17,2021-05-09,Particulier,Retraité,2952.53,52,A019,Limoges,87000,marie.andré_3380@example.fr,Actif
3381,C003381,Léa,Garcia,1985-06-21,2022-10-27,Particulier,Cadre,1848.95,24,A017,Niort,79000,lea.garcia_3381@example.fr,Inactif
3382,C003382,Julien,Lambert,1985-03-19,2023-07-05,Particulier,Employé,2388.25,52,A025,Dax,40100,julien.lambert_3382@example.fr,Actif
3383,C003383,Clara,Bonnet,1948-10-30,2025-05-26,Particulier,Employé,2732.58,65,A010,Bayonne,64100,clara.bonnet_3383@example.fr,Actif
3384,C003384,Noah,Martin,1946-08-06,2015-06-01,Particulier,Employé,4946.1,25,A012,Anglet,64600,noah.martin_3384@example.fr,Actif
3385,C003385,Marie,Robert,1989-04-03,2018-09-11,Particulier,Étudiant,1117.59,47,A015,La Rochelle,17000,marie.robert_3385@example.fr,Actif
3386,C003386,Emma,Morel,1953-01-14,2015-03-17,Particulier,Enseignant,3630.13,62,A020,Brive-la-Gaillarde,19100,emma.morel_3386@example.fr,Actif
3387,C003387,Hugo,Dubois,1952-10-28,2021-04-28,Professionnel,Retraité,2643.27,72,A015,La Rochelle,17000,hugo.dubois_3387@example.fr,Inactif
3388,C003388,Alexandre,Moreau,1961-03-22,2021-06-02,Particulier,Employé,1218.86,53,A018,Poitiers,86000,alexandre.moreau_3388@example.fr,Actif
3389,C003389,Nathan,Lambert,1992-01-08,2016-09-11,Particulier,Sans emploi,932.16,71,A012,Anglet,64600,nathan.lambert_3389@example.fr,Actif
3390,C003390,Mathis,Thomas,1976-01-18,2022-01-04,Professionnel,Employé,4015.12,59,A020,Brive-la-Gaillarde,19100,mathis.thomas_3390@example.fr,Actif
3391,C003391,Marie,Lefebvre,1957-04-22,2024-01-17,Particulier,Employé,0.0,82,A023,Agen,47000,marie.lefebvre_3391@example.fr,Actif
3392,C003392,Mathis,Garcia,1964-03-02,2024-02-26,Particulier,Commerçant,2686.95,63,A022,Bergerac,24100,mathis.garcia_3392@example.fr,Actif
3393,C003393,Marie,François,1985-04-26,2024-11-10,Particulier,Enseignant,5501.24,44,A002,Bordeaux,33300,marie.françois_3393@example.fr,Actif
3394,C003394,Sarah,Lefebvre,2004-10-13,2023-08-24,Professionnel,Employé,2568.89,47,A002,Bordeaux,33300,sarah.lefebvre_3394@example.fr,Actif
3395,C003395,Manon,Bernard,1961-03-26,2016-04-10,Particulier,Technicien,765.03,35,A011,Biarritz,64200,manon.bernard_3395@example.fr,Actif
3396,C003396,Julien,Roux,1948-04-10,2024-12-10,Association,Étudiant,888.39,45,A010,Bayonne,64100,julien.roux_3396@example.fr,Actif
3397,C003397,Hugo,Bertrand,1963-12-19,2015-10-03,Particulier,Employé,3218.93,58,A008,Langon,33210,hugo.bertrand_3397@example.fr,Inactif
3398,C003398,Chloé,Thomas,1980-06-11,2023-03-25,Particulier,Employé,2650.43,53,A005,Talence,33400,chloe.thomas_3398@example.fr,Actif
3399,C003399,Noah,Michel,1957-03-12,2021-09-02,Particulier,Étudiant,790.72,82,A019,Limoges,87000,noah.michel_3399@example.fr,Actif
3400,C003400,Gabriel,Richard,1956-11-05,2015-05-31,Particulier,Cadre,0.0,28,A014,Oloron-Sainte-Marie,64400,gabriel.richard_3400@example.fr,Actif
3401,C003401,Sarah,Leroy,1955-08-21,2020-11-09,Particulier,Retraité,2065.31,60,A025,Dax,40100,sarah.leroy_3401@example.fr,Actif
3402,C003402,Noah,David,1955-02-19,2015-11-14,Particulier,Agriculteur,1216.42,46,A005,Talence,33400,noah.david_3402@example.fr,Actif
3403,C003403,Élodie,Petit,1958-08-23,2018-04-27,Particulier,Retraité,1284.85,55,A003,Mérignac,33700,elodie.petit_3403@example.fr,Actif
3404,C003404,Sarah,Moreau,1963-04-10,2019-04-13,Particulier,Enseignant,2311.25,46,A013,Orthez,64300,sarah.moreau_3404@example.fr,Actif
3405,C003405,Zoé,Robert,1958-07-04,2025-10-31,Professionnel,Commerçant,6268.51,72,A013,Orthez,64300,zoe.robert_3405@example.fr,Actif
3406,C003406,Antoine,Thomas,1999-12-03,2019-12-28,Particulier,Cadre,3138.9,73,A025,Dax,40100,antoine.thomas_3406@example.fr,Actif
3407,C003407,Antoine,Simon,1989-01-13,2024-04-11,Particulier,Retraité,2099.8,51,A020,Brive-la-Gaillarde,19100,antoine.simon_3407@example.fr,Actif
3408,C003408,Camille,Morel,1970-04-20,2021-11-26,Professionnel,Employé,4312.8,39,A015,La Rochelle,17000,camille.morel_3408@example.fr,Actif
3409,C003409,Hugo,Durand,1961-09-08,2015-07-02,Particulier,Technicien,3854.4,54,A025,Dax,40100,hugo.durand_3409@example.fr,Actif
3410,C003410,Julien,Roux,1963-04-11,2025-06-13,Professionnel,Artisan,4882.95,45,A002,Bordeaux,33300,julien.roux_3410@example.fr,Actif
3411,C003411,Léa,Bernard,1968-07-31,2015-03-02,Particulier,Employé,702.33,29,A019,Limoges,87000,lea.bernard_3411@example.fr,Actif
3412,C003412,Camille,Leroy,1979-01-28,2023-02-07,Particulier,Sans emploi,3600.67,62,A012,Anglet,64600,camille.leroy_3412@example.fr,Actif
3413,C003413,Gabriel,Thomas,1973-12-27,2016-06-24,Particulier,Étudiant,964.94,50,A016,Rochefort,17300,gabriel.thomas_3413@example.fr,Actif
3414,C003414,Clara,Garcia,1967-11-10,2019-02-08,Professionnel,Étudiant,1215.77,54,A023,Agen,47000,clara.garcia_3414@example.fr,Actif
3415,C003415,Sarah,Simon,1950-09-28,2025-01-20,Particulier,Technicien,4423.92,73,A008,Langon,33210,sarah.simon_3415@example.fr,Actif
3416,C003416,Manon,Legrand,1991-05-03,2018-06-09,Particulier,Commerçant,2915.83,76,A003,Mérignac,33700,manon.legrand_3416@example.fr,Actif
3417,C003417,Manon,Bonnet,1979-11-02,2016-03-03,Particulier,Retraité,2868.13,54,A011,Biarritz,64200,manon.bonnet_3417@example.fr,Actif
3418,C003418,Jade,David,1959-12-16,2022-03-29,Particulier,Employé,0.0,64,A001,Bordeaux,33000,jade.david_3418@example.fr,Actif
3419,C003419,Paul,Mercier,1990-11-10,2025-02-02,Particulier,Étudiant,786.54,50,A003,Mérignac,,paul.mercier_3419@example.fr,Actif
3420,C003420,Manon,Bertrand,1994-04-03,2017-12-15,Particulier,Retraité,2261.18,49,A018,Poitiers,86000,manon.bertrand_3420@example.fr,Actif
3421,C003421,Gabriel,David,1958-06-25,2020-12-12,Particulier,Cadre,850.69,61,A013,Orthez,64300,gabriel.david_3421@example.fr,Actif
3422,C003422,Alexandre,Lambert,1971-02-21,2026-05-01,Particulier,Enseignant,3979.39,38,A018,Poitiers,86000,alexandre.lambert_3422@example.fr,Actif
3423,C003423,Marie,Lambert,1947-10-28,2018-04-23,Professionnel,Retraité,1606.43,66,A014,Oloron-Sainte-Marie,64400,marie.lambert_3423@example.fr,Actif
3424,C003424,Marie,Richard,2001-06-28,2022-12-07,Particulier,Agriculteur,2624.77,80,A017,Niort,79000,marie.richard_3424@example.fr,Actif
3425,C003425,Amélie,Bertrand,1945-06-13,2017-09-04,Particulier,Employé,3123.64,63,A012,Anglet,64600,amelie.bertrand_3425@example.fr,Actif
3426,C003426,Océane,Dupont,1951-02-28,2022-04-11,Professionnel,Profession libérale,4124.65,54,A022,Bergerac,24100,oceane.dupont_3426@example.fr,Actif
3427,C003427,Alexandre,Moreau,1953-01-08,2017-10-28,Particulier,Enseignant,270.15,41,A009,Pau,64000,alexandre.moreau_3427@example.fr,Actif
3428,C003428,Sarah,Lambert,1970-08-25,2019-09-26,Particulier,Retraité,1459.85,60,A008,Langon,33210,sarah.lambert_3428@example.fr,Actif
3429,C003429,Manon,Girard,2000-03-23,2024-09-18,Professionnel,Sans emploi,7591.02,42,A012,Anglet,64600,manon.girard_3429@example.fr,Actif
3430,C003430,Thomas,André,1970-04-07,2025-07-31,Particulier,Profession libérale,2990.11,58,A025,Dax,40100,thomas.andré_3430@example.fr,Inactif
3431,C003431,Alexandre,Dubois,1952-07-13,2017-07-31,Particulier,Enseignant,1263.77,58,A019,Limoges,87000,alexandre.dubois_3431@example.fr,Actif
3432,C003432,Alexandre,Vincent,1979-12-30,2018-10-09,Particulier,Artisan,2145.46,30,A024,Mont-de-Marsan,40000,alexandre.vincent_3432@example.fr,Actif
3433,C003433,Clara,Michel,1982-01-26,2019-04-12,Particulier,Employé,4111.01,73,A003,Mérignac,33700,clara.michel_3433@example.fr,Actif
3434,C003434,Gabriel,Lefebvre,1948-07-30,2023-08-15,Professionnel,Employé,5386.64,72,A016,Rochefort,17300,gabriel.lefebvre_3434@example.fr,Actif
3435,C003435,Lucas,Simon,1973-12-17,2019-10-02,Particulier,Technicien,3140.13,38,A004,Pessac,33600,lucas.simon_3435@example.fr,Actif
3436,C003436,Léa,Girard,1965-06-18,2022-02-04,Particulier,Employé,2287.44,37,A023,Agen,47000,lea.girard_3436@example.fr,Actif
3437,C003437,Zoé,Leroy,1988-02-03,2015-04-29,Particulier,Commerçant,574.3,65,A010,Bayonne,64100,zoe.leroy_3437@example.fr,Actif
3438,C003438,Enzo,Michel,1977-05-27,2020-06-12,Particulier,Employé,6416.43,72,A006,Libourne,33500,enzo.michel_3438@example.fr,Actif
3439,C003439,Élodie,Thomas,1956-11-16,2026-06-25,Particulier,Sans emploi,0.0,40,A025,Dax,40100,elodie.thomas_3439@example.fr,Actif
3440,C003440,Antoine,Leroy,1977-02-28,2021-02-05,Particulier,Artisan,4023.12,58,A011,Biarritz,64200,antoine.leroy_3440@example.fr,Actif
3441,C003441,Océane,Martin,2004-03-12,2016-10-18,Particulier,Employé,2039.24,52,A007,Arcachon,33120,oceane.martin_3441@example.fr,Actif
3442,C003442,Julien,Leroy,1985-07-30,2018-09-02,Particulier,Employé,1165.41,95,A016,Rochefort,17300,julien.leroy_3442@example.fr,Actif
3443,C003443,Chloé,Dupont,1994-12-05,2023-11-27,Particulier,Employé,806.36,65,A007,Arcachon,33120,chloe.dupont_3443@example.fr,Actif
3444,C003444,Emma,Girard,1971-12-11,2018-05-06,Professionnel,Sans emploi,5918.3,46,A011,Biarritz,64200,emma.girard_3444@example.fr,Actif
3445,C003445,Manon,Morel,1968-04-02,2017-02-03,Particulier,Enseignant,535.86,47,A025,Dax,40100,manon.morel_3445@example.fr,Actif
3446,C003446,Paul,Roux,1998-03-25,2025-08-24,Particulier,Employé,4579.59,51,A003,Mérignac,33700,paul.roux_3446@example.fr,Actif
3447,C003447,Clara,Bertrand,1984-08-25,2016-11-19,Particulier,Profession libérale,52.57,49,A003,Mérignac,33700,clara.bertrand_3447@example.fr,Actif
3448,C003448,Jade,Petit,1963-01-28,2024-10-22,Particulier,Enseignant,2167.94,48,A008,Langon,33210,jade.petit_3448@example.fr,Actif
3449,C003449,Chloé,Laurent,2002-07-01,2017-10-16,Particulier,Agriculteur,905.65,45,A017,Niort,79000,chloe.laurent_3449@example.fr,Actif
3450,C003450,Inès,Lefebvre,1991-09-07,2016-11-09,Particulier,Agriculteur,0.0,61,A002,Bordeaux,33300,ines.lefebvre_3450@example.fr,Actif
3451,C003451,Hugo,Petit,1995-08-13,2015-05-05,Particulier,Agriculteur,2793.22,55,A023,Agen,47000,hugo.petit_3451@example.fr,Actif
3452,C003452,Enzo,Martinez,1953-04-04,2023-01-07,Particulier,Enseignant,3648.94,43,A024,Mont-de-Marsan,40000,enzo.martinez_3452@example.fr,Inactif
3453,C003453,Paul,Roux,1966-04-14,2016-07-06,Particulier,Enseignant,1646.35,53,A006,Libourne,33500,paul.roux_3453@example.fr,Clos
3454,C003454,Manon,Moreau,1990-01-14,2018-05-13,Particulier,Agriculteur,3596.88,63,A019,Limoges,87000,manon.moreau_3454@example.fr,Actif
3455,C003455,Enzo,David,1980-11-19,2015-04-16,Particulier,Commerçant,2882.23,74,A009,Pau,64000,enzo.david_3455@example.fr,Actif
3456,C003456,Amélie,André,1984-05-09,2024-12-28,Particulier,Enseignant,496.74,59,A011,Biarritz,64200,amelie.andré_3456@example.fr,Actif
3457,C003457,Manon,Lefebvre,1983-10-10,2015-12-27,Particulier,Cadre,1927.48,62,A011,Biarritz,64200,manon.lefebvre_3457@example.fr,Actif
3458,C003458,Sarah,André,1961-10-08,2018-09-25,Particulier,Enseignant,126.21,84,A002,Bordeaux,33300,sarah.andré_3458@example.fr,Actif
3459,C003459,Noah,Robert,1994-02-23,2019-11-30,Particulier,Artisan,479.03,48,A005,Talence,33400,noah.robert_3459@example.fr,Actif
3460,C003460,Enzo,Dubois,1958-06-25,2018-03-17,Particulier,Retraité,1961.72,64,A010,Bayonne,64100,enzo.dubois_3460@example.fr,Actif
3461,C003461,Noah,Lefebvre,2000-09-18,2025-05-22,Particulier,Employé,4233.78,51,A020,Brive-la-Gaillarde,19100,noah.lefebvre_3461@example.fr,Actif
3462,C003462,Jade,Michel,1997-05-14,2020-04-01,Professionnel,Profession libérale,4301.26,52,A024,Mont-de-Marsan,40000,jade.michel_3462@example.fr,Actif
3463,C003463,Julien,Roux,1984-05-08,2016-10-07,Particulier,Commerçant,4101.19,60,A024,Mont-de-Marsan,40000,julien.roux_3463@example.fr,Actif
3464,C003464,Chloé,Legrand,1976-05-16,2017-01-15,Particulier,Enseignant,3104.07,60,A022,Bergerac,24100,chloe.legrand_3464@example.fr,Actif
3465,C003465,Lucas,Bonnet,1990-02-09,2018-06-12,Particulier,Technicien,2681.39,41,A017,Niort,79000,lucas.bonnet_3465@example.fr,Actif
3466,C003466,Antoine,Moreau,1988-12-17,2018-08-19,Particulier,Employé,1292.86,95,A015,La Rochelle,17000,antoine.moreau_3466@example.fr,Actif
3467,C003467,Clara,Mercier,1994-01-02,2016-06-12,Particulier,Artisan,1695.08,44,A025,Dax,40100,clara.mercier_3467@example.fr,Actif
3468,C003468,Manon,Vincent,1987-12-24,2017-06-11,Professionnel,Cadre,6272.29,32,A007,Arcachon,33120,manon.vincent_3468@example.fr,Actif
3469,C003469,Clara,Bertrand,1995-11-23,2017-03-02,Particulier,Technicien,4488.92,68,A006,Libourne,33500,clara.bertrand_3469@example.fr,Inactif
3470,C003470,Hugo,Dupont,1963-09-14,2019-07-10,Particulier,Employé,4336.94,69,A011,Biarritz,64200,hugo.dupont_3470@example.fr,Actif
3471,C003471,Élodie,Laurent,1955-03-31,2023-03-10,Particulier,Employé,3212.83,41,A023,Agen,47000,elodie.laurent_3471@example.fr,Actif
3472,C003472,Gabriel,Martinez,1960-03-04,2020-11-06,Particulier,Employé,2120.81,74,A019,Limoges,87000,gabriel.martinez_3472@example.fr,Actif
3473,C003473,Antoine,Thomas,1987-11-12,2023-09-27,Particulier,Retraité,2661.64,35,A014,Oloron-Sainte-Marie,64400,antoine.thomas_3473@example.fr,Actif
3474,C003474,Gabriel,Fournier,1947-03-17,2020-10-31,Particulier,Enseignant,3836.78,41,A014,Oloron-Sainte-Marie,64400,gabriel.fournier_3474@example.fr,Actif
3475,C003475,Inès,Lambert,1971-08-22,2020-04-15,Professionnel,Enseignant,5848.37,68,A009,Pau,64000,ines.lambert_3475@example.fr,Actif
3476,C003476,Zoé,Thomas,1979-04-27,2018-02-25,Professionnel,Technicien,4505.06,46,A014,Oloron-Sainte-Marie,64400,zoe.thomas_3476@example.fr,Actif
3477,C003477,Antoine,Bonnet,1974-02-09,2019-05-19,Particulier,Technicien,3213.59,59,A016,Rochefort,17300,antoine.bonnet_3477@example.fr,Actif
3478,C003478,Paul,Leroy,1957-08-08,2025-07-22,Particulier,Étudiant,102.94,44,A005,Talence,33400,paul.leroy_3478@example.fr,Actif
3479,C003479,Paul,Bernard,1995-08-30,2021-06-16,particulier,Retraité,1960.0,36,A018,Poitiers,86000,paul.bernard_3479@example.fr,Actif
3480,C003480,Mathis,Lefebvre,2000-01-06,2022-09-23,Particulier,Retraité,1200.32,83,A024,Mont-de-Marsan,40000,mathis.lefebvre_3480@example.fr,Actif
3481,C003481,Alexandre,Simon,1978-01-16,2023-03-21,Professionnel,Étudiant,957.48,19,A010,Bayonne,64100,alexandre.simon_3481@example.fr,Actif
3482,C003482,Clara,Michel,1972-04-03,2023-06-30,Particulier,Profession libérale,2841.76,95,A002,Bordeaux,33300,clara.michel_3482@example.fr,Actif
3483,C003483,Océane,Dupont,2003-07-24,2022-10-26,Particulier,Employé,1211.81,62,A011,Biarritz,64200,oceane.dupont_3483@example.fr,Actif
3484,C003484,Enzo,Durand,1945-11-23,2017-08-17,Particulier,Commerçant,0.0,40,A011,Biarritz,64200,enzo.durand_3484@example.fr,Actif
3485,C003485,Gabriel,Richard,1975-01-17,2023-07-02,Particulier,Retraité,2170.03,23,A018,Poitiers,86000,gabriel.richard_3485@example.fr,Actif
3486,C003486,Paul,Thomas,1988-05-11,2019-08-19,Particulier,Employé,1992.6,54,A023,Agen,47000,paul.thomas_3486@example.fr,Actif
3487,C003487,Camille,Durand,1987-11-19,2024-10-13,Particulier,Employé,5296.18,39,A018,Poitiers,86000,camille.durand_3487@example.fr,Actif
3488,C003488,Gabriel,Richard,1959-09-29,2023-10-16,Particulier,Employé,22.24,67,A004,Pessac,33600,gabriel.richard_3488@example.fr,Actif
3489,C003489,Léa,Garcia,1982-08-18,2019-12-20,Particulier,Étudiant,245.54,38,A019,Limoges,87000,lea.garcia_3489@example.fr,Actif
3490,C003490,Zoé,François,1949-10-29,2016-04-19,Professionnel,Artisan,5204.68,34,A015,La Rochelle,17000,zoe.françois_3490@example.fr,Actif
3491,C003491,Léa,Lambert,1959-10-07,2024-10-05,Professionnel,Employé,5278.85,32,A004,Pessac,33600,lea.lambert_3491@example.fr,Actif
3492,C003492,Gabriel,Girard,1958-06-03,2019-04-08,Particulier,Employé,1712.45,68,A018,Poitiers,86000,gabriel.girard_3492@example.fr,Actif
3493,C003493,Manon,Bernard,1945-08-17,2022-03-07,Professionnel,Employé,3515.17,12,A012,Anglet,64600,manon.bernard_3493@example.fr,Actif
3494,C003494,Gabriel,Dubois,1989-12-31,2019-05-17,Professionnel,Employé,3452.46,63,A019,Limoges,87000,gabriel.dubois_3494@example.fr,Actif
3495,C003495,Hugo,Lambert,1985-05-18,2021-02-21,Particulier,Sans emploi,3580.7,45,A021,Périgueux,24000,hugo.lambert_3495@example.fr,Actif
3496,C003496,Lucas,François,1989-01-01,2023-05-09,Particulier,Employé,6010.34,74,A024,Mont-de-Marsan,40000,lucas.françois_3496@example.fr,Actif
3497,C003497,Noah,Michel,1973-10-11,2020-04-18,Association,Cadre,5273.87,70,A022,Bergerac,24100,noah.michel_3497@example.fr,Actif
3498,C003498,Manon,Durand,1951-08-27,2015-05-11,Particulier,Étudiant,771.49,71,A010,Bayonne,64100,manon.durand_3498@example.fr,Actif
3499,C003499,Enzo,Girard,1962-10-22,2020-09-03,Particulier,Artisan,5189.69,86,A001,Bordeaux,33000,enzo.girard_3499@example.fr,Actif
3500,C003500,Alexandre,Morel,1992-08-02,2020-01-27,Association,Technicien,3920.34,50,A008,Langon,33210,alexandre.morel_3500@example.fr,Actif
3501,C003501,Marie,Dubois,1955-12-16,2026-03-11,Particulier,Technicien,5586.16,20,A014,Oloron-Sainte-Marie,64400,marie.dubois_3501@example.fr,Inactif
3502,C003502,Paul,Bertrand,1975-06-14,2026-03-13,Particulier,Employé,1093.19,72,A003,Mérignac,33700,paul.bertrand_3502@example.fr,Actif
3503,C003503,Zoé,Durand,1952-03-18,2017-10-26,Particulier,Sans emploi,3340.45,62,A012,Anglet,64600,zoe.durand_3503@example.fr,Actif
3504,C003504,Alexandre,Legrand,1971-05-10,2025-03-15,Particulier,Employé,1984.6,77,A012,Anglet,64600,alexandre.legrand_3504@example.fr,Actif
3505,C003505,Lucas,Richard,1990-07-18,2016-12-11,Particulier,Artisan,3752.57,47,A010,Bayonne,64100,lucas.richard_3505@example.fr,Actif
3506,C003506,Élodie,Simon,1965-07-28,2019-04-11,Particulier,Retraité,2190.44,60,A022,Bergerac,24100,elodie.simon_3506@example.fr,Inactif
3507,C003507,Paul,François,1985-10-04,2017-05-12,Particulier,Enseignant,1228.62,58,A015,La Rochelle,17000,paul.françois_3507@example.fr,Actif
3508,C003508,Manon,Laurent,1978-11-09,2015-09-20,Particulier,Employé,2799.39,42,A024,Mont-de-Marsan,40000,manon.laurent_3508@example.fr,Actif
3509,C003509,Élodie,Dupont,1953-10-09,2020-09-19,Particulier,Retraité,2492.88,13,A002,Bordeaux,33300,elodie.dupont_3509@example.fr,Actif
3510,C003510,Élodie,Morel,2000-01-07,2019-04-22,Particulier,Commerçant,2302.28,46,A019,Limoges,87000,elodie.morel_3510@example.fr,Actif
3511,C003511,Clara,Mercier,1976-08-29,2018-01-13,Particulier,Technicien,3021.32,95,A024,Mont-de-Marsan,40000,clara.mercier_3511@example.fr,Actif
3512,C003512,Océane,Robert,1977-07-25,2017-08-26,Particulier,Technicien,2861.42,53,A017,Niort,79000,oceane.robert_3512@example.fr,Actif
3513,C003513,Léa,Leroy,1952-06-01,2018-06-30,Particulier,Enseignant,1713.81,59,A002,Bordeaux,33300,lea.leroy_3513@example.fr,Inactif
3514,C003514,Camille,François,1972-06-29,2026-01-19,Particulier,Retraité,1885.61,42,A017,Niort,79000,camille.françois_3514@example.fr,Actif
3515,C003515,Jade,Bertrand,1997-11-26,2017-08-20,Particulier,Employé,3224.82,63,A008,Langon,33210,jade.bertrand_3515@example.fr,Actif
3516,C003516,Emma,Garcia,1974-10-25,2016-07-03,Particulier,Employé,3839.06,48,A006,Libourne,,emma.garcia_3516@example.fr,Clos
3517,C003517,Gabriel,Leroy,1967-03-26,2021-12-21,Particulier,Employé,2283.12,59,A005,Talence,33400,gabriel.leroy_3517@example.fr,Actif
3518,C003518,Enzo,Fournier,1966-11-09,2022-05-20,Particulier,Profession libérale,3880.74,54,A022,Bergerac,24100,enzo.fournier_3518@example.fr,Actif
3519,C003519,Hugo,Simon,1985-04-24,2021-02-11,Particulier,Profession libérale,2938.25,46,A014,Oloron-Sainte-Marie,64400,hugo.simon_3519@example.fr,Actif
3520,C003520,Camille,Simon,1979-09-01,2019-07-14,Particulier,Enseignant,2562.68,70,A017,Niort,79000,camille.simon_3520@example.fr,Inactif
3521,C003521,Marie,Leroy,1966-12-05,2019-05-28,Particulier,Employé,550.08,46,A006,Libourne,33500,marie.leroy_3521@example.fr,Actif
3522,C003522,Léa,Dupont,1968-12-15,2018-10-22,Particulier,Enseignant,909.79,48,A008,Langon,33210,lea.dupont_3522@example.fr,Actif
3523,C003523,Enzo,François,1952-05-13,2024-11-29,Particulier,Employé,1433.67,56,A022,Bergerac,24100,enzo.françois_3523@example.fr,Actif
3524,C003524,Chloé,Mercier,1998-05-16,2020-11-06,Professionnel,Artisan,6376.5,62,A003,Mérignac,33700,chloe.mercier_3524@example.fr,Actif
3525,C003525,Alexandre,Martin,1981-12-02,2015-06-11,Particulier,Cadre,4513.28,68,A003,Mérignac,33700,alexandre.martin_3525@example.fr,Actif
3526,C003526,Océane,David,1979-01-20,2021-03-04,Professionnel,Sans emploi,4607.61,75,A008,Langon,33210,oceane.david_3526@example.fr,Actif
3527,C003527,Inès,Bertrand,1979-06-09,2017-12-01,Particulier,Employé,2619.68,44,A013,Orthez,64300,ines.bertrand_3527@example.fr,Actif
3528,C003528,Mathis,Thomas,1954-01-27,2021-12-13,Particulier,Cadre,4792.81,49,A010,Bayonne,64100,mathis.thomas_3528@example.fr,Actif
3529,C003529,Léa,Legrand,1974-02-12,2022-07-20,Particulier,Enseignant,0.0,44,A008,Langon,33210,lea.legrand_3529@example.fr,Actif
3530,C003530,Zoé,Dubois,1948-01-08,2022-05-17,Professionnel,Employé,6886.72,95,A017,Niort,79000,zoe.dubois_3530@example.fr,Actif
3531,C003531,Inès,Laurent,1945-11-30,2024-02-23,Particulier,Employé,2371.82,41,A002,Bordeaux,33300,ines.laurent_3531@example.fr,Actif
3532,C003532,Emma,André,1964-10-30,2015-06-13,Particulier,Commerçant,3402.49,65,A022,Bergerac,24100,emma.andré_3532@example.fr,Clos
3533,C003533,Enzo,Leroy,1989-09-05,2019-04-10,Particulier,Artisan,4462.36,82,A014,Oloron-Sainte-Marie,64400,enzo.leroy_3533@example.fr,Actif
3534,C003534,Mathis,Petit,1982-05-07,2019-12-28,Particulier,Cadre,4200.68,47,A019,Limoges,87000,mathis.petit_3534@example.fr,Actif
3535,C003535,Zoé,Simon,1990-06-10,2019-12-21,Particulier,Employé,3142.73,94,A004,Pessac,33600,zoe.simon_3535@example.fr,Actif
3536,C003536,Hugo,Durand,1994-08-10,2017-08-22,Particulier,Employé,1278.25,50,A014,Oloron-Sainte-Marie,64400,hugo.durand_3536@example.fr,Actif
3537,C003537,Antoine,Robert,1981-03-26,2020-03-19,Association,Retraité,1490.59,62,A025,Dax,40100,antoine.robert_3537@example.fr,Inactif
3538,C003538,Sarah,Thomas,1954-12-12,2020-02-10,Particulier,Retraité,1559.95,28,A015,La Rochelle,17000,sarah.thomas_3538@example.fr,Actif
3539,C003539,Clara,Lambert,1996-10-13,2020-02-17,Particulier,Cadre,4745.88,79,A016,Rochefort,17300,clara.lambert_3539@example.fr,Actif
3540,C003540,Sarah,Legrand,1988-07-24,2015-03-10,Professionnel,Commerçant,5103.33,43,A022,Bergerac,24100,sarah.legrand_3540@example.fr,Actif
3541,C003541,Alexandre,Moreau,1968-08-17,2016-09-19,Particulier,Technicien,2756.51,55,A020,Brive-la-Gaillarde,19100,alexandre.moreau_3541@example.fr,Actif
3542,C003542,Zoé,Leroy,1990-04-30,2017-03-08,Particulier,Cadre,4956.12,39,A023,Agen,47000,zoe.leroy_3542@example.fr,Actif
3543,C003543,Thomas,Roux,1991-11-06,2020-12-24,Particulier,Artisan,1814.86,36,A019,Limoges,87000,thomas.roux_3543@example.fr,Actif
3544,C003544,Clara,Roux,2004-07-30,2015-09-02,Professionnel,Étudiant,251.56,47,A009,Pau,64000,clara.roux_3544@example.fr,Inactif
3545,C003545,Manon,Mercier,2004-06-28,2016-01-13,Particulier,Cadre,2041.58,56,A025,Dax,40100,manon.mercier_3545@example.fr,Actif
3546,C003546,Chloé,Richard,2000-09-10,2018-06-18,Particulier,Artisan,4416.21,41,A018,Poitiers,86000,chloe.richard_3546@example.fr,Inactif
3547,C003547,Manon,Girard,1976-03-19,2021-04-03,Professionnel,Employé,5942.65,68,A006,Libourne,33500,manon.girard_3547@example.fr,Actif
3548,C003548,Amélie,Petit,1953-11-06,2025-05-15,Particulier,Profession libérale,3429.52,52,A014,Oloron-Sainte-Marie,64400,amelie.petit_3548@example.fr,Actif
3549,C003549,Noah,Thomas,2004-05-02,2020-07-28,Particulier,Artisan,3947.97,45,A010,Bayonne,64100,noah.thomas_3549@example.fr,Actif
3550,C003550,Paul,Bernard,1950-03-07,2015-02-14,Particulier,Retraité,2350.26,41,A008,Langon,33210,paul.bernard_3550@example.fr,Actif
3551,C003551,Océane,Bernard,1960-01-14,2021-03-11,Association,Retraité,1510.07,37,A015,La Rochelle,17000,oceane.bernard_3551@example.fr,Actif
3552,C003552,Jade,Thomas,1974-05-26,2025-08-14,Particulier,Étudiant,1041.96,18,A012,Anglet,64600,jade.thomas_3552@example.fr,Actif
3553,C003553,Hugo,Simon,1946-03-05,2025-08-20,Particulier,Employé,4450.86,34,A017,Niort,79000,hugo.simon_3553@example.fr,Actif
3554,C003554,Manon,Bonnet,1987-01-17,2022-07-06,Particulier,Commerçant,2508.77,48,A007,Arcachon,33120,manon.bonnet_3554@example.fr,Actif
3555,C003555,Élodie,Vincent,2002-06-01,2018-08-03,Particulier,Étudiant,604.48,50,A022,Bergerac,24100,elodie.vincent_3555@example.fr,Actif
3556,C003556,Clara,Bernard,1976-10-15,2025-12-19,Professionnel,Commerçant,6743.28,89,A006,Libourne,33500,clara.bernard_3556@example.fr,Actif
3557,C003557,Thomas,Martin,1995-02-16,2022-12-24,Particulier,Étudiant,1478.34,72,A003,Mérignac,33700,thomas.martin_3557@example.fr,Actif
3558,C003558,Emma,Lefebvre,1959-10-13,2016-07-16,Particulier,Enseignant,7052.7,44,A010,Bayonne,64100,emma.lefebvre_3558@example.fr,Inactif
3559,C003559,Lucas,Moreau,1998-02-22,2020-04-03,Particulier,Employé,2800.12,65,A015,La Rochelle,17000,lucas.moreau_3559@example.fr,Actif
3560,C003560,Océane,Vincent,1945-06-24,2023-10-20,Association,Retraité,2375.47,18,A020,Brive-la-Gaillarde,19100,oceane.vincent_3560@example.fr,Actif
3561,C003561,Lucas,Morel,1969-03-23,2018-01-08,Particulier,Employé,3410.05,57,A021,Périgueux,24000,lucas.morel_3561@example.fr,Actif
3562,C003562,Julien,Lambert,1954-04-14,2020-09-18,Particulier,Artisan,302.25,89,A006,Libourne,33500,julien.lambert_3562@example.fr,Clos
3563,C003563,Élodie,Moreau,1997-05-13,2019-04-08,Association,Employé,4761.57,53,A024,Mont-de-Marsan,40000,elodie.moreau_3563@example.fr,Actif
3564,C003564,Enzo,Girard,1949-07-08,2018-05-02,Professionnel,Employé,5938.16,33,A005,Talence,33400,enzo.girard_3564@example.fr,Actif
3565,C003565,Paul,Martin,1985-12-04,2015-05-30,Particulier,Employé,4525.82,45,A004,Pessac,33600,paul.martin_3565@example.fr,Actif
3566,C003566,Alexandre,Martin,1964-08-06,2023-02-19,Professionnel,Profession libérale,6139.18,24,A024,Mont-de-Marsan,40000,alexandre.martin_3566@example.fr,Actif
3567,C003567,Manon,Lefebvre,1985-10-16,2019-03-22,Particulier,Technicien,0.0,42,A023,Agen,47000,manon.lefebvre_3567@example.fr,Actif
3568,C003568,Amélie,Morel,1974-01-01,2021-07-26,Particulier,Artisan,3026.78,46,A019,Limoges,87000,amelie.morel_3568@example.fr,Actif
3569,C003569,Jade,Vincent,1949-04-15,2021-02-10,Particulier,Employé,3021.07,43,A007,Arcachon,33120,jade.vincent_3569@example.fr,Actif
3570,C003570,Marie,Robert,1983-06-12,2016-03-11,Particulier,Étudiant,173.59,41,A022,Bergerac,24100,marie.robert_3570@example.fr,Actif
3571,C003571,Jade,Mercier,1979-05-23,2020-02-06,Particulier,Étudiant,1422.89,66,A016,Rochefort,17300,jade.mercier_3571@example.fr,Actif
3572,C003572,Julien,Morel,1997-06-17,2020-08-10,Particulier,Profession libérale,2969.89,44,A020,Brive-la-Gaillarde,19100,julien.morel_3572@example.fr,Actif
3573,C003573,Lucas,Vincent,1979-08-24,2019-12-25,Professionnel,Employé,6292.34,53,A002,Bordeaux,33300,lucas.vincent_3573@example.fr,Clos
3574,C003574,Paul,Laurent,1991-09-11,2024-07-30,Particulier,Technicien,4138.23,64,A011,Biarritz,64200,paul.laurent_3574@example.fr,Actif
3575,C003575,Inès,Girard,1970-01-06,2016-03-31,Professionnel,Retraité,900.0,65,A025,Dax,40100,ines.girard_3575@example.fr,Actif
3576,C003576,Hugo,Dupont,1965-12-04,2016-07-09,Professionnel,Commerçant,7682.5,45,A019,Limoges,87000,hugo.dupont_3576@example.fr,Actif
3577,C003577,Mathis,David,1945-07-24,2017-03-07,Professionnel,Cadre,4494.05,62,A013,Orthez,64300,mathis.david_3577@example.fr,Actif
3578,C003578,Gabriel,Garcia,1963-10-13,2025-10-20,Particulier,Technicien,2009.35,37,A002,Bordeaux,33300,gabriel.garcia_3578@example.fr,Actif
3579,C003579,Gabriel,Petit,1990-05-07,2021-08-19,Particulier,Enseignant,3497.66,64,A006,Libourne,33500,gabriel.petit_3579@example.fr,Actif
3580,C003580,Nathan,Thomas,1990-06-29,2024-02-04,Particulier,Cadre,5017.56,84,A022,Bergerac,24100,nathan.thomas_3580@example.fr,Clos
3581,C003581,Mathis,Martin,1950-01-27,2023-12-08,Professionnel,Employé,6046.6,72,A001,Bordeaux,33000,mathis.martin_3581@example.fr,Actif
3582,C003582,Jade,Dubois,1959-08-10,2019-03-02,Professionnel,Étudiant,86.55,30,A016,Rochefort,17300,jade.dubois_3582@example.fr,Actif
3583,C003583,Emma,Vincent,1996-11-26,2016-12-12,Particulier,Commerçant,1366.07,67,A002,Bordeaux,33300,emma.vincent_3583@example.fr,Inactif
3584,C003584,Thomas,François,1976-09-21,2019-03-08,Particulier,Employé,4605.95,72,A005,Talence,33400,thomas.françois_3584@example.fr,Actif
3585,C003585,Hugo,Moreau,1962-07-12,2026-04-02,Particulier,Agriculteur,2623.98,9,A012,Anglet,64600,hugo.moreau_3585@example.fr,Actif
3586,C003586,Noah,David,1997-12-16,2024-02-26,Particulier,Commerçant,3714.8,41,A010,Bayonne,64100,noah.david_3586@example.fr,Actif
3587,C003587,Nathan,Mercier,1980-11-14,2018-11-02,Particulier,Retraité,1064.52,39,A018,Poitiers,86000,nathan.mercier_3587@example.fr,Actif
3588,C003588,Emma,Vincent,1959-02-13,2018-11-07,Particulier,Enseignant,5753.93,40,A024,Mont-de-Marsan,,emma.vincent_3588@example.fr,Actif
3589,C003589,Paul,Fournier,1965-04-16,2019-04-15,Professionnel,Retraité,2563.12,61,A013,Orthez,64300,paul.fournier_3589@example.fr,Actif
3590,C003590,Jade,Moreau,1967-09-23,2015-12-03,Particulier,Cadre,3958.46,44,A023,Agen,47000,jade.moreau_3590@example.fr,Actif
3591,C003591,Emma,Garcia,1976-12-09,2017-07-05,Particulier,Employé,3039.97,61,A011,Biarritz,64200,emma.garcia_3591@example.fr,Actif
3592,C003592,Alexandre,Morel,1993-07-18,2021-10-16,Particulier,Employé,3776.53,59,A011,Biarritz,64200,alexandre.morel_3592@example.fr,Actif
3593,C003593,Chloé,Durand,1970-07-23,2024-07-06,Particulier,Retraité,1760.7,93,A007,Arcachon,33120,chloe.durand_3593@example.fr,Actif
3594,C003594,Océane,Girard,1994-10-18,2024-05-05,Particulier,Cadre,0.0,30,A006,Libourne,33500,oceane.girard_3594@example.fr,Actif
3595,C003595,Chloé,Fournier,1953-01-24,2021-02-08,Particulier,Enseignant,3555.36,65,A010,Bayonne,64100,chloe.fournier_3595@example.fr,Actif
3596,C003596,Zoé,Mercier,1955-09-21,2021-03-27,Particulier,Cadre,1885.91,51,A016,Rochefort,17300,zoe.mercier_3596@example.fr,Actif
3597,C003597,Sarah,Durand,1990-03-26,2021-05-17,Particulier,Retraité,2810.16,42,A019,Limoges,87000,sarah.durand_3597@example.fr,Actif
3598,C003598,Chloé,Robert,1989-03-20,2016-11-25,Particulier,Enseignant,2303.16,62,A001,Bordeaux,33000,chloe.robert_3598@example.fr,Actif
3599,C003599,Jade,Martinez,2004-07-05,2024-03-11,Particulier,Agriculteur,5114.33,74,A010,Bayonne,64100,jade.martinez_3599@example.fr,Actif
3600,C003600,Élodie,Martin,1969-04-23,2017-12-03,Particulier,Employé,945.33,66,A008,Langon,33210,elodie.martin_3600@example.fr,Actif
3601,C003601,Nathan,Fournier,1980-10-15,2015-04-14,Particulier,Retraité,2704.3,66,A004,Pessac,33600,nathan.fournier_3601@example.fr,Actif
3602,C003602,Clara,Moreau,1974-10-12,2021-05-04,Particulier,Cadre,2840.75,51,A001,Bordeaux,33000,clara.moreau_3602@example.fr,Actif
3603,C003603,Zoé,Richard,1988-12-28,2016-10-06,Particulier,Artisan,0.0,37,A011,Biarritz,64200,zoe.richard_3603@example.fr,Clos
3604,C003604,Alexandre,Dupont,1984-03-17,2020-11-01,Particulier,Étudiant,784.9,73,A011,Biarritz,64200,alexandre.dupont_3604@example.fr,Actif
3605,C003605,Inès,Robert,1967-02-25,2015-06-18,Particulier,Commerçant,2636.94,49,A014,Oloron-Sainte-Marie,64400,ines.robert_3605@example.fr,Actif
3606,C003606,Inès,Garcia,1971-12-20,2015-08-23,Professionnel,Étudiant,966.34,88,A008,Langon,33210,ines.garcia_3606@example.fr,Actif
3607,C003607,Marie,Roux,1978-05-30,2021-06-06,Particulier,Commerçant,1708.32,94,A024,Mont-de-Marsan,40000,marie.roux_3607@example.fr,Actif
3608,C003608,Noah,Dupont,1994-03-03,2015-12-25,Particulier,Cadre,3614.57,58,A022,Bergerac,24100,noah.dupont_3608@example.fr,Actif
3609,C003609,Julien,Dubois,1955-08-04,2021-12-18,Particulier,Cadre,4891.81,21,A016,Rochefort,17300,julien.dubois_3609@example.fr,Actif
3610,C003610,Enzo,Leroy,1961-07-01,2016-09-13,Particulier,Technicien,2715.67,54,A022,Bergerac,24100,enzo.leroy_3610@example.fr,Actif
3611,C003611,Hugo,Leroy,1954-12-13,2024-04-01,Particulier,Étudiant,1196.55,54,A010,Bayonne,64100,hugo.leroy_3611@example.fr,Actif
3612,C003612,Mathis,Girard,1951-06-05,2016-06-11,Particulier,Commerçant,4848.22,29,A019,Limoges,87000,mathis.girard_3612@example.fr,Inactif
3613,C003613,Inès,Bertrand,1970-07-06,2019-04-15,Particulier,Enseignant,4537.97,69,A019,Limoges,87000,ines.bertrand_3613@example.fr,Actif
3614,C003614,Thomas,Richard,1981-07-25,2015-12-14,Particulier,Employé,2323.41,13,A003,Mérignac,33700,thomas.richard_3614@example.fr,Actif
3615,C003615,Léa,Bonnet,1954-10-02,2016-05-15,Particulier,Technicien,2167.68,67,A018,Poitiers,86000,lea.bonnet_3615@example.fr,Actif
3616,C003616,Marie,Fournier,1986-01-30,2024-10-31,Particulier,Technicien,1926.6,61,A022,Bergerac,24100,marie.fournier_3616@example.fr,Actif
3617,C003617,Emma,David,1980-08-26,2024-12-26,Professionnel,Employé,3523.88,35,A019,Limoges,87000,emma.david_3617@example.fr,Actif
3618,C003618,Océane,Lefebvre,1983-09-15,2023-08-14,Particulier,Employé,4542.26,55,A018,Poitiers,86000,oceane.lefebvre_3618@example.fr,Actif
3619,C003619,Océane,Mercier,1955-10-03,2019-09-26,Particulier,EMPLOYÉ,4134.02,67,A018,Poitiers,86000,oceane.mercier_3619@example.fr,Actif
3620,C003620,Camille,Dubois,1983-03-19,2021-11-04,Particulier,Artisan,2695.31,45,A020,Brive-la-Gaillarde,19100,camille.dubois_3620@example.fr,Actif
3621,C003621,Gabriel,Dubois,1975-07-17,2016-05-26,Professionnel,Employé,6517.79,53,A009,Pau,64000,gabriel.dubois_3621@example.fr,Actif
3622,C003622,Zoé,Roux,1949-03-17,2025-08-19,Particulier,Étudiant,777.27,43,A011,Biarritz,64200,zoe.roux_3622@example.fr,Actif
3623,C003623,Manon,Bonnet,1991-07-06,2015-02-21,Particulier,Cadre,5854.39,26,A015,La Rochelle,17000,manon.bonnet_3623@example.fr,Actif
3624,C003624,Manon,Simon,1984-06-28,2020-04-28,Particulier,Employé,4981.98,80,A012,Anglet,64600,manon.simon_3624@example.fr,Actif
3625,C003625,Enzo,Simon,1954-01-22,2022-04-19,Particulier,Employé,3669.24,62,A001,Bordeaux,33000,enzo.simon_3625@example.fr,Actif
3626,C003626,Zoé,Mercier,1968-04-01,2022-10-16,Particulier,Sans emploi,1923.64,76,A013,Orthez,64300,zoe.mercier_3626@example.fr,Actif
3627,C003627,Mathis,Bonnet,1992-08-30,2019-06-17,Particulier,Employé,1412.07,5,A015,La Rochelle,17000,mathis.bonnet_3627@example.fr,Actif
3628,C003628,Léa,Martin,1983-03-09,2015-06-22,Particulier,Cadre,4283.22,58,A008,Langon,33210,lea.martin_3628@example.fr,Actif
3629,C003629,Mathis,Thomas,1949-06-14,2026-04-13,Particulier,Cadre,693.59,73,A001,Bordeaux,33000,mathis.thomas_3629@example.fr,Actif
3630,C003630,Océane,Morel,1992-03-31,2018-11-24,Particulier,Commerçant,1425.3,35,A011,Biarritz,64200,oceane.morel_3630@example.fr,Actif
3631,C003631,Enzo,Dupont,1956-02-19,2025-09-08,Particulier,Employé,2966.66,54,A019,Limoges,87000,enzo.dupont_3631@example.fr,Actif
3632,C003632,Élodie,Morel,1951-04-14,2020-11-10,Particulier,Cadre,6215.33,95,A019,Limoges,87000,elodie.morel_3632@example.fr,Inactif
3633,C003633,Amélie,André,1992-09-20,2021-03-08,Particulier,Retraité,2198.31,52,A013,Orthez,64300,amelie.andré_3633@example.fr,Clos
3634,C003634,Manon,Petit,1966-08-31,2019-10-19,Particulier,Technicien,3289.57,38,A020,Brive-la-Gaillarde,19100,manon.petit_3634@example.fr,Actif
3635,C003635,Clara,Durand,1986-03-17,2018-05-04,Particulier,Cadre,0.0,60,A018,Poitiers,86000,clara.durand_3635@example.fr,Actif
3636,C003636,Océane,Simon,2003-02-01,2023-12-26,Particulier,Employé,2548.73,31,A017,Niort,79000,oceane.simon_3636@example.fr,Inactif
3637,C003637,Jade,Durand,1990-10-14,2018-11-13,Particulier,Enseignant,1877.47,32,A003,Mérignac,33700,jade.durand_3637@example.fr,Actif
3638,C003638,Amélie,Bernard,2004-04-28,2017-04-23,Particulier,Employé,4030.57,51,A016,Rochefort,17300,amelie.bernard_3638@example.fr,Actif
3639,C003639,Enzo,Martin,1991-01-21,2018-01-06,Professionnel,Commerçant,5716.06,95,A019,Limoges,87000,enzo.martin_3639@example.fr,Actif
3640,C003640,Enzo,François,1983-06-12,2025-08-02,Particulier,Employé,2828.83,51,A017,Niort,79000,enzo.françois_3640@example.fr,Actif
3641,C003641,Lucas,Richard,2002-04-10,2021-04-30,Professionnel,Retraité,1362.33,50,A011,Biarritz,64200,lucas.richard_3641@example.fr,Actif
3642,C003642,Clara,Martin,1999-07-17,2024-01-07,Particulier,Commerçant,2855.28,43,A010,Bayonne,64100,clara.martin_3642@example.fr,Actif
3643,C003643,Gabriel,Dubois,2000-03-03,2023-12-09,Particulier,Commerçant,2969.42,57,A005,Talence,33400,gabriel.dubois_3643@example.fr,Actif
3644,C003644,Emma,Lambert,1946-07-07,2024-09-05,Particulier,Cadre,3870.64,56,A002,Bordeaux,33300,emma.lambert_3644@example.fr,Actif
3645,C003645,Antoine,Lefebvre,1960-04-24,2016-07-19,Particulier,Employé,2755.75,68,A023,Agen,47000,antoine.lefebvre_3645@example.fr,Actif
3646,C003646,Élodie,Vincent,1982-07-17,2022-09-08,Particulier,Retraité,3242.7,5,A009,Pau,64000,elodie.vincent_3646@example.fr,Actif
3647,C003647,Lucas,Laurent,1973-04-26,2020-10-07,Particulier,Cadre,2694.67,56,A016,Rochefort,17300,lucas.laurent_3647@example.fr,Actif
3648,C003648,Antoine,François,1962-07-05,2022-11-07,Particulier,Commerçant,3054.7,64,A018,Poitiers,86000,antoine.françois_3648@example.fr,Actif
3649,C003649,Mathis,Bernard,1968-12-21,2019-06-29,Particulier,Artisan,1286.85,17,A010,Bayonne,64100,mathis.bernard_3649@example.fr,Actif
3650,C003650,Élodie,David,1985-08-04,2015-04-05,Particulier,Artisan,2965.93,22,A025,Dax,40100,elodie.david_3650@example.fr,Actif
3651,C003651,Marie,André,2004-09-13,2024-11-25,Particulier,Retraité,1817.91,50,A022,Bergerac,24100,marie.andré_3651@example.fr,Actif
3652,C003652,Amélie,Legrand,2001-01-25,2023-09-15,Particulier,Retraité,1382.06,52,A016,Rochefort,17300,amelie.legrand_3652@example.fr,Inactif
3653,C003653,Thomas,Garcia,1958-03-24,2020-01-28,Particulier,Cadre,2401.32,39,A017,Niort,79000,thomas.garcia_3653@example.fr,Actif
3654,C003654,Manon,Martin,2004-10-18,2026-03-05,Particulier,Étudiant,494.74,52,A007,Arcachon,33120,manon.martin_3654@example.fr,Inactif
3655,C003655,Amélie,Roux,1947-09-07,2021-03-12,Professionnel,Employé,5973.11,56,A004,Pessac,33600,amelie.roux_3655@example.fr,Actif
3656,C003656,Océane,Richard,2004-12-02,2019-10-10,Particulier,Enseignant,3500.77,64,A021,Périgueux,24000,oceane.richard_3656@example.fr,Actif
3657,C003657,Léa,Garcia,1993-03-08,2019-02-28,Particulier,Cadre,1324.53,81,A024,Mont-de-Marsan,40000,lea.garcia_3657@example.fr,Actif
3658,C003658,Sarah,Martinez,2004-01-06,2018-09-28,Particulier,Retraité,1629.05,60,A006,Libourne,33500,sarah.martinez_3658@example.fr,Actif
3659,C003659,Enzo,Lefebvre,1955-08-25,2023-06-16,Particulier,Enseignant,1466.11,60,A003,Mérignac,33700,enzo.lefebvre_3659@example.fr,Inactif
3660,C003660,Jade,Petit,1983-03-17,2015-12-26,Particulier,Enseignant,4401.35,66,A025,Dax,40100,jade.petit_3660@example.fr,Actif
3661,C003661,Inès,Laurent,1980-02-08,2024-03-14,Particulier,Enseignant,2820.97,54,A006,Libourne,33500,ines.laurent_3661@example.fr,Actif
3662,C003662,Julien,Mercier,2000-01-20,2021-10-18,Particulier,Retraité,2100.91,85,A005,Talence,33400,julien.mercier_3662@example.fr,Inactif
3663,C003663,Hugo,Simon,1948-09-24,2016-01-22,Particulier,Employé,3499.35,27,A013,Orthez,64300,hugo.simon_3663@example.fr,Actif
3664,C003664,Marie,Roux,1971-05-28,2017-04-12,Professionnel,Agriculteur,3303.93,61,A001,Bordeaux,33000,marie.roux_3664@example.fr,Actif
3665,C003665,Thomas,Dubois,1999-07-29,2024-08-19,Particulier,Employé,3914.85,63,A013,Orthez,64300,thomas.dubois_3665@example.fr,Actif
3666,C003666,Mathis,Thomas,1986-02-07,2019-05-07,Particulier,Profession libérale,3716.84,83,A014,Oloron-Sainte-Marie,64400,mathis.thomas_3666@example.fr,Actif
3667,C003667,Nathan,Lambert,2001-02-01,2016-10-06,Particulier,Artisan,2924.53,57,A010,Bayonne,64100,nathan.lambert_3667@example.fr,Actif
3668,C003668,Enzo,Fournier,1950-10-18,2024-05-16,Particulier,Employé,3314.05,27,A017,Niort,79000,enzo.fournier_3668@example.fr,Actif
3669,C003669,Clara,Lefebvre,1951-11-20,2015-05-30,Particulier,Étudiant,1014.11,57,A012,Anglet,64600,clara.lefebvre_3669@example.fr,Actif
3670,C003670,Léa,Bonnet,1947-12-09,2016-11-26,Particulier,Employé,466.84,45,A019,Limoges,87000,lea.bonnet_3670@example.fr,Actif
3671,C003671,Amélie,François,1975-08-10,2025-03-29,Particulier,Étudiant,515.93,84,A012,Anglet,64600,amelie.françois_3671@example.fr,Inactif
3672,C003672,Julien,Lambert,1995-01-11,2018-09-28,Particulier,Étudiant,828.76,36,A008,Langon,33210,julien.lambert_3672@example.fr,Actif
3673,C003673,Antoine,Simon,2000-01-30,2020-09-10,Particulier,Cadre,1890.17,85,A025,Dax,40100,antoine.simon_3673@example.fr,Actif
3674,C003674,Antoine,Michel,1981-07-03,2024-07-15,Particulier,Retraité,-1610.86,42,A025,Dax,40100,antoine.michel_3674@example.fr,Actif
3675,C003675,Nathan,Girard,1990-12-31,2024-04-06,Particulier,Employé,4166.67,38,A011,Biarritz,64200,nathan.girard_3675@example.fr,Actif
3676,C003676,Camille,Bonnet,1981-03-03,2021-11-20,Particulier,Employé,6199.69,47,A025,Dax,40100,camille.bonnet_3676@example.fr,Actif
3677,C003677,Marie,Thomas,1950-02-22,2015-08-18,Particulier,Profession libérale,2257.14,65,A010,Bayonne,64100,marie.thomas_3677@example.fr,Actif
3678,C003678,Gabriel,Vincent,1988-10-08,2022-10-30,Particulier,Enseignant,4006.37,34,A020,Brive-la-Gaillarde,19100,gabriel.vincent_3678@example.fr,Actif
3679,C003679,Lucas,Leroy,1985-09-27,2017-08-17,Particulier,Employé,921.21,28,A003,Mérignac,33700,lucas.leroy_3679@example.fr,Actif
3680,C003680,Clara,Legrand,1996-03-01,2022-07-06,Particulier,Étudiant,392.27,52,A006,Libourne,33500,clara.legrand_3680@example.fr,Actif
3681,C003681,Jade,Lambert,1960-08-29,2025-01-27,Association,Étudiant,957.31,63,A022,Bergerac,24100,jade.lambert_3681@example.fr,Actif
3682,C003682,Jade,Laurent,1964-12-03,2016-11-30,Particulier,Cadre,4221.51,95,A021,Périgueux,24000,jade.laurent_3682@example.fr,Actif
3683,C003683,Sarah,Thomas,1974-10-21,2025-10-25,Particulier,Retraité,1145.39,37,A021,Périgueux,24000,sarah.thomas_3683@example.fr,Actif
3684,C003684,Thomas,Fournier,1978-07-13,2017-06-03,Particulier,Retraité,2143.64,53,A024,Mont-de-Marsan,40000,thomas.fournier_3684@example.fr,Actif
3685,C003685,Mathis,Mercier,1996-12-01,2015-01-10,Particulier,Employé,2824.51,32,A020,Brive-la-Gaillarde,19100,mathis.mercier_3685@example.fr,Actif
3686,C003686,Hugo,Thomas,1951-12-30,2019-06-22,Professionnel,Employé,7399.12,63,A004,Pessac,33600,hugo.thomas_3686@example.fr,Actif
3687,C003687,Élodie,François,1981-06-13,2023-06-30,Particulier,Étudiant,777.98,46,A012,Anglet,64600,elodie.françois_3687@example.fr,Actif
3688,C003688,Lucas,Laurent,1974-05-20,2017-02-11,Particulier,Artisan,2609.96,41,A024,Mont-de-Marsan,40000,lucas.laurent_3688@example.fr,Actif
3689,C003689,Hugo,Robert,1978-08-22,2016-10-18,Particulier,Employé,3162.55,33,A021,Périgueux,24000,hugo.robert_3689@example.fr,Actif
3690,C003690,Manon,Lambert,1982-02-18,2020-06-15,Particulier,Cadre,3432.25,52,A014,Oloron-Sainte-Marie,64400,manon.lambert_3690@example.fr,Actif
3691,C003691,Marie,Simon,1998-03-06,2021-12-25,Particulier,Artisan,1237.3,75,A020,Brive-la-Gaillarde,19100,marie.simon_3691@example.fr,Actif
3692,C003692,Zoé,Roux,2004-01-27,2018-09-07,Particulier,Employé,0.0,76,A006,Libourne,33500,zoe.roux_3692@example.fr,Actif
3693,C003693,Noah,Martin,1995-07-23,2017-11-16,Particulier,Technicien,2886.86,84,A009,Pau,64000,noah.martin_3693@example.fr,Actif
3694,C003694,Julien,Richard,1994-12-03,2018-12-27,Particulier,Cadre,2290.73,71,A015,La Rochelle,17000,julien.richard_3694@example.fr,Actif
3695,C003695,Léa,Laurent,1959-09-18,2025-04-02,Particulier,Agriculteur,3709.61,73,A017,Niort,79000,lea.laurent_3695@example.fr,Actif
3696,C003696,Hugo,Mercier,1965-07-15,2017-11-15,Professionnel,Retraité,3191.48,80,A005,Talence,33400,hugo.mercier_3696@example.fr,Actif
3697,C003697,Jade,Dupont,1954-11-15,2023-12-24,Particulier,Employé,4328.09,57,A007,Arcachon,33120,jade.dupont_3697@example.fr,Actif
3698,C003698,Élodie,Fournier,1974-12-30,2017-10-07,Particulier,Employé,5230.45,73,A013,Orthez,64300,elodie.fournier_3698@example.fr,Actif
3699,C003699,Lucas,Martin,1989-10-11,2018-04-18,Particulier,Profession libérale,5414.84,78,A015,La Rochelle,17000,lucas.martin_3699@example.fr,Actif
3700,C003700,Élodie,Bonnet,1970-11-24,2018-05-10,Particulier,Étudiant,136.65,43,A019,Limoges,87000,elodie.bonnet_3700@example.fr,Actif
3701,C003701,Antoine,Simon,1973-02-11,2026-04-14,Particulier,Étudiant,992.96,50,A007,Arcachon,33120,antoine.simon_3701@example.fr,Actif
3702,C003702,Inès,Martinez,1946-09-05,2025-03-24,Particulier,Artisan,1277.72,68,A011,Biarritz,64200,ines.martinez_3702@example.fr,Actif
3703,C003703,Gabriel,Michel,1977-03-31,2026-04-13,Particulier,Employé,1434.97,32,A018,Poitiers,86000,gabriel.michel_3703@example.fr,Actif
3704,C003704,Marie,Martinez,1982-09-20,2017-08-11,Particulier,Employé,4079.41,80,A002,Bordeaux,33300,marie.martinez_3704@example.fr,Actif
3705,C003705,Paul,Simon,1985-01-03,2016-03-15,Particulier,Employé,4637.16,62,A007,Arcachon,33120,paul.simon_3705@example.fr,Actif
3706,C003706,Nathan,Legrand,1998-01-26,2018-01-28,Particulier,Cadre,599.48,67,A023,Agen,47000,nathan.legrand_3706@example.fr,Actif
3707,C003707,Sarah,David,1979-09-06,2017-12-27,Particulier,Enseignant,3898.23,61,A009,Pau,64000,sarah.david_3707@example.fr,Actif
3708,C003708,Camille,Girard,1955-04-14,2024-05-02,Particulier,Enseignant,1632.43,88,A008,Langon,33210,camille.girard_3708@example.fr,Actif
3709,C003709,Alexandre,Garcia,1948-05-13,2025-05-02,Association,Cadre,4245.05,37,A021,Périgueux,24000,alexandre.garcia_3709@example.fr,Inactif
3710,C003710,Lucas,Durand,1996-12-23,2017-05-08,Professionnel,Technicien,3853.13,60,A015,La Rochelle,17000,lucas.durand_3710@example.fr,Actif
3711,C003711,Jade,Dubois,1963-09-22,2023-06-30,Particulier,Employé,5036.77,55,A016,Rochefort,17300,jade.dubois_3711@example.fr,Actif
3712,C003712,Sarah,Fournier,1988-07-30,2024-05-30,Professionnel,Profession libérale,3331.92,67,A024,Mont-de-Marsan,40000,sarah.fournier_3712@example.fr,Actif
3713,C003713,Océane,Simon,1983-07-18,2021-07-30,Particulier,Employé,2785.68,84,A025,Dax,40100,oceane.simon_3713@example.fr,Actif
3714,C003714,Clara,Dubois,1977-01-10,2018-08-23,Particulier,Commerçant,2242.18,70,A022,Bergerac,24100,clara.dubois_3714@example.fr,Actif
3715,C003715,Lucas,Leroy,1998-09-30,2025-04-17,Particulier,Profession libérale,3500.25,46,A024,Mont-de-Marsan,40000,lucas.leroy_3715@example.fr,Actif
3716,C003716,Océane,Fournier,1955-06-29,2021-04-01,Particulier,Cadre,3763.28,78,A010,Bayonne,64100,oceane.fournier_3716@example.fr,Actif
3717,C003717,Gabriel,Lambert,1996-09-11,2015-09-16,Particulier,Employé,4897.6,79,A002,Bordeaux,33300,gabriel.lambert_3717@example.fr,Actif
3718,C003718,Océane,Mercier,1971-10-28,2019-09-23,Particulier,Employé,3055.72,65,A002,Bordeaux,33300,oceane.mercier_3718@example.fr,Actif
3719,C003719,Mathis,Mercier,1958-07-08,2019-02-01,Particulier,Enseignant,0.0,32,A019,Limoges,87000,mathis.mercier_3719@example.fr,Actif
3720,C003720,Inès,Leroy,1963-06-01,2019-03-25,Particulier,Employé,1994.84,75,A004,Pessac,33600,ines.leroy_3720@example.fr,Clos
3721,C003721,Antoine,Legrand,1997-04-12,2024-05-22,Particulier,Étudiant,604.99,68,A007,Arcachon,33120,antoine.legrand_3721@example.fr,Actif
3722,C003722,Zoé,Dubois,1947-11-04,2016-05-04,Particulier,Employé,1944.32,27,A018,Poitiers,86000,zoe.dubois_3722@example.fr,Actif
3723,C003723,Zoé,Bonnet,1991-05-22,2022-01-15,Particulier,Étudiant,579.2,79,A020,Brive-la-Gaillarde,19100,zoe.bonnet_3723@example.fr,Actif
3724,C003724,Julien,Legrand,1991-02-10,2023-08-31,Professionnel,Profession libérale,5426.77,43,A016,Rochefort,17300,julien.legrand_3724@example.fr,Actif
3725,C003725,Léa,Bonnet,1984-03-30,2021-06-06,Professionnel,Retraité,2265.68,29,A022,Bergerac,24100,lea.bonnet_3725@example.fr,Actif
3726,C003726,Alexandre,Roux,1945-11-24,2018-09-02,Professionnel,Employé,5114.81,95,A025,Dax,40100,alexandre.roux_3726@example.fr,Actif
3727,C003727,Léa,Richard,1985-02-01,2022-08-30,Particulier,Enseignant,2846.73,51,A015,La Rochelle,17000,lea.richard_3727@example.fr,Actif
3728,C003728,Marie,Lambert,1992-09-30,2021-12-07,Particulier,Cadre,0.0,44,A009,Pau,64000,marie.lambert_3728@example.fr,Actif
3729,C003729,Lucas,Martin,1980-06-13,2017-02-23,Particulier,Cadre,3426.41,40,A008,Langon,33210,lucas.martin_3729@example.fr,Actif
3730,C003730,Jade,Michel,1982-11-22,2023-10-28,Particulier,Retraité,1653.46,35,A002,Bordeaux,33300,jade.michel_3730@example.fr,Actif
3731,C003731,Jade,Bernard,1989-11-30,2020-03-15,Particulier,Étudiant,1788.72,84,A006,Libourne,33500,jade.bernard_3731@example.fr,Actif
3732,C003732,Paul,Roux,1951-07-21,2016-07-25,Particulier,Sans emploi,2187.31,54,A014,Oloron-Sainte-Marie,64400,paul.roux_3732@example.fr,Actif
3733,C003733,Manon,Moreau,1988-06-01,2025-08-16,Professionnel,Agriculteur,7824.07,67,A022,Bergerac,24100,manon.moreau_3733@example.fr,Actif
3734,C003734,Alexandre,Bonnet,1991-06-22,2018-03-22,Particulier,Employé,2593.29,71,A018,Poitiers,86000,alexandre.bonnet_3734@example.fr,Actif
3735,C003735,Léa,Vincent,1964-07-29,2021-02-07,Particulier,Technicien,3217.53,50,A008,Langon,33210,lea.vincent_3735@example.fr,Actif
3736,C003736,Camille,Bonnet,2001-06-20,2016-01-09,Particulier,Cadre,4847.97,55,A011,Biarritz,64200,camille.bonnet_3736@example.fr,Actif
3737,C003737,Sarah,Michel,1970-12-11,2020-08-27,Particulier,Cadre,3423.32,45,A025,Dax,40100,sarah.michel_3737@example.fr,Actif
3738,C003738,Julien,Martinez,1954-08-22,2018-11-21,Particulier,Profession libérale,1522.5,60,A016,Rochefort,17300,julien.martinez_3738@example.fr,Actif
3739,C003739,Enzo,Leroy,1981-06-13,2018-11-01,Association,Employé,2597.31,47,A016,Rochefort,17300,enzo.leroy_3739@example.fr,Actif
3740,C003740,Alexandre,François,1977-07-15,2024-01-22,Professionnel,Cadre,719.9,55,A017,Niort,79000,alexandre.françois_3740@example.fr,Actif
3741,C003741,Zoé,Fournier,2004-03-26,2022-03-04,Particulier,Employé,3400.17,35,A004,Pessac,33600,zoe.fournier_3741@example.fr,Actif
3742,C003742,Alexandre,Leroy,1972-07-20,2022-07-27,Professionnel,Enseignant,6075.35,54,A025,Dax,40100,alexandre.leroy_3742@example.fr,Actif
3743,C003743,Julien,André,1981-04-14,2015-02-18,Professionnel,Cadre,5285.25,53,A003,Mérignac,33700,julien.andré_3743@example.fr,Actif
3744,C003744,Nathan,Vincent,1998-04-15,2023-11-03,Professionnel,Employé,5814.98,53,A005,Talence,33400,nathan.vincent_3744@example.fr,Actif
3745,C003745,Thomas,François,1998-08-07,2018-06-06,Particulier,Artisan,3841.19,64,A018,Poitiers,86000,thomas.françois_3745@example.fr,Actif
3746,C003746,Lucas,Simon,2001-05-19,2025-02-03,Particulier,Employé,1032.1,75,A008,Langon,33210,lucas.simon_3746@example.fr,Actif
3747,C003747,Mathis,Bertrand,1945-04-01,2021-08-17,Particulier,Cadre,2155.5,56,A016,Rochefort,17300,mathis.bertrand_3747@example.fr,Actif
3748,C003748,Alexandre,André,1976-02-20,2015-01-03,Particulier,Technicien,3383.82,44,A018,Poitiers,86000,alexandre.andré_3748@example.fr,Actif
3749,C003749,Thomas,Laurent,1995-04-14,2021-07-30,Particulier,Employé,2302.23,42,A004,Pessac,33600,thomas.laurent_3749@example.fr,Inactif
3750,C003750,Jade,Michel,1971-10-11,2020-01-15,Particulier,Étudiant,927.98,65,A003,Mérignac,33700,jade.michel_3750@example.fr,Actif
3751,C003751,Noah,Laurent,1990-04-04,2026-04-07,Particulier,Cadre,5406.79,68,A023,Agen,47000,noah.laurent_3751@example.fr,Actif
3752,C003752,Julien,Bertrand,1983-09-23,2015-11-01,Particulier,Enseignant,1834.26,69,A023,Agen,47000,julien.bertrand_3752@example.fr,Actif
3753,C003753,Océane,Vincent,1950-01-16,2025-07-04,Particulier,Enseignant,2345.16,56,A009,Pau,64000,oceane.vincent_3753@example.fr,Actif
3754,C003754,Léa,Vincent,2002-11-21,2025-05-04,Particulier,Retraité,2715.3,46,A010,Bayonne,64100,lea.vincent_3754@example.fr,Actif
3755,C003755,Marie,Garcia,1974-12-28,2015-05-24,Particulier,Artisan,2847.27,45,A011,Biarritz,64200,marie.garcia_3755@example.fr,Actif
3756,C003756,Thomas,Dubois,1975-03-14,2022-04-03,Particulier,Retraité,2024.26,72,A002,Bordeaux,33300,thomas.dubois_3756@example.fr,Clos
3757,C003757,Gabriel,Dupont,1979-08-24,2025-06-18,Particulier,Employé,0.0,35,A001,Bordeaux,33000,gabriel.dupont_3757@example.fr,Actif
3758,C003758,Gabriel,Durand,1998-11-03,2026-06-26,Professionnel,Artisan,3540.04,47,A022,Bergerac,24100,gabriel.durand_3758@example.fr,Actif
3759,C003759,Gabriel,Moreau,1998-01-30,2019-02-17,Particulier,Enseignant,2838.86,68,A002,Bordeaux,33300,gabriel.moreau_3759@example.fr,Actif
3760,C003760,Mathis,Durand,1963-10-27,2017-08-31,Particulier,Artisan,1131.73,61,A017,Niort,79000,mathis.durand_3760@example.fr,Actif
3761,C003761,Lucas,Mercier,2000-11-30,2020-05-25,Professionnel,Employé,5439.14,47,A015,La Rochelle,17000,lucas.mercier_3761@example.fr,Actif
3762,C003762,Noah,David,1990-03-31,2019-05-14,Particulier,Étudiant,1051.41,59,A009,Pau,64000,noah.david_3762@example.fr,Actif
3763,C003763,Marie,Thomas,1989-05-09,2019-06-02,Particulier,Retraité,1433.2,31,A008,Langon,33210,marie.thomas_3763@example.fr,Actif
3764,C003764,Zoé,Martin,1983-10-19,2025-06-10,Particulier,Sans emploi,2786.61,54,A014,Oloron-Sainte-Marie,64400,zoe.martin_3764@example.fr,Actif
3765,C003765,Mathis,Simon,1966-01-18,2018-03-11,Particulier,Employé,4030.88,64,A020,Brive-la-Gaillarde,19100,mathis.simon_3765@example.fr,Actif
3766,C003766,Lucas,Roux,1971-08-13,2017-02-04,Particulier,Profession libérale,0.0,36,A006,Libourne,33500,lucas.roux_3766@example.fr,Actif
3767,C003767,Enzo,Vincent,2003-11-11,2022-08-27,Particulier,Employé,4498.18,50,A014,Oloron-Sainte-Marie,64400,enzo.vincent_3767@example.fr,Actif
3768,C003768,Chloé,Morel,1969-12-27,2022-12-19,Particulier,Cadre,1432.13,72,A009,Pau,64000,chloe.morel_3768@example.fr,Actif
3769,C003769,Paul,Morel,1979-01-09,2016-11-08,Professionnel,Employé,4917.32,54,A010,Bayonne,64100,paul.morel_3769@example.fr,Actif
3770,C003770,Nathan,Legrand,1981-05-21,2021-09-01,Particulier,Étudiant,996.3,81,A010,Bayonne,64100,nathan.legrand_3770@example.fr,Actif
3771,C003771,Zoé,Michel,1954-03-17,2023-07-24,Particulier,Profession libérale,1723.73,64,A001,Bordeaux,33000,zoe.michel_3771@example.fr,Actif
3772,C003772,Hugo,Durand,1948-06-10,2019-02-09,Particulier,Profession libérale,926.02,65,A007,Arcachon,33120,hugo.durand_3772@example.fr,Actif
3773,C003773,Alexandre,Roux,1999-07-02,2018-02-06,Particulier,Sans emploi,3288.0,71,A010,Bayonne,64100,alexandre.roux_3773@example.fr,Actif
3774,C003774,Thomas,Fournier,1949-02-11,2019-09-12,Particulier,Profession libérale,3023.85,83,A007,Arcachon,33120,thomas.fournier_3774@example.fr,Inactif
3775,C003775,Chloé,Richard,1945-07-06,2024-11-05,Professionnel,Artisan,3054.16,71,A008,Langon,33210,chloe.richard_3775@example.fr,Actif
3776,C003776,Camille,Legrand,1978-02-17,2016-03-12,Particulier,Profession libérale,0.0,63,A004,Pessac,33600,camille.legrand_3776@example.fr,Actif
3777,C003777,Marie,David,1979-03-11,2016-12-04,Particulier,Retraité,1468.9,50,A009,Pau,64000,marie.david_3777@example.fr,Actif
3778,C003778,Julien,Lefebvre,1954-06-25,2026-06-01,Particulier,Enseignant,2745.1,57,A010,Bayonne,64100,julien.lefebvre_3778@example.fr,Inactif
3779,C003779,Enzo,Vincent,1957-04-09,2020-06-12,Particulier,Commerçant,3555.48,55,A022,Bergerac,24100,enzo.vincent_3779@example.fr,Actif
3780,C003780,Chloé,Thomas,1996-02-26,2025-10-23,Particulier,Technicien,320.54,52,A009,Pau,64000,chloe.thomas_3780@example.fr,Actif
3781,C003781,Thomas,Roux,1964-02-08,2024-04-21,Particulier,Cadre,2698.72,22,A024,Mont-de-Marsan,40000,thomas.roux_3781@example.fr,Clos
3782,C003782,Thomas,Martinez,1999-08-20,2020-03-23,Particulier,Étudiant,1344.09,52,A004,Pessac,33600,thomas.martinez_3782@example.fr,Clos
3783,C003783,Jade,Durand,1993-03-22,2015-09-13,Professionnel,Technicien,2731.16,61,A016,Rochefort,17300,jade.durand_3783@example.fr,Clos
3784,C003784,Léa,Dubois,1964-09-22,2015-08-19,Particulier,Cadre,2491.92,91,A022,Bergerac,24100,lea.dubois_3784@example.fr,Clos
3785,C003785,Alexandre,Lefebvre,2000-09-27,2021-01-16,Professionnel,Retraité,900.0,64,A001,Bordeaux,33000,alexandre.lefebvre_3785@example.fr,Actif
3786,C003786,Manon,Girard,1990-08-26,2023-08-17,Particulier,Artisan,3347.47,75,A016,Rochefort,17300,manon.girard_3786@example.fr,Actif
3787,C003787,Emma,Laurent,1995-11-21,2024-06-10,Particulier,Technicien,5370.65,60,A006,Libourne,33500,emma.laurent_3787@example.fr,Actif
3788,C003788,Gabriel,Martin,1963-04-26,2023-02-25,Particulier,Technicien,3739.11,47,A013,Orthez,64300,gabriel.martin_3788@example.fr,Actif
3789,C003789,Julien,Thomas,1968-09-24,2023-02-08,Particulier,Cadre,3728.19,43,A010,Bayonne,64100,julien.thomas_3789@example.fr,Actif
3790,C003790,Julien,Robert,1952-05-14,2022-02-23,Particulier,Employé,3468.64,46,A011,Biarritz,64200,julien.robert_3790@example.fr,Actif
3791,C003791,Manon,Morel,1997-10-27,2019-10-10,Particulier,Technicien,5432.52,79,A013,Orthez,64300,manon.morel_3791@example.fr,Actif
3792,C003792,Julien,Bernard,1980-07-20,2024-05-19,Professionnel,Enseignant,3077.0,61,A006,Libourne,33500,julien.bernard_3792@example.fr,Actif
3793,C003793,Camille,Lefebvre,1979-11-14,2021-06-15,Particulier,Retraité,1754.09,47,A016,Rochefort,17300,camille.lefebvre_3793@example.fr,Inactif
3794,C003794,Clara,Richard,1969-08-06,2021-11-25,Professionnel,Agriculteur,4597.5,49,A007,Arcachon,33120,clara.richard_3794@example.fr,Actif
3795,C003795,Nathan,Robert,1967-07-31,2021-11-12,Particulier,Employé,3590.17,17,A004,Pessac,33600,nathan.robert_3795@example.fr,Actif
3796,C003796,Amélie,Bertrand,1987-10-16,2024-01-17,Particulier,Sans emploi,1886.11,69,A017,Niort,79000,amelie.bertrand_3796@example.fr,Actif
3797,C003797,Océane,François,1970-04-02,2023-09-21,Particulier,Profession libérale,4372.17,52,A022,Bergerac,24100,oceane.françois_3797@example.fr,Actif
3798,C003798,Manon,Bernard,1960-03-12,2018-01-31,Particulier,Profession libérale,1450.47,63,A018,Poitiers,86000,manon.bernard_3798@example.fr,Actif
3799,C003799,Paul,Dupont,1950-12-10,2017-02-04,Particulier,Agriculteur,539.68,56,A023,Agen,47000,paul.dupont_3799@example.fr,Actif
3800,C003800,Mathis,Leroy,2002-03-09,2019-07-31,Professionnel,Enseignant,3287.89,76,A021,Périgueux,24000,mathis.leroy_3800@example.fr,Actif
3801,C003801,Océane,Garcia,2000-04-13,2021-06-27,Particulier,Employé,4070.74,78,A024,Mont-de-Marsan,40000,oceane.garcia_3801@example.fr,Actif
3802,C003802,Lucas,Morel,1971-07-04,2016-10-08,Particulier,Cadre,383.7,80,A021,Périgueux,24000,lucas.morel_3802@example.fr,Actif
3803,C003803,Léa,Legrand,1975-08-01,2025-03-14,Particulier,Retraité,1180.18,69,A015,La Rochelle,17000,lea.legrand_3803@example.fr,Actif
3804,C003804,Paul,Mercier,2001-06-25,2024-04-21,Particulier,Étudiant,398.48,49,A007,Arcachon,33120,paul.mercier_3804@example.fr,Actif
3805,C003805,Nathan,Vincent,1998-11-02,2022-03-03,Particulier,Employé,2708.88,50,A023,Agen,47000,nathan.vincent_3805@example.fr,Actif
3806,C003806,Jade,Moreau,1950-11-30,2018-05-29,Particulier,Artisan,1780.9,62,A012,Anglet,64600,jade.moreau_3806@example.fr,Actif
3807,C003807,Thomas,Legrand,1975-12-15,2019-07-23,Particulier,Employé,1304.66,40,A023,Agen,47000,thomas.legrand_3807@example.fr,Actif
3808,C003808,Camille,Garcia,1969-03-03,2017-01-17,Particulier,Employé,2033.0,47,A014,Oloron-Sainte-Marie,64400,camille.garcia_3808@example.fr,Actif
3809,C003809,Thomas,Morel,2002-04-23,2018-04-04,Particulier,Étudiant,1145.09,90,A014,Oloron-Sainte-Marie,64400,thomas.morel_3809@example.fr,Actif
3810,C003810,Hugo,Legrand,1992-05-18,2025-10-25,Particulier,Employé,5046.53,39,A019,Limoges,87000,hugo.legrand_3810@example.fr,Actif
3811,C003811,Océane,Girard,1958-03-26,2023-01-07,Particulier,Retraité,2696.74,60,A009,Pau,64000,oceane.girard_3811@example.fr,Actif
3812,C003812,Antoine,Garcia,2000-12-11,2017-08-08,Particulier,Retraité,1590.65,66,A022,Bergerac,24100,antoine.garcia_3812@example.fr,Actif
3813,C003813,Alexandre,Lambert,1973-07-04,2026-03-04,Professionnel,Étudiant,963.82,54,A009,Pau,64000,alexandre.lambert_3813@example.fr,Actif
3814,C003814,Thomas,Girard,2000-04-22,2026-01-13,Particulier,Étudiant,1155.39,42,A019,Limoges,87000,thomas.girard_3814@example.fr,Actif
3815,C003815,Camille,Dupont,1960-06-17,2022-06-01,Particulier,Employé,4700.62,80,A003,Mérignac,33700,camille.dupont_3815@example.fr,Actif
3816,C003816,Nathan,Lambert,1974-10-12,2017-12-05,Particulier,Retraité,1774.21,33,A017,Niort,79000,nathan.lambert_3816@example.fr,Actif
3817,C003817,Chloé,Mercier,1986-06-01,2016-08-17,Particulier,Commerçant,1521.23,43,A017,Niort,79000,chloe.mercier_3817@example.fr,Actif
3818,C003818,Emma,Martinez,1976-10-28,2016-12-17,Particulier,Employé,3687.26,42,A009,Pau,64000,emma.martinez_3818@example.fr,Actif
3819,C003819,Thomas,Laurent,1949-07-13,2019-10-21,Particulier,Étudiant,1298.53,45,A015,La Rochelle,17000,thomas.laurent_3819@example.fr,Actif
3820,C003820,Mathis,Dubois,1996-07-28,2016-12-25,Professionnel,Employé,5568.18,52,A024,Mont-de-Marsan,40000,mathis.dubois_3820@example.fr,Actif
3821,C003821,Paul,Vincent,1979-02-07,2020-01-30,particulier,Étudiant,1043.92,33,A018,Poitiers,86000,paul.vincent_3821@example.fr,Actif
3822,C003822,Gabriel,Bertrand,1948-02-23,2021-04-22,Particulier,Employé,2610.55,48,A012,Anglet,64600,gabriel.bertrand_3822@example.fr,Actif
3823,C003823,Mathis,David,2000-05-28,2025-02-21,Particulier,Artisan,2686.66,85,A013,Orthez,64300,mathis.david_3823@example.fr,Actif
3824,C003824,Hugo,Lefebvre,1958-06-10,2018-10-02,Particulier,Cadre,5113.36,88,A017,Niort,79000,hugo.lefebvre_3824@example.fr,Actif
3825,C003825,Zoé,Richard,1984-02-06,2025-03-06,Particulier,Étudiant,1280.38,66,A022,Bergerac,24100,zoe.richard_3825@example.fr,Actif
3826,C003826,Lucas,Martinez,1983-01-23,2019-03-12,Particulier,Cadre,5512.82,60,A019,Limoges,87000,lucas.martinez_3826@example.fr,Actif
3827,C003827,Thomas,Dubois,1993-03-27,2016-05-05,Particulier,Enseignant,4241.76,53,A022,Bergerac,24100,thomas.dubois_3827@example.fr,Inactif
3828,C003828,Antoine,Bernard,1968-12-03,2024-01-05,Particulier,Agriculteur,2960.53,35,A001,Bordeaux,33000,antoine.bernard_3828@example.fr,Actif
3829,C003829,Chloé,François,1992-03-29,2020-10-14,Particulier,Employé,0.0,44,A021,Périgueux,24000,chloe.françois_3829@example.fr,Actif
3830,C003830,Nathan,Bertrand,1958-03-14,2018-03-25,Particulier,Artisan,2705.38,69,A008,Langon,33210,nathan.bertrand_3830@example.fr,Actif
3831,C003831,Élodie,Simon,1952-12-23,2016-04-12,Particulier,Employé,3210.67,27,A014,Oloron-Sainte-Marie,64400,elodie.simon_3831@example.fr,Actif
3832,C003832,Marie,Laurent,1996-03-29,2021-09-16,Particulier,Artisan,2234.22,53,A004,Pessac,33600,marie.laurent_3832@example.fr,Actif
3833,C003833,Thomas,Fournier,1958-09-16,2017-07-02,Particulier,Étudiant,1184.55,51,A015,La Rochelle,17000,thomas.fournier_3833@example.fr,Actif
3834,C003834,Julien,Martin,2000-09-20,2021-01-11,Particulier,Artisan,3257.99,82,A002,Bordeaux,33300,julien.martin_3834@example.fr,Actif
3835,C003835,Gabriel,Legrand,1964-01-23,2022-07-23,Particulier,Artisan,3415.39,82,A012,Anglet,64600,gabriel.legrand_3835@example.fr,Actif
3836,C003836,Julien,Roux,1993-11-10,2015-09-04,Particulier,Enseignant,3474.24,74,A024,Mont-de-Marsan,40000,julien.roux_3836@example.fr,Actif
3837,C003837,Élodie,Petit,2001-05-17,2018-08-16,Particulier,Retraité,2135.66,43,A008,Langon,33210,elodie.petit_3837@example.fr,Actif
3838,C003838,Élodie,Petit,1967-06-01,2017-05-05,Particulier,Artisan,2018.74,49,A012,Anglet,64600,elodie.petit_3838@example.fr,Inactif
3839,C003839,Clara,Girard,1945-06-06,2017-06-18,Professionnel,Profession libérale,4914.68,49,A001,Bordeaux,33000,clara.girard_3839@example.fr,Actif
3840,C003840,Julien,Leroy,1987-04-13,2016-12-30,Professionnel,Cadre,3544.64,51,A006,Libourne,33500,julien.leroy_3840@example.fr,Actif
3841,C003841,Sarah,Leroy,2004-07-26,2017-05-05,Particulier,Étudiant,2237.1,64,A016,Rochefort,17300,sarah.leroy_3841@example.fr,Actif
3842,C003842,Antoine,Mercier,1986-12-16,2018-11-05,Particulier,Profession libérale,4508.84,37,A024,Mont-de-Marsan,40000,antoine.mercier_3842@example.fr,Inactif
3843,C003843,Emma,Morel,2001-05-30,2025-04-13,Particulier,Cadre,3759.46,21,A011,Biarritz,64200,emma.morel_3843@example.fr,Actif
3844,C003844,Élodie,Durand,1997-07-17,2019-03-20,Particulier,Technicien,496.35,49,A014,Oloron-Sainte-Marie,64400,elodie.durand_3844@example.fr,Clos
3845,C003845,Jade,Garcia,1950-03-11,2025-06-07,Particulier,Sans emploi,1894.6,77,A006,Libourne,33500,jade.garcia_3845@example.fr,Actif
3846,C003846,Camille,Fournier,1963-05-16,2016-09-07,Particulier,Profession libérale,6630.67,62,A025,Dax,40100,camille.fournier_3846@example.fr,Actif
3847,C003847,Antoine,Vincent,1948-09-13,2017-06-27,Particulier,Employé,963.45,48,A001,Bordeaux,33000,antoine.vincent_3847@example.fr,Inactif
3848,C003848,Paul,Girard,1948-08-09,2026-04-19,Particulier,Employé,6918.12,69,A012,Anglet,64600,paul.girard_3848@example.fr,Inactif
3849,C003849,Marie,Martinez,1994-09-18,2022-02-23,Particulier,Étudiant,0.0,64,A010,Bayonne,64100,marie.martinez_3849@example.fr,Actif
3850,C003850,Inès,Petit,1949-01-25,2024-09-26,Particulier,Retraité,2825.15,38,A012,Anglet,64600,ines.petit_3850@example.fr,Actif
3851,C003851,Marie,Mercier,1956-08-15,2021-05-22,Particulier,Retraité,2186.77,54,A009,Pau,64000,marie.mercier_3851@example.fr,Actif
3852,C003852,Amélie,Roux,2000-09-01,2024-01-30,Particulier,Commerçant,3063.84,57,A020,Brive-la-Gaillarde,19100,amelie.roux_3852@example.fr,Inactif
3853,C003853,Océane,François,1948-01-24,2022-02-19,Particulier,Technicien,3772.93,45,A007,Arcachon,33120,oceane.françois_3853@example.fr,Actif
3854,C003854,Julien,Lefebvre,1993-10-15,2017-03-16,Particulier,Étudiant,1011.52,56,A009,Pau,64000,julien.lefebvre_3854@example.fr,Actif
3855,C003855,Paul,Moreau,1988-06-11,2020-07-23,Particulier,Cadre,2705.43,83,A007,Arcachon,33120,paul.moreau_3855@example.fr,Actif
3856,C003856,Enzo,Vincent,1971-04-13,2025-02-15,Professionnel,Cadre,5745.22,86,A002,Bordeaux,33300,enzo.vincent_3856@example.fr,Actif
3857,C003857,Manon,Morel,1995-07-14,2020-07-13,Particulier,Étudiant,958.0,33,A010,Bayonne,64100,manon.morel_3857@example.fr,Actif
3858,C003858,Mathis,Richard,2003-06-30,2017-10-24,Association,Cadre,4954.59,45,A017,Niort,79000,mathis.richard_3858@example.fr,Inactif
3859,C003859,Chloé,Fournier,1953-04-01,2026-04-14,Particulier,Employé,178.8,58,A015,La Rochelle,17000,chloe.fournier_3859@example.fr,Actif
3860,C003860,Clara,François,1965-11-12,2022-02-21,Particulier,Cadre,650.25,62,A013,Orthez,64300,clara.françois_3860@example.fr,Actif
3861,C003861,Élodie,Martinez,1995-05-27,2018-12-28,Particulier,Enseignant,1729.09,63,A003,Mérignac,33700,elodie.martinez_3861@example.fr,Actif
3862,C003862,Manon,Moreau,1975-07-06,2022-12-24,Particulier,Profession libérale,2322.23,90,A016,Rochefort,17300,,Actif
3863,C003863,Élodie,François,1988-04-14,2017-08-30,Particulier,Cadre,2883.98,27,A013,Orthez,64300,elodie.françois_3863@example.fr,Actif
3864,C003864,Antoine,Martin,1954-05-02,2019-03-16,Particulier,Cadre,2217.01,40,A003,Mérignac,33700,antoine.martin_3864@example.fr,Actif
3865,C003865,Nathan,Bertrand,1999-12-29,2024-01-30,Particulier,Étudiant,819.15,52,A012,Anglet,64600,nathan.bertrand_3865@example.fr,Actif
3866,C003866,Léa,Mercier,1965-02-02,2020-12-09,Professionnel,Enseignant,5446.12,52,A007,Arcachon,33120,lea.mercier_3866@example.fr,Actif
3867,C003867,Inès,François,1963-06-08,2015-08-11,Particulier,Employé,3615.91,38,A002,Bordeaux,33300,ines.françois_3867@example.fr,Inactif
3868,C003868,Julien,Moreau,1974-07-30,2026-05-31,Association,Employé,6505.04,80,A002,Bordeaux,33300,julien.moreau_3868@example.fr,Actif
3869,C003869,Océane,Vincent,1981-08-19,2015-05-15,Particulier,Étudiant,882.6,95,A009,Pau,64000,oceane.vincent_3869@example.fr,Actif
3870,C003870,Inès,Michel,2000-11-06,2015-10-16,Particulier,Artisan,5747.18,37,A003,Mérignac,33700,ines.michel_3870@example.fr,Actif
3871,C003871,Enzo,Bonnet,1986-02-18,2023-11-08,Professionnel,Commerçant,7499.29,62,A016,Rochefort,17300,enzo.bonnet_3871@example.fr,Actif
3872,C003872,Hugo,Bonnet,1977-08-15,2021-02-14,Particulier,Cadre,3309.52,81,A003,Mérignac,33700,hugo.bonnet_3872@example.fr,Actif
3873,C003873,Chloé,Garcia,1962-10-23,2015-03-24,Professionnel,Retraité,3032.93,72,A022,Bergerac,24100,chloe.garcia_3873@example.fr,Actif
3874,C003874,Camille,Martin,1973-03-21,2023-01-01,Particulier,Cadre,6075.2,79,A019,Limoges,87000,camille.martin_3874@example.fr,Actif
3875,C003875,Zoé,Bertrand,1968-08-27,2023-03-02,Particulier,Employé,1031.99,40,A017,Niort,79000,zoe.bertrand_3875@example.fr,Actif
3876,C003876,Mathis,André,1971-08-13,2018-06-22,Particulier,Employé,4175.39,36,A025,Dax,40100,mathis.andré_3876@example.fr,Actif
3877,C003877,Enzo,Thomas,1953-01-11,2018-06-06,Particulier,Cadre,4088.53,69,A011,Biarritz,64200,enzo.thomas_3877@example.fr,Actif
3878,C003878,Thomas,Leroy,2003-02-03,2025-03-06,Particulier,Enseignant,2737.32,59,A010,Bayonne,64100,thomas.leroy_3878@example.fr,Inactif
3879,C003879,Léa,Dupont,1992-11-04,2023-08-06,Particulier,Étudiant,289.84,79,A014,Oloron-Sainte-Marie,64400,lea.dupont_3879@example.fr,Actif
3880,C003880,Hugo,Garcia,1974-11-07,2019-10-16,Particulier,Cadre,4793.98,36,A007,Arcachon,33120,hugo.garcia_3880@example.fr,Inactif
3881,C003881,Gabriel,Laurent,1979-02-25,2024-04-26,Particulier,Employé,2961.09,82,A011,Biarritz,64200,gabriel.laurent_3881@example.fr,Actif
3882,C003882,Alexandre,Thomas,1962-03-03,2020-05-30,Particulier,Artisan,1678.45,49,A012,Anglet,64600,alexandre.thomas_3882@example.fr,Actif
3883,C003883,Inès,Fournier,1961-01-06,2024-03-03,Particulier,Employé,3975.58,57,A008,Langon,33210,ines.fournier_3883@example.fr,Actif
3884,C003884,Clara,Leroy,1973-07-12,2026-01-05,Particulier,Employé,1925.27,55,A007,Arcachon,33120,clara.leroy_3884@example.fr,Actif
3885,C003885,Manon,Dupont,1968-06-13,2016-03-27,Professionnel,Employé,1970.2,63,A004,Pessac,33600,manon.dupont_3885@example.fr,Actif
3886,C003886,Nathan,Girard,1963-01-31,2019-08-22,Particulier,Employé,2710.49,53,A022,Bergerac,24100,nathan.girard_3886@example.fr,Actif
3887,C003887,Emma,Robert,1970-11-25,2017-04-14,Association,Employé,3472.99,87,A014,Oloron-Sainte-Marie,64400,emma.robert_3887@example.fr,Actif
3888,C003888,Noah,Petit,1970-04-22,2016-09-26,Particulier,Artisan,4016.08,57,A005,Talence,33400,noah.petit_3888@example.fr,Actif
3889,C003889,Camille,Bernard,1992-12-31,2018-12-19,Particulier,Employé,2232.6,35,A015,La Rochelle,17000,camille.bernard_3889@example.fr,Actif
3890,C003890,Alexandre,Fournier,1979-08-24,2019-02-16,Association,Employé,4581.99,45,A025,Dax,40100,alexandre.fournier_3890@example.fr,Actif
3891,C003891,Marie,Mercier,1972-07-19,2019-07-02,Particulier,Employé,1403.12,66,A009,Pau,64000,marie.mercier_3891@example.fr,Actif
3892,C003892,Paul,Roux,1953-11-26,2018-01-07,Particulier,Retraité,3397.78,27,A013,Orthez,64300,paul.roux_3892@example.fr,Actif
3893,C003893,Jade,Michel,1974-01-01,2021-11-27,Particulier,Agriculteur,3533.56,45,A003,Mérignac,33700,jade.michel_3893@example.fr,Actif
3894,C003894,Clara,Fournier,1978-03-04,2015-05-29,Particulier,Retraité,1784.32,63,A017,Niort,79000,clara.fournier_3894@example.fr,Inactif
3895,C003895,Thomas,Richard,1954-05-03,2024-01-03,Particulier,Technicien,2494.15,56,A003,Mérignac,33700,thomas.richard_3895@example.fr,Actif
3896,C003896,Emma,Lefebvre,1980-02-12,2023-04-04,Particulier,Retraité,3498.13,57,A009,Pau,64000,emma.lefebvre_3896@example.fr,Actif
3897,C003897,Enzo,André,1974-01-09,2022-09-14,Particulier,Commerçant,5152.82,15,A010,Bayonne,64100,enzo.andré_3897@example.fr,Actif
3898,C003898,Léa,Bernard,1953-06-23,2024-09-13,particulier,Employé,3019.16,60,A015,La Rochelle,17000,lea.bernard_3898@example.fr,Actif
3899,C003899,Amélie,Richard,1992-03-04,2025-08-17,Particulier,Retraité,1915.82,62,A023,Agen,47000,amelie.richard_3899@example.fr,Actif
3900,C003900,Antoine,Richard,1964-03-07,2017-09-14,Particulier,Profession libérale,0.0,65,A009,Pau,64000,antoine.richard_3900@example.fr,Actif
3901,C003901,Camille,Martin,1951-10-26,2015-08-15,Particulier,Sans emploi,2624.91,18,A002,Bordeaux,33300,camille.martin_3901@example.fr,Actif
3902,C003902,Gabriel,Garcia,1994-08-18,2022-07-05,Particulier,Retraité,1997.21,65,A006,Libourne,33500,gabriel.garcia_3902@example.fr,Clos
3903,C003903,Lucas,Richard,1970-07-14,2017-12-01,Particulier,Employé,3033.44,95,A001,Bordeaux,33000,lucas.richard_3903@example.fr,Inactif
3904,C003904,Zoé,Thomas,1951-02-21,2022-10-30,Professionnel,Artisan,6118.84,25,A021,Périgueux,24000,zoe.thomas_3904@example.fr,Inactif
3905,C003905,Alexandre,Laurent,1970-07-19,2022-05-06,Particulier,Employé,3174.73,58,A005,Talence,33400,alexandre.laurent_3905@example.fr,Actif
3906,C003906,Zoé,Legrand,1981-02-15,2025-03-02,Professionnel,Artisan,5670.83,25,A005,Talence,33400,zoe.legrand_3906@example.fr,Actif
3907,C003907,Élodie,Robert,1975-08-10,2016-11-10,Particulier,Employé,2377.37,37,A023,Agen,47000,elodie.robert_3907@example.fr,Actif
3908,C003908,Enzo,David,1963-11-26,2016-10-29,Particulier,Agriculteur,3722.57,51,A022,Bergerac,24100,enzo.david_3908@example.fr,Actif
3909,C003909,Hugo,Durand,1986-03-09,2023-03-30,Particulier,Technicien,0.0,38,A019,Limoges,87000,hugo.durand_3909@example.fr,Inactif
3910,C003910,Alexandre,Moreau,1950-07-26,2021-01-05,Particulier,Enseignant,622.59,52,A012,Anglet,64600,alexandre.moreau_3910@example.fr,Inactif
3911,C003911,Julien,Durand,1992-11-06,2020-07-03,Professionnel,Commerçant,6483.29,66,A020,Brive-la-Gaillarde,19100,julien.durand_3911@example.fr,Actif
3912,C003912,Lucas,Richard,1960-03-14,2023-01-27,Particulier,Employé,4589.45,42,A012,Anglet,64600,lucas.richard_3912@example.fr,Actif
3913,C003913,Zoé,Dubois,1979-08-22,2018-05-14,Particulier,Employé,1760.71,30,A002,Bordeaux,33300,zoe.dubois_3913@example.fr,Actif
3914,C003914,Antoine,Dupont,1950-01-06,2018-11-18,Particulier,Employé,2099.09,76,A018,Poitiers,86000,antoine.dupont_3914@example.fr,Actif
3915,C003915,Chloé,Laurent,1997-10-08,2017-08-31,Particulier,Technicien,2019.25,68,A001,Bordeaux,33000,chloe.laurent_3915@example.fr,Clos
3916,C003916,Zoé,Lambert,1961-03-06,2026-01-10,Professionnel,Employé,4808.04,73,A002,Bordeaux,33300,zoe.lambert_3916@example.fr,Actif
3917,C003917,Sarah,Mercier,1971-01-05,2022-08-28,Particulier,Retraité,1151.06,60,A003,Mérignac,33700,sarah.mercier_3917@example.fr,Actif
3918,C003918,Thomas,Dubois,1988-12-12,2016-04-25,Particulier,Enseignant,3932.0,70,A008,Langon,33210,thomas.dubois_3918@example.fr,Inactif
3919,C003919,Alexandre,Richard,1959-01-10,2015-12-13,Association,Employé,3025.04,31,A011,Biarritz,64200,alexandre.richard_3919@example.fr,Actif
3920,C003920,Clara,Dubois,1975-03-28,2018-11-06,Particulier,Retraité,2086.66,74,A006,Libourne,33500,clara.dubois_3920@example.fr,Actif
3921,C003921,Camille,Bonnet,1961-08-29,2025-03-14,Particulier,Employé,5454.43,38,A001,Bordeaux,33000,camille.bonnet_3921@example.fr,Actif
3922,C003922,Élodie,Bertrand,1961-03-11,2024-10-25,Particulier,Employé,3805.35,31,A005,Talence,33400,elodie.bertrand_3922@example.fr,Actif
3923,C003923,Zoé,Laurent,1982-07-11,2017-09-18,Particulier,Employé,3048.2,55,A005,Talence,33400,zoe.laurent_3923@example.fr,Actif
3924,C003924,Thomas,Leroy,1963-01-04,2018-03-02,Professionnel,Cadre,4004.36,57,A009,Pau,64000,thomas.leroy_3924@example.fr,Actif
3925,C003925,Alexandre,Lefebvre,1973-01-13,2025-11-08,Particulier,Technicien,3309.83,65,A001,Bordeaux,33000,alexandre.lefebvre_3925@example.fr,Actif
3926,C003926,Amélie,Legrand,1996-07-27,2021-06-30,Particulier,Employé,1017.98,54,A003,Mérignac,33700,amelie.legrand_3926@example.fr,Actif
3927,C003927,Gabriel,Bernard,1998-09-08,2016-07-09,Particulier,Étudiant,995.65,56,A018,Poitiers,86000,gabriel.bernard_3927@example.fr,Actif
3928,C003928,Zoé,Dupont,1993-06-24,2025-01-23,Particulier,Retraité,2413.03,43,A024,Mont-de-Marsan,40000,zoe.dupont_3928@example.fr,Inactif
3929,C003929,Amélie,Dubois,1979-05-09,2015-09-02,Particulier,Employé,2353.08,50,A014,Oloron-Sainte-Marie,64400,amelie.dubois_3929@example.fr,Actif
3930,C003930,Noah,Petit,1962-08-03,2023-09-09,Particulier,Employé,3969.95,57,A025,Dax,40100,noah.petit_3930@example.fr,Actif
3931,C003931,Mathis,Morel,1956-06-08,2017-05-12,Particulier,Enseignant,1139.44,65,A005,Talence,33400,mathis.morel_3931@example.fr,Actif
3932,C003932,Clara,Garcia,1987-12-09,2016-08-25,Particulier,Profession libérale,3085.9,73,A019,Limoges,87000,clara.garcia_3932@example.fr,Actif
3933,C003933,Chloé,Lambert,1973-09-26,2024-12-10,Particulier,Cadre,3895.44,45,A004,Pessac,33600,chloe.lambert_3933@example.fr,Actif
3934,C003934,Marie,Martinez,1968-10-21,2017-02-04,Particulier,Employé,3131.19,61,A021,Périgueux,24000,marie.martinez_3934@example.fr,Actif
3935,C003935,Jade,Girard,1950-10-24,2015-08-02,Particulier,Retraité,1883.91,54,A009,Pau,64000,jade.girard_3935@example.fr,Actif
3936,C003936,Noah,Vincent,1969-01-28,2020-11-13,Particulier,Employé,0.0,20,A002,Bordeaux,33300,noah.vincent_3936@example.fr,Actif
3937,C003937,Lucas,François,1955-08-22,2018-10-21,Particulier,Employé,3347.42,74,A019,Limoges,87000,lucas.françois_3937@example.fr,Actif
3938,C003938,Mathis,Lambert,1989-03-02,2022-08-13,Professionnel,Employé,7011.07,16,A010,Bayonne,64100,mathis.lambert_3938@example.fr,Actif
3939,C003939,Lucas,Laurent,1998-01-18,2021-02-10,Particulier,Employé,697.81,60,A017,Niort,79000,lucas.laurent_3939@example.fr,Actif
3940,C003940,Noah,Leroy,2002-06-10,2024-12-22,Particulier,Cadre,1654.53,62,A012,Anglet,64600,noah.leroy_3940@example.fr,Actif
3941,C003941,Paul,Leroy,1997-05-04,2016-06-16,Particulier,Agriculteur,2925.19,54,A014,Oloron-Sainte-Marie,64400,paul.leroy_3941@example.fr,Actif
3942,C003942,Nathan,Vincent,1970-01-31,2024-06-26,Particulier,Technicien,2802.03,48,A025,Dax,40100,nathan.vincent_3942@example.fr,Actif
3943,C003943,Inès,Michel,1957-08-10,2016-01-31,Particulier,Employé,3427.99,36,A008,Langon,33210,ines.michel_3943@example.fr,Actif
3944,C003944,Chloé,Girard,1958-11-04,2016-02-26,Particulier,Retraité,2057.73,67,A023,Agen,47000,chloe.girard_3944@example.fr,Actif
3945,C003945,Léa,Mercier,1996-08-18,2020-04-23,Particulier,Retraité,3457.94,29,A013,Orthez,64300,lea.mercier_3945@example.fr,Inactif
3946,C003946,Paul,Girard,1946-03-31,2018-08-12,Particulier,Étudiant,943.49,77,A023,Agen,47000,paul.girard_3946@example.fr,Actif
3947,C003947,Camille,Thomas,1996-11-30,2026-01-12,Particulier,Enseignant,904.67,55,A006,Libourne,33500,camille.thomas_3947@example.fr,Actif
3948,C003948,Antoine,Richard,1947-05-26,2015-07-01,Particulier,Retraité,3236.46,95,A022,Bergerac,24100,antoine.richard_3948@example.fr,Actif
3949,C003949,Paul,Girard,1974-08-10,2021-09-04,Particulier,Employé,3247.11,56,A021,Périgueux,24000,paul.girard_3949@example.fr,Actif
3950,C003950,Lucas,Petit,1970-09-05,2017-10-16,Particulier,Employé,4421.34,61,A025,Dax,40100,lucas.petit_3950@example.fr,Actif
3951,C003951,Hugo,Simon,1982-03-19,2024-02-11,Particulier,Employé,4110.37,78,A019,Limoges,87000,hugo.simon_3951@example.fr,Actif
3952,C003952,Alexandre,Martinez,1978-02-25,2024-01-23,Particulier,Profession libérale,3338.52,73,A015,La Rochelle,17000,alexandre.martinez_3952@example.fr,Actif
3953,C003953,Zoé,Mercier,1997-02-28,2017-10-22,particulier,Artisan,2718.71,61,A018,Poitiers,86000,zoe.mercier_3953@example.fr,Actif
3954,C003954,Inès,Vincent,1989-04-23,2018-02-03,Particulier,Commerçant,336.81,91,A023,Agen,47000,ines.vincent_3954@example.fr,Actif
3955,C003955,Amélie,Laurent,2003-02-12,2025-11-19,Particulier,Commerçant,2209.27,63,A002,Bordeaux,33300,amelie.laurent_3955@example.fr,Actif
3956,C003956,Sarah,Robert,1979-11-11,2019-03-08,Particulier,Profession libérale,1965.92,54,A012,Anglet,64600,sarah.robert_3956@example.fr,Actif
3957,C003957,Paul,Michel,1970-02-12,2017-07-13,Particulier,Artisan,0.0,46,A008,Langon,33210,paul.michel_3957@example.fr,Actif
3958,C003958,Chloé,Garcia,1998-05-31,2020-02-09,Particulier,Retraité,1453.71,51,A021,Périgueux,24000,chloe.garcia_3958@example.fr,Actif
3959,C003959,Julien,Garcia,1966-08-03,2025-11-27,Particulier,Étudiant,691.47,42,A021,Périgueux,24000,julien.garcia_3959@example.fr,Actif
3960,C003960,Thomas,Roux,1961-03-24,2019-04-05,Particulier,Étudiant,1230.27,27,A011,Biarritz,64200,thomas.roux_3960@example.fr,Actif
3961,C003961,Zoé,David,1958-11-27,2016-12-28,Particulier,Retraité,2251.06,56,A014,Oloron-Sainte-Marie,64400,zoe.david_3961@example.fr,Actif
3962,C003962,Mathis,Bonnet,1991-12-08,2020-05-16,Professionnel,Agriculteur,3697.24,31,A016,Rochefort,17300,mathis.bonnet_3962@example.fr,Actif
3963,C003963,Noah,Leroy,1979-01-14,2020-08-20,Particulier,Technicien,2040.98,42,A005,Talence,33400,noah.leroy_3963@example.fr,Actif
3964,C003964,Sarah,Dubois,1960-08-16,2018-01-20,Particulier,Retraité,1590.55,57,A010,Bayonne,64100,sarah.dubois_3964@example.fr,Actif
3965,C003965,Clara,Bertrand,1955-09-25,2016-08-23,Particulier,Profession libérale,5518.59,64,A005,Talence,33400,clara.bertrand_3965@example.fr,Actif
3966,C003966,Thomas,Legrand,1959-10-02,2023-11-03,Particulier,Employé,3150.38,52,A008,Langon,33210,thomas.legrand_3966@example.fr,Actif
3967,C003967,Clara,David,1958-03-03,2020-03-19,Particulier,Cadre,3641.0,53,A001,Bordeaux,33000,clara.david_3967@example.fr,Actif
3968,C003968,Hugo,Roux,1948-06-18,2019-05-09,Particulier,Commerçant,3565.47,43,A001,Bordeaux,33000,hugo.roux_3968@example.fr,Actif
3969,C003969,Thomas,Durand,1976-04-19,2022-07-05,Particulier,Étudiant,454.54,67,A006,Libourne,33500,thomas.durand_3969@example.fr,Actif
3970,C003970,Clara,Lambert,1965-07-30,2017-04-28,Particulier,Artisan,2162.96,47,A006,Libourne,33500,clara.lambert_3970@example.fr,Actif
3971,C003971,Noah,François,1970-07-22,2022-06-21,Particulier,Profession libérale,5554.22,80,A011,Biarritz,64200,noah.françois_3971@example.fr,Actif
3972,C003972,Mathis,Bonnet,2003-06-28,2015-05-13,Particulier,Retraité,1482.41,55,A007,Arcachon,33120,mathis.bonnet_3972@example.fr,Actif
3973,C003973,Enzo,André,1992-03-24,2021-04-22,Particulier,Profession libérale,265.12,32,A001,Bordeaux,33000,enzo.andré_3973@example.fr,Actif
3974,C003974,Sarah,Petit,1990-08-03,2019-09-29,Professionnel,Artisan,4978.99,64,A004,Pessac,33600,sarah.petit_3974@example.fr,Actif
3975,C003975,Léa,Dubois,1996-10-15,2018-04-14,Particulier,Enseignant,2358.47,45,A003,Mérignac,33700,lea.dubois_3975@example.fr,Actif
3976,C003976,Sarah,Laurent,2000-01-08,2017-08-27,Particulier,Profession libérale,2355.73,31,A001,Bordeaux,33000,sarah.laurent_3976@example.fr,Actif
3977,C003977,Lucas,Leroy,1973-01-13,2025-12-29,Particulier,Agriculteur,3875.23,46,A013,Orthez,64300,lucas.leroy_3977@example.fr,Actif
3978,C003978,Gabriel,Leroy,2004-06-07,2015-11-19,Particulier,Profession libérale,3104.53,53,A012,Anglet,64600,gabriel.leroy_3978@example.fr,Actif
3979,C003979,Thomas,Robert,1973-10-19,2021-02-25,Particulier,Employé,3089.13,44,A008,Langon,33210,thomas.robert_3979@example.fr,Actif
3980,C003980,Sarah,Lefebvre,1974-01-02,2017-08-17,Particulier,Artisan,2418.19,67,A020,Brive-la-Gaillarde,19100,sarah.lefebvre_3980@example.fr,Actif
3981,C003981,Océane,Garcia,1975-12-30,2022-03-29,Particulier,Profession libérale,3870.4,59,A025,Dax,40100,oceane.garcia_3981@example.fr,Actif
3982,C003982,Amélie,Mercier,1949-11-17,2022-07-25,Particulier,Artisan,2280.12,88,A014,Oloron-Sainte-Marie,64400,amelie.mercier_3982@example.fr,Actif
3983,C003983,Jade,Leroy,1970-04-14,2024-08-22,Particulier,Retraité,1909.7,83,A002,Bordeaux,33300,jade.leroy_3983@example.fr,Actif
3984,C003984,Chloé,Garcia,1985-09-05,2023-10-02,Particulier,Commerçant,4800.21,35,A010,Bayonne,64100,chloe.garcia_3984@example.fr,Actif
3985,C003985,Zoé,Dupont,1977-11-26,2021-08-21,Particulier,Technicien,0.0,32,A009,Pau,64000,zoe.dupont_3985@example.fr,Actif
3986,C003986,Lucas,Richard,1953-07-10,2021-03-13,Particulier,Profession libérale,2116.17,54,A017,Niort,79000,lucas.richard_3986@example.fr,Actif
3987,C003987,Élodie,Laurent,1982-10-11,2024-11-20,Particulier,Retraité,4150.13,65,A001,Bordeaux,33000,elodie.laurent_3987@example.fr,Actif
3988,C003988,Inès,Bonnet,2003-11-24,2017-01-04,Particulier,Retraité,1275.26,56,A024,Mont-de-Marsan,40000,ines.bonnet_3988@example.fr,Actif
3989,C003989,Sarah,Legrand,1979-01-23,2025-11-28,Particulier,Employé,1613.74,49,A009,Pau,64000,sarah.legrand_3989@example.fr,Actif
3990,C003990,Alexandre,Garcia,1985-11-12,2020-03-24,Particulier,Employé,2007.53,50,A024,Mont-de-Marsan,40000,alexandre.garcia_3990@example.fr,Actif
3991,C003991,Hugo,Leroy,2004-09-02,2019-12-11,Particulier,Employé,1988.36,69,A023,Agen,47000,hugo.leroy_3991@example.fr,Inactif
3992,C003992,Léa,Bertrand,1946-05-09,2019-01-04,Particulier,Retraité,2460.26,48,A002,Bordeaux,33300,lea.bertrand_3992@example.fr,Actif
3993,C003993,Julien,Legrand,1945-04-14,2020-09-07,Professionnel,Sans emploi,2662.86,57,A018,Poitiers,86000,julien.legrand_3993@example.fr,Actif
3994,C003994,Manon,Robert,1948-09-07,2015-07-04,Particulier,Employé,3898.13,88,A020,Brive-la-Gaillarde,19100,manon.robert_3994@example.fr,Actif
3995,C003995,Océane,Bonnet,1947-06-14,2015-11-15,Particulier,Technicien,3873.36,47,A025,Dax,40100,oceane.bonnet_3995@example.fr,Actif
3996,C003996,Manon,Leroy,1963-10-18,2024-05-31,Particulier,Employé,1898.03,41,A001,Bordeaux,33000,manon.leroy_3996@example.fr,Actif
3997,C003997,Léa,Simon,1970-09-26,2025-07-03,Professionnel,Retraité,1977.75,46,A025,Dax,40100,lea.simon_3997@example.fr,Actif
3998,C003998,Océane,Leroy,1980-08-22,2019-05-24,Particulier,Commerçant,5929.5,47,A002,Bordeaux,33300,oceane.leroy_3998@example.fr,Clos
3999,C003999,Sarah,Bernard,1993-11-30,2024-02-10,Professionnel,Cadre,4634.18,50,A013,Orthez,64300,sarah.bernard_3999@example.fr,Actif
4000,C004000,Nathan,Dubois,1948-11-04,2016-10-02,Professionnel,Agriculteur,5927.72,74,A005,Talence,33400,nathan.dubois_4000@example.fr,Actif
4001,C004001,Marie,Laurent,1966-08-17,2020-06-29,Particulier,Employé,2527.03,75,A018,Poitiers,86000,marie.laurent_4001@example.fr,Inactif
4002,C004002,Chloé,Bernard,1991-04-10,2015-01-14,Professionnel,Cadre,7355.5,53,A023,Agen,47000,chloe.bernard_4002@example.fr,Actif
4003,C004003,Antoine,Moreau,2001-01-26,2023-07-31,Particulier,Commerçant,3775.8,68,A022,Bergerac,24100,antoine.moreau_4003@example.fr,Actif
4004,C004004,Antoine,Laurent,1975-04-06,2026-01-24,Particulier,Sans emploi,5529.65,62,A010,Bayonne,64100,antoine.laurent_4004@example.fr,Inactif
4005,C004005,Chloé,Fournier,1956-06-23,2021-09-29,Particulier,Artisan,0.0,53,A005,Talence,33400,chloe.fournier_4005@example.fr,Actif
4006,C004006,Julien,Bernard,1976-06-19,2020-08-04,Professionnel,Cadre,3468.88,37,A021,Périgueux,24000,julien.bernard_4006@example.fr,Actif
4007,C004007,Emma,Mercier,1964-11-22,2021-11-15,Particulier,Retraité,1592.48,59,A024,Mont-de-Marsan,40000,emma.mercier_4007@example.fr,Actif
4008,C004008,Sarah,Fournier,1948-10-27,2020-01-31,Particulier,Commerçant,3330.41,51,A016,Rochefort,17300,sarah.fournier_4008@example.fr,Actif
4009,C004009,Alexandre,Morel,1997-03-01,2015-04-15,Professionnel,Cadre,8490.76,69,A007,Arcachon,33120,alexandre.morel_4009@example.fr,Actif
4010,C004010,Gabriel,Robert,1984-10-30,2025-02-03,Particulier,Artisan,1862.87,64,A016,Rochefort,17300,gabriel.robert_4010@example.fr,Actif
4011,C004011,Élodie,Lefebvre,1970-02-21,2019-04-13,Particulier,Retraité,1518.1,57,A003,Mérignac,33700,elodie.lefebvre_4011@example.fr,Actif
4012,C004012,Noah,Garcia,1997-09-27,2019-01-16,Particulier,Retraité,2776.06,72,A011,Biarritz,64200,noah.garcia_4012@example.fr,Actif
4013,C004013,Nathan,Fournier,1971-07-09,2021-04-14,Particulier,Technicien,2005.38,77,A004,Pessac,33600,nathan.fournier_4013@example.fr,Actif
4014,C004014,Hugo,Mercier,1996-08-09,2021-06-24,Particulier,Étudiant,1141.83,76,A011,Biarritz,64200,hugo.mercier_4014@example.fr,Actif
4015,C004015,Antoine,Bernard,1992-11-29,2016-01-04,Professionnel,Commerçant,5364.9,60,A006,Libourne,33500,antoine.bernard_4015@example.fr,Inactif
4016,C004016,Paul,Roux,1982-05-14,2022-08-21,Particulier,Employé,1908.72,65,A002,Bordeaux,33300,paul.roux_4016@example.fr,Actif
4017,C004017,Julien,Bernard,1949-10-20,2017-06-06,Particulier,Commerçant,1346.39,75,A010,Bayonne,64100,julien.bernard_4017@example.fr,Actif
4018,C004018,Enzo,Vincent,1981-12-21,2019-02-08,Particulier,Profession libérale,1807.72,55,A020,Brive-la-Gaillarde,19100,enzo.vincent_4018@example.fr,Actif
4019,C004019,Julien,Dubois,1987-12-30,2018-03-27,Particulier,Employé,3814.77,54,A011,Biarritz,64200,julien.dubois_4019@example.fr,Actif
4020,C004020,Paul,François,1948-11-08,2017-07-10,Particulier,Employé,2251.46,73,A011,Biarritz,64200,paul.françois_4020@example.fr,Actif
4021,C004021,Noah,Fournier,1958-11-02,2021-06-28,Professionnel,Retraité,2785.58,83,A018,Poitiers,86000,noah.fournier_4021@example.fr,Actif
4022,C004022,Alexandre,Vincent,1965-03-09,2019-12-04,Particulier,Étudiant,1051.95,23,A002,Bordeaux,33300,alexandre.vincent_4022@example.fr,Actif
4023,C004023,Marie,Vincent,1963-01-14,2022-01-29,Particulier,Employé,2842.21,43,A001,Bordeaux,33000,marie.vincent_4023@example.fr,Actif
4024,C004024,Amélie,Moreau,1981-12-06,2018-07-20,Particulier,Profession libérale,1090.16,49,A015,La Rochelle,17000,amelie.moreau_4024@example.fr,Clos
4025,C004025,Inès,Robert,1954-02-20,2017-02-13,Particulier,Employé,1533.93,61,A001,Bordeaux,33000,ines.robert_4025@example.fr,Actif
4026,C004026,Océane,Vincent,1954-11-09,2015-07-16,Particulier,Profession libérale,4712.95,28,A011,Biarritz,64200,oceane.vincent_4026@example.fr,Actif
4027,C004027,Marie,Garcia,1960-07-04,2021-12-06,Particulier,Enseignant,3007.35,65,A014,Oloron-Sainte-Marie,64400,marie.garcia_4027@example.fr,Actif
4028,C004028,Emma,Garcia,1947-04-01,2025-02-01,Particulier,Cadre,3789.92,61,A011,Biarritz,64200,emma.garcia_4028@example.fr,Actif
4029,C004029,Océane,Simon,1993-09-25,2024-11-07,Particulier,Retraité,1416.03,60,A002,Bordeaux,33300,oceane.simon_4029@example.fr,Actif
4030,C004030,Camille,Legrand,1965-06-16,2024-06-20,Particulier,Enseignant,837.03,57,A004,Pessac,33600,camille.legrand_4030@example.fr,Actif
4031,C004031,Inès,Vincent,1979-06-04,2023-04-25,Particulier,Artisan,3887.75,35,A003,Mérignac,33700,ines.vincent_4031@example.fr,Actif
4032,C004032,Antoine,Moreau,1978-03-24,2021-05-31,Particulier,Étudiant,963.7,50,A025,Dax,40100,antoine.moreau_4032@example.fr,Clos
4033,C004033,Nathan,Durand,1947-09-05,2018-12-26,Particulier,Employé,3395.24,40,A001,Bordeaux,33000,nathan.durand_4033@example.fr,Actif
4034,C004034,Noah,Laurent,1949-02-01,2021-07-01,Particulier,Employé,595.33,46,A014,Oloron-Sainte-Marie,64400,noah.laurent_4034@example.fr,Actif
4035,C004035,Élodie,Garcia,1960-10-22,2017-10-23,Particulier,Artisan,3447.44,59,A022,Bergerac,24100,elodie.garcia_4035@example.fr,Actif
4036,C004036,Lucas,Bonnet,1984-04-07,2017-01-20,Particulier,Technicien,0.0,76,A021,Périgueux,24000,lucas.bonnet_4036@example.fr,Actif
4037,C004037,Noah,Leroy,1986-01-12,2023-01-11,Particulier,Employé,2827.11,72,A014,Oloron-Sainte-Marie,64400,noah.leroy_4037@example.fr,Actif
4038,C004038,Gabriel,Legrand,1946-07-30,2017-02-01,Particulier,Employé,2341.07,54,A002,Bordeaux,33300,gabriel.legrand_4038@example.fr,Actif
4039,C004039,Mathis,Leroy,1968-03-07,2022-09-20,Particulier,Profession libérale,4837.94,46,A017,Niort,79000,mathis.leroy_4039@example.fr,Actif
4040,C004040,Sarah,François,1998-03-22,2025-03-30,Particulier,Employé,3697.66,45,A006,Libourne,33500,sarah.françois_4040@example.fr,Actif
4041,C004041,Enzo,Mercier,1976-08-19,2016-04-16,Particulier,Technicien,7156.85,41,A023,Agen,47000,enzo.mercier_4041@example.fr,Actif
4042,C004042,Zoé,Bertrand,1975-04-09,2018-10-26,Particulier,Employé,3473.2,68,A011,Biarritz,64200,zoe.bertrand_4042@example.fr,Actif
4043,C004043,Marie,Dupont,1970-01-09,2019-08-04,Particulier,Employé,1982.11,43,A019,Limoges,87000,marie.dupont_4043@example.fr,Actif
4044,C004044,Sarah,Fournier,1996-06-04,2017-10-28,Particulier,Retraité,2266.98,64,A014,Oloron-Sainte-Marie,64400,sarah.fournier_4044@example.fr,Actif
4045,C004045,Camille,Lefebvre,1998-03-25,2015-02-01,Particulier,Employé,2759.0,78,A011,Biarritz,64200,camille.lefebvre_4045@example.fr,Actif
4046,C004046,Thomas,Fournier,1993-07-19,2021-09-02,Particulier,Retraité,2321.14,49,A015,La Rochelle,17000,thomas.fournier_4046@example.fr,Actif
4047,C004047,Nathan,Michel,1994-01-14,2022-05-24,Professionnel,Profession libérale,5799.28,69,A007,Arcachon,33120,nathan.michel_4047@example.fr,Actif
4048,C004048,Alexandre,Lambert,1984-08-16,2020-08-31,Particulier,Employé,1903.01,40,A017,Niort,79000,alexandre.lambert_4048@example.fr,Actif
4049,C004049,Noah,Dubois,2001-10-03,2015-03-18,Particulier,Employé,5056.67,50,A024,Mont-de-Marsan,40000,noah.dubois_4049@example.fr,Actif
4050,C004050,Mathis,François,1995-03-05,2024-06-10,Particulier,Employé,1304.56,32,A011,Biarritz,64200,mathis.françois_4050@example.fr,Actif
4051,C004051,Clara,Vincent,1986-05-13,2017-10-20,Particulier,Technicien,1481.87,53,A013,Orthez,64300,clara.vincent_4051@example.fr,Actif
4052,C004052,Emma,Robert,1973-07-05,2021-12-12,Association,Retraité,2602.07,62,A021,Périgueux,24000,emma.robert_4052@example.fr,Inactif
4053,C004053,Amélie,Moreau,1951-05-16,2026-04-24,Professionnel,Cadre,7851.99,48,A021,Périgueux,24000,amelie.moreau_4053@example.fr,Actif
4054,C004054,Alexandre,Mercier,1945-12-26,2018-12-09,Particulier,Cadre,2198.31,68,A014,Oloron-Sainte-Marie,64400,alexandre.mercier_4054@example.fr,Actif
4055,C004055,Inès,Martinez,1948-03-10,2023-07-06,Particulier,Employé,561.13,21,A014,Oloron-Sainte-Marie,64400,ines.martinez_4055@example.fr,Clos
4056,C004056,Alexandre,Dubois,1969-01-09,2015-11-10,Particulier,Technicien,2101.96,29,A021,Périgueux,24000,alexandre.dubois_4056@example.fr,Actif
4057,C004057,Sarah,Petit,2004-01-30,2019-06-11,Particulier,Employé,7822.74,53,A015,La Rochelle,17000,sarah.petit_4057@example.fr,Actif
4058,C004058,Enzo,Martin,1955-07-31,2020-11-08,Particulier,Employé,7513.62,57,A022,Bergerac,24100,enzo.martin_4058@example.fr,Actif
4059,C004059,Sarah,Moreau,1995-02-10,2022-10-12,Particulier,Technicien,1995.79,55,A023,Agen,47000,sarah.moreau_4059@example.fr,Actif
4060,C004060,Inès,Laurent,1955-07-27,2026-01-22,Particulier,Retraité,1609.43,43,A021,Périgueux,24000,ines.laurent_4060@example.fr,Actif
4061,C004061,Gabriel,André,1965-01-25,2015-02-28,Professionnel,Employé,5652.28,38,A021,Périgueux,24000,gabriel.andré_4061@example.fr,Clos
4062,C004062,Chloé,Garcia,1995-08-10,2020-03-19,Professionnel,Étudiant,753.1,23,A018,Poitiers,86000,chloe.garcia_4062@example.fr,Actif
4063,C004063,Paul,André,1996-07-30,2020-07-22,Particulier,Employé,3335.06,90,A023,Agen,47000,paul.andré_4063@example.fr,Actif
4064,C004064,Paul,Martinez,1977-01-01,2023-12-09,Particulier,Employé,1857.96,57,A022,Bergerac,24100,paul.martinez_4064@example.fr,Actif
4065,C004065,Camille,Moreau,1948-11-23,2022-06-26,Particulier,Enseignant,596.22,60,A002,Bordeaux,33300,camille.moreau_4065@example.fr,Actif
4066,C004066,Océane,Fournier,1983-06-04,2025-11-16,Particulier,Agriculteur,2618.2,62,A009,Pau,64000,oceane.fournier_4066@example.fr,Actif
4067,C004067,Enzo,Petit,1986-05-19,2021-11-15,Particulier,Étudiant,989.25,53,A008,Langon,33210,enzo.petit_4067@example.fr,Actif
4068,C004068,Antoine,Laurent,2002-07-20,2021-02-02,Particulier,Artisan,1750.73,69,A022,Bergerac,24100,antoine.laurent_4068@example.fr,Actif
4069,C004069,Antoine,Dupont,2004-04-13,2019-04-13,Particulier,Enseignant,4517.47,62,A021,Périgueux,24000,antoine.dupont_4069@example.fr,Actif
4070,C004070,Manon,Richard,1975-07-26,2025-03-27,Particulier,Enseignant,1458.25,28,A016,Rochefort,17300,manon.richard_4070@example.fr,Actif
4071,C004071,Gabriel,Garcia,1997-03-29,2017-03-23,Association,Employé,5457.97,45,A020,Brive-la-Gaillarde,19100,gabriel.garcia_4071@example.fr,Actif
4072,C004072,Paul,Martin,2003-09-29,2019-12-20,Particulier,Employé,3570.95,49,A007,Arcachon,33120,paul.martin_4072@example.fr,Actif
4073,C004073,Antoine,Dubois,1980-05-31,2026-04-30,Particulier,Employé,1719.82,95,A011,Biarritz,64200,antoine.dubois_4073@example.fr,Actif
4074,C004074,Paul,Durand,1983-03-13,2024-06-03,Particulier,Retraité,2644.85,52,A019,Limoges,87000,paul.durand_4074@example.fr,Actif
4075,C004075,Enzo,Roux,1993-08-05,2023-11-24,Professionnel,Profession libérale,4531.29,54,A002,Bordeaux,33300,enzo.roux_4075@example.fr,Actif
4076,C004076,Enzo,Petit,2003-06-17,2022-03-24,Particulier,Commerçant,1796.12,57,A016,Rochefort,17300,enzo.petit_4076@example.fr,Actif
4077,C004077,Thomas,Simon,1959-09-21,2015-07-26,Particulier,Sans emploi,57.12,53,A014,Oloron-Sainte-Marie,64400,thomas.simon_4077@example.fr,Actif
4078,C004078,Zoé,Girard,1993-08-10,2020-09-27,Particulier,Employé,689.99,55,A020,Brive-la-Gaillarde,19100,zoe.girard_4078@example.fr,Actif
4079,C004079,Inès,Fournier,1956-07-14,2019-07-21,Association,Employé,4408.16,64,A005,Talence,33400,ines.fournier_4079@example.fr,Actif
4080,C004080,Clara,Martin,2001-09-07,2017-09-07,Particulier,Employé,3290.66,48,A009,Pau,64000,clara.martin_4080@example.fr,Inactif
4081,C004081,Noah,Leroy,1962-02-16,2025-01-11,Particulier,Commerçant,6160.06,49,A013,Orthez,64300,noah.leroy_4081@example.fr,Actif
4082,C004082,Zoé,Martinez,1945-06-07,2020-07-17,Particulier,Employé,4473.0,59,A004,Pessac,33600,zoe.martinez_4082@example.fr,Actif
4083,C004083,Camille,Vincent,1999-12-24,2016-02-11,Particulier,Retraité,3068.47,33,A001,Bordeaux,33000,camille.vincent_4083@example.fr,Actif
4084,C004084,Sarah,Bernard,1969-10-24,2015-09-04,Particulier,Employé,3981.65,64,A015,La Rochelle,17000,sarah.bernard_4084@example.fr,Actif
4085,C004085,Léa,Morel,1949-02-05,2019-06-16,Particulier,Technicien,5117.38,52,A013,Orthez,64300,lea.morel_4085@example.fr,Actif
4086,C004086,Lucas,Leroy,1958-02-20,2015-10-25,Particulier,Cadre,1056.31,50,A002,Bordeaux,33300,lucas.leroy_4086@example.fr,Actif
4087,C004087,Emma,Dubois,1952-02-01,2016-10-12,Particulier,Employé,0.0,62,A013,Orthez,64300,emma.dubois_4087@example.fr,Actif
4088,C004088,Camille,Martinez,1974-10-08,2023-03-16,Particulier,Sans emploi,0.0,75,A009,Pau,64000,camille.martinez_4088@example.fr,Actif
4089,C004089,Élodie,Dubois,1993-06-01,2023-06-12,Particulier,Profession libérale,3541.69,56,A008,Langon,33210,elodie.dubois_4089@example.fr,Actif
4090,C004090,Inès,Thomas,1968-11-18,2026-01-09,Association,Agriculteur,4214.28,70,A001,Bordeaux,33000,ines.thomas_4090@example.fr,Actif
4091,C004091,Nathan,Martinez,1979-04-12,2019-02-24,Particulier,Employé,3633.21,73,A015,La Rochelle,17000,nathan.martinez_4091@example.fr,Actif
4092,C004092,Emma,Girard,1983-03-15,2020-05-25,Particulier,Employé,5800.55,62,A016,Rochefort,17300,emma.girard_4092@example.fr,Actif
4093,C004093,Lucas,Girard,1959-06-15,2025-12-19,Particulier,Cadre,4088.31,48,A002,Bordeaux,33300,lucas.girard_4093@example.fr,Actif
4094,C004094,Gabriel,Simon,1982-08-29,2015-12-21,Particulier,Retraité,3364.37,56,A006,Libourne,33500,gabriel.simon_4094@example.fr,Actif
4095,C004095,Amélie,David,1991-02-08,2022-11-28,Particulier,Employé,3081.07,68,A022,Bergerac,24100,amelie.david_4095@example.fr,Actif
4096,C004096,Antoine,François,1994-08-31,2019-02-11,Particulier,Employé,2316.13,46,A009,Pau,64000,antoine.françois_4096@example.fr,Actif
4097,C004097,Mathis,François,1973-04-09,2018-10-12,Particulier,Cadre,2654.15,58,A015,La Rochelle,17000,mathis.françois_4097@example.fr,Actif
4098,C004098,Manon,Morel,1981-07-08,2022-02-23,Particulier,Employé,4899.15,62,A018,Poitiers,86000,manon.morel_4098@example.fr,Clos
4099,C004099,Mathis,François,1969-09-04,2019-08-26,Particulier,Commerçant,607.84,69,A009,Pau,64000,,Inactif
4100,C004100,Élodie,Leroy,1998-01-29,2020-08-01,Particulier,Profession libérale,3892.58,49,A007,Arcachon,33120,elodie.leroy_4100@example.fr,Actif
4101,C004101,Emma,Leroy,2003-01-08,2026-02-21,Particulier,Employé,3650.85,47,A024,Mont-de-Marsan,40000,emma.leroy_4101@example.fr,Actif
4102,C004102,Sarah,Moreau,1959-05-30,2026-04-18,Particulier,Étudiant,1672.66,40,A002,Bordeaux,33300,sarah.moreau_4102@example.fr,Actif
4103,C004103,Hugo,Martinez,1963-02-02,2015-02-10,Particulier,Retraité,3268.32,46,A015,La Rochelle,17000,hugo.martinez_4103@example.fr,Actif
4104,C004104,Jade,Martinez,1996-12-07,2018-03-19,Professionnel,Retraité,1938.16,42,A002,Bordeaux,33300,jade.martinez_4104@example.fr,Actif
4105,C004105,Antoine,Richard,2004-06-12,2021-11-20,Particulier,Retraité,965.13,64,A025,Dax,40100,antoine.richard_4105@example.fr,Actif
4106,C004106,Océane,Legrand,1949-03-14,2019-04-03,Professionnel,Technicien,5742.35,77,A009,Pau,64000,oceane.legrand_4106@example.fr,Actif
4107,C004107,Marie,Michel,1958-09-01,2023-04-30,Particulier,Employé,2382.79,64,A002,Bordeaux,33300,marie.michel_4107@example.fr,Inactif
4108,C004108,Manon,Dubois,1958-07-21,2016-06-02,Particulier,Employé,1293.6,62,A006,Libourne,33500,manon.dubois_4108@example.fr,Actif
4109,C004109,Noah,Bonnet,1987-05-30,2019-03-17,Particulier,Employé,3628.92,66,A005,Talence,33400,noah.bonnet_4109@example.fr,Actif
4110,C004110,Julien,Robert,1974-06-03,2025-11-15,Particulier,Étudiant,820.25,38,A025,Dax,40100,julien.robert_4110@example.fr,Actif
4111,C004111,Mathis,Bonnet,1960-06-08,2023-04-29,Particulier,Profession libérale,7753.69,69,A015,La Rochelle,17000,mathis.bonnet_4111@example.fr,Actif
4112,C004112,Léa,Dupont,1977-08-26,2016-09-07,Professionnel,Commerçant,4338.8,54,A010,Bayonne,64100,lea.dupont_4112@example.fr,Actif
4113,C004113,Antoine,David,1977-12-03,2019-08-15,Particulier,Retraité,3754.78,26,A004,Pessac,33600,antoine.david_4113@example.fr,Actif
4114,C004114,Sarah,Bertrand,1988-06-13,2016-12-29,Particulier,Cadre,1835.07,59,A006,Libourne,33500,sarah.bertrand_4114@example.fr,Actif
4115,C004115,Zoé,Martin,1982-08-14,2015-01-27,Particulier,Employé,5202.98,57,A015,La Rochelle,17000,zoe.martin_4115@example.fr,Actif
4116,C004116,Paul,Simon,2004-02-29,2020-05-10,Particulier,Retraité,2723.59,70,A022,Bergerac,24100,paul.simon_4116@example.fr,Actif
4117,C004117,Antoine,Lefebvre,1966-11-19,2015-05-09,Particulier,Profession libérale,1467.39,21,A004,Pessac,33600,antoine.lefebvre_4117@example.fr,Actif
4118,C004118,Noah,Martinez,1973-06-12,2021-01-19,Professionnel,Cadre,6609.84,15,A021,Périgueux,24000,,Actif
4119,C004119,Jade,Simon,1970-08-31,2015-06-22,Particulier,Employé,3104.67,46,A005,Talence,33400,jade.simon_4119@example.fr,Actif
4120,C004120,Clara,Simon,1964-11-12,2021-06-08,Particulier,Retraité,3200.68,35,A016,Rochefort,17300,clara.simon_4120@example.fr,Actif
4121,C004121,Nathan,Michel,2001-09-04,2017-01-06,Particulier,Enseignant,0.0,69,A020,Brive-la-Gaillarde,19100,nathan.michel_4121@example.fr,Actif
4122,C004122,Julien,Lefebvre,1971-09-04,2024-10-24,Particulier,Artisan,0.0,41,A002,Bordeaux,33300,julien.lefebvre_4122@example.fr,Actif
4123,C004123,Gabriel,Simon,1950-06-10,2026-03-06,Particulier,Enseignant,2583.03,44,A006,Libourne,33500,gabriel.simon_4123@example.fr,Actif
4124,C004124,Gabriel,Lambert,1988-11-29,2026-02-13,Particulier,Retraité,2539.79,45,A016,Rochefort,17300,gabriel.lambert_4124@example.fr,Actif
4125,C004125,Paul,Bernard,1982-08-21,2019-07-01,Particulier,Retraité,900.0,23,A015,La Rochelle,17000,paul.bernard_4125@example.fr,Actif
4126,C004126,Enzo,Moreau,1959-12-29,2016-04-02,Particulier,Profession libérale,2111.78,50,A014,Oloron-Sainte-Marie,64400,enzo.moreau_4126@example.fr,Actif
4127,C004127,Antoine,Petit,1982-01-07,2024-05-12,Professionnel,Commerçant,6238.35,40,A021,Périgueux,24000,antoine.petit_4127@example.fr,Actif
4128,C004128,Gabriel,François,1976-05-31,2025-10-17,Particulier,Cadre,1037.99,94,A008,Langon,33210,gabriel.françois_4128@example.fr,Actif
4129,C004129,Chloé,Dubois,1986-07-05,2022-04-04,Particulier,Cadre,6830.8,51,A024,Mont-de-Marsan,40000,chloe.dubois_4129@example.fr,Actif
4130,C004130,Hugo,Bernard,1948-09-16,2023-11-25,Particulier,Employé,2866.2,49,A014,Oloron-Sainte-Marie,64400,hugo.bernard_4130@example.fr,Actif
4131,C004131,Thomas,Bonnet,1995-11-08,2020-08-25,Particulier,Cadre,2985.4,57,A010,Bayonne,64100,thomas.bonnet_4131@example.fr,Actif
4132,C004132,Lucas,Moreau,1946-07-09,2026-06-24,Particulier,Cadre,1667.62,54,A015,La Rochelle,17000,lucas.moreau_4132@example.fr,Inactif
4133,C004133,Clara,Robert,1983-10-21,2021-07-18,Particulier,Cadre,1451.03,64,A014,Oloron-Sainte-Marie,64400,clara.robert_4133@example.fr,Actif
4134,C004134,Clara,Vincent,1984-07-04,2016-07-31,Particulier,Employé,486.29,92,A016,Rochefort,17300,clara.vincent_4134@example.fr,Actif
4135,C004135,Océane,Dupont,1961-05-20,2023-07-31,Particulier,Retraité,2639.64,22,A012,Anglet,64600,oceane.dupont_4135@example.fr,Actif
4136,C004136,Inès,Legrand,1966-01-26,2019-03-30,Particulier,Employé,2316.8,52,A006,Libourne,33500,ines.legrand_4136@example.fr,Actif
4137,C004137,Nathan,Morel,1947-01-30,2021-04-24,Particulier,Cadre,2779.6,29,A009,Pau,64000,nathan.morel_4137@example.fr,Actif
4138,C004138,Océane,Durand,1973-10-26,2022-03-21,Particulier,Artisan,384.06,67,A009,Pau,64000,oceane.durand_4138@example.fr,Actif
4139,C004139,Inès,Dupont,1983-05-21,2022-02-17,Particulier,Enseignant,2467.63,25,A019,Limoges,87000,ines.dupont_4139@example.fr,Actif
4140,C004140,Zoé,François,1983-09-09,2019-01-10,Professionnel,Commerçant,6947.57,47,A008,Langon,33210,zoe.françois_4140@example.fr,Actif
4141,C004141,Antoine,Roux,2002-11-02,2019-08-22,Professionnel,Technicien,969.6,64,A022,Bergerac,24100,antoine.roux_4141@example.fr,Actif
4142,C004142,Sarah,Robert,1965-08-31,2016-12-19,Professionnel,Employé,3495.18,59,A007,Arcachon,33120,sarah.robert_4142@example.fr,Actif
4143,C004143,Océane,Thomas,1977-04-30,2021-06-16,Particulier,Employé,6269.05,48,A008,Langon,33210,oceane.thomas_4143@example.fr,Actif
4144,C004144,Marie,Bertrand,1993-12-06,2018-08-23,Particulier,Employé,1743.07,52,A025,Dax,40100,marie.bertrand_4144@example.fr,Actif
4145,C004145,Jade,Bernard,1996-07-02,2016-08-08,Particulier,Étudiant,1060.17,53,A004,Pessac,33600,jade.bernard_4145@example.fr,Actif
4146,C004146,Sarah,Morel,2002-09-09,2016-05-28,Particulier,Sans emploi,1129.51,22,A010,Bayonne,64100,sarah.morel_4146@example.fr,Actif
4147,C004147,Océane,Martin,2003-12-21,2019-01-18,Particulier,Cadre,3767.23,54,A006,Libourne,33500,oceane.martin_4147@example.fr,Actif
4148,C004148,Sarah,Robert,1975-09-05,2020-01-06,Professionnel,Employé,9358.32,37,A017,Niort,79000,sarah.robert_4148@example.fr,Actif
4149,C004149,Léa,Bonnet,1995-04-13,2018-01-02,Particulier,Cadre,3807.83,86,A016,Rochefort,17300,lea.bonnet_4149@example.fr,Actif
4150,C004150,Jade,Legrand,1996-10-08,2021-07-29,Particulier,Profession libérale,1082.12,30,A020,Brive-la-Gaillarde,19100,jade.legrand_4150@example.fr,Actif
4151,C004151,Amélie,Durand,1958-10-01,2018-10-08,Particulier,Étudiant,1829.94,69,A001,Bordeaux,33000,amelie.durand_4151@example.fr,Actif
4152,C004152,Hugo,Durand,1980-05-24,2022-01-22,Particulier,Technicien,1831.68,45,A019,Limoges,87000,hugo.durand_4152@example.fr,Actif
4153,C004153,Jade,Legrand,1997-08-18,2018-07-26,Particulier,Employé,2895.71,8,A019,Limoges,87000,jade.legrand_4153@example.fr,Actif
4154,C004154,Élodie,Garcia,1967-09-09,2017-04-24,Particulier,Employé,4053.68,52,A002,Bordeaux,33300,elodie.garcia_4154@example.fr,Actif
4155,C004155,Lucas,François,1962-10-15,2019-04-27,Association,Retraité,2257.72,75,A006,Libourne,33500,lucas.françois_4155@example.fr,Actif
4156,C004156,Marie,Vincent,1988-01-29,2022-08-20,Particulier,Commerçant,913.44,55,A018,Poitiers,86000,marie.vincent_4156@example.fr,Actif
4157,C004157,Antoine,Simon,1988-12-21,2017-11-05,Particulier,Retraité,1191.87,40,A018,Poitiers,86000,antoine.simon_4157@example.fr,Actif
4158,C004158,Antoine,Martin,1956-05-28,2022-05-08,Particulier,Employé,0.0,69,A011,Biarritz,64200,antoine.martin_4158@example.fr,Actif
4159,C004159,Jade,Leroy,1951-09-18,2023-03-25,Particulier,Artisan,1242.16,14,A012,Anglet,64600,jade.leroy_4159@example.fr,Actif
4160,C004160,Gabriel,Garcia,1993-12-25,2024-02-14,Particulier,Employé,318.77,67,A020,Brive-la-Gaillarde,19100,gabriel.garcia_4160@example.fr,Actif
4161,C004161,Marie,Girard,1967-11-03,2023-02-25,Particulier,Artisan,2915.68,77,A021,Périgueux,24000,marie.girard_4161@example.fr,Clos
4162,C004162,Mathis,Dubois,1964-07-05,2026-05-25,Particulier,Commerçant,1640.42,69,A010,Bayonne,64100,mathis.dubois_4162@example.fr,Clos
4163,C004163,Gabriel,Vincent,1993-03-16,2026-01-13,Particulier,Employé,892.16,49,A022,Bergerac,24100,gabriel.vincent_4163@example.fr,Actif
4164,C004164,Antoine,Richard,1963-07-22,2017-03-01,Particulier,Artisan,0.0,59,A017,Niort,79000,antoine.richard_4164@example.fr,Actif
4165,C004165,Noah,Thomas,1963-03-15,2024-10-08,Professionnel,Cadre,1787.32,75,A014,Oloron-Sainte-Marie,64400,noah.thomas_4165@example.fr,Actif
4166,C004166,Marie,Dupont,1979-02-27,2025-01-15,Particulier,Retraité,900.0,53,A009,Pau,64000,marie.dupont_4166@example.fr,Actif
4167,C004167,Nathan,Garcia,1979-02-23,2018-09-13,Professionnel,Employé,6077.41,71,A018,Poitiers,86000,nathan.garcia_4167@example.fr,Actif
4168,C004168,Lucas,Garcia,1951-12-30,2015-08-16,Professionnel,Employé,1312.88,33,A022,Bergerac,24100,lucas.garcia_4168@example.fr,Actif
4169,C004169,Noah,Thomas,1964-04-26,2026-01-07,Particulier,Artisan,1358.93,85,A022,Bergerac,24100,noah.thomas_4169@example.fr,Actif
4170,C004170,Clara,Robert,1950-01-02,2022-11-20,Particulier,Employé,5809.92,24,A006,Libourne,33500,clara.robert_4170@example.fr,Actif
4171,C004171,Enzo,Leroy,1987-11-08,2026-05-07,Particulier,Retraité,1938.99,49,A023,Agen,47000,enzo.leroy_4171@example.fr,Actif
4172,C004172,Paul,Legrand,1955-11-29,2017-05-24,Particulier,Cadre,2237.52,28,A011,Biarritz,,paul.legrand_4172@example.fr,Actif
4173,C004173,Thomas,Petit,1978-11-14,2018-06-12,Particulier,Employé,434.37,58,A006,Libourne,33500,thomas.petit_4173@example.fr,Inactif
4174,C004174,Camille,Bonnet,1948-05-05,2016-05-31,Professionnel,Retraité,963.34,85,A025,Dax,40100,camille.bonnet_4174@example.fr,Actif
4175,C004175,Julien,Durand,1949-08-18,2015-02-07,Particulier,Étudiant,908.97,54,A006,Libourne,33500,julien.durand_4175@example.fr,Actif
4176,C004176,Élodie,Martin,1998-01-23,2022-04-21,Particulier,Technicien,1609.43,64,A004,Pessac,33600,elodie.martin_4176@example.fr,Actif
4177,C004177,Noah,Girard,1951-11-30,2022-02-02,Particulier,Employé,3060.51,65,A004,Pessac,33600,noah.girard_4177@example.fr,Actif
4178,C004178,Chloé,David,1998-07-06,2016-09-05,Particulier,Employé,3869.53,67,A017,Niort,79000,chloe.david_4178@example.fr,Actif
4179,C004179,Camille,Girard,1963-10-30,2023-08-07,Professionnel,Profession libérale,7214.16,60,A024,Mont-de-Marsan,40000,camille.girard_4179@example.fr,Actif
4180,C004180,Océane,Legrand,1989-12-13,2015-08-16,Particulier,Employé,464.35,46,A013,Orthez,64300,oceane.legrand_4180@example.fr,Actif
4181,C004181,Zoé,André,1953-08-24,2017-06-15,Particulier,Cadre,5368.92,54,A017,Niort,,zoe.andré_4181@example.fr,Actif
4182,C004182,Sarah,Lefebvre,2004-07-09,2017-02-18,Professionnel,Cadre,4050.69,52,A011,Biarritz,64200,sarah.lefebvre_4182@example.fr,Actif
4183,C004183,Hugo,Girard,1975-12-03,2016-01-02,Particulier,Commerçant,1390.23,82,A005,Talence,33400,hugo.girard_4183@example.fr,Actif
4184,C004184,Antoine,Martinez,1950-07-25,2016-07-18,Particulier,Enseignant,2905.9,93,A004,Pessac,33600,antoine.martinez_4184@example.fr,Actif
4185,C004185,Clara,Martin,1955-07-16,2019-09-22,Particulier,Retraité,1052.43,62,A022,Bergerac,24100,clara.martin_4185@example.fr,Actif
4186,C004186,Manon,Fournier,2002-12-17,2018-02-15,Particulier,Profession libérale,4752.57,60,A010,Bayonne,64100,manon.fournier_4186@example.fr,Actif
4187,C004187,Hugo,Bonnet,1958-11-09,2022-04-20,Professionnel,Cadre,5521.31,24,A017,Niort,79000,hugo.bonnet_4187@example.fr,Actif
4188,C004188,Antoine,Moreau,1957-04-06,2017-09-19,Particulier,Technicien,3028.81,55,A005,Talence,33400,antoine.moreau_4188@example.fr,Actif
4189,C004189,Emma,Michel,1970-09-20,2023-07-29,Particulier,Cadre,3287.53,66,A010,Bayonne,64100,emma.michel_4189@example.fr,Actif
4190,C004190,Clara,Fournier,1980-01-15,2025-10-06,Particulier,Employé,2834.11,64,A023,Agen,47000,clara.fournier_4190@example.fr,Actif
4191,C004191,Emma,Morel,1981-05-05,2020-04-04,Particulier,Profession libérale,5449.9,48,A012,Anglet,64600,emma.morel_4191@example.fr,Actif
4192,C004192,Gabriel,Roux,1970-10-19,2023-10-03,Professionnel,Sans emploi,7875.03,36,A013,Orthez,64300,gabriel.roux_4192@example.fr,Actif
4193,C004193,Sarah,Martin,1980-08-14,2019-04-08,Particulier,Employé,842.94,61,A015,La Rochelle,17000,sarah.martin_4193@example.fr,Actif
4194,C004194,Amélie,Durand,1989-10-15,2015-07-21,Particulier,Cadre,3132.61,67,A019,Limoges,87000,amelie.durand_4194@example.fr,Actif
4195,C004195,Clara,Durand,2001-12-21,2023-07-17,Particulier,Employé,5268.1,57,A025,Dax,40100,clara.durand_4195@example.fr,Actif
4196,C004196,Hugo,Michel,1999-04-12,2022-11-03,Professionnel,Profession libérale,7943.01,59,A008,Langon,33210,hugo.michel_4196@example.fr,Actif
4197,C004197,Amélie,Dubois,1999-06-24,2015-06-25,Particulier,Employé,5579.86,83,A010,Bayonne,64100,amelie.dubois_4197@example.fr,Inactif
4198,C004198,Marie,Durand,1948-02-12,2023-10-24,Particulier,Employé,1984.53,67,A018,Poitiers,86000,marie.durand_4198@example.fr,Inactif
4199,C004199,Zoé,Morel,1994-02-17,2016-06-22,Particulier,Employé,2605.76,51,A017,Niort,79000,zoe.morel_4199@example.fr,Actif
4200,C004200,Camille,François,1978-10-03,2021-06-12,Professionnel,Étudiant,1282.19,60,A008,Langon,33210,camille.françois_4200@example.fr,Actif
4201,C004201,Clara,Lambert,1976-06-03,2025-07-26,Particulier,Cadre,3163.87,47,A015,La Rochelle,17000,clara.lambert_4201@example.fr,Actif
4202,C004202,Mathis,Martin,1949-05-10,2016-03-14,Particulier,Employé,3043.28,39,A017,Niort,79000,mathis.martin_4202@example.fr,Actif
4203,C004203,Enzo,Laurent,1961-09-12,2022-11-16,Professionnel,Profession libérale,6061.33,35,A022,Bergerac,24100,enzo.laurent_4203@example.fr,Clos
4204,C004204,Inès,Garcia,1950-10-10,2021-10-27,Professionnel,Cadre,7007.47,58,A015,La Rochelle,17000,ines.garcia_4204@example.fr,Inactif
4205,C004205,Enzo,Morel,2000-09-26,2016-08-14,Particulier,Employé,0.0,81,A019,Limoges,87000,enzo.morel_4205@example.fr,Actif
4206,C004206,Sarah,Simon,1956-07-19,2025-11-11,Particulier,Employé,2360.61,46,A007,Arcachon,33120,sarah.simon_4206@example.fr,Actif
4207,C004207,Jade,Petit,1977-09-04,2019-11-20,Particulier,Étudiant,1274.35,58,A019,Limoges,87000,jade.petit_4207@example.fr,Actif
4208,C004208,Jade,Lefebvre,1951-06-01,2019-09-18,Association,Étudiant,273.68,60,A017,Niort,79000,jade.lefebvre_4208@example.fr,Actif
4209,C004209,Océane,Garcia,2001-04-14,2024-02-27,Particulier,Enseignant,477.95,40,A008,Langon,33210,oceane.garcia_4209@example.fr,Actif
4210,C004210,Gabriel,Petit,1951-05-26,2016-08-20,Particulier,Technicien,798.28,39,A008,Langon,33210,gabriel.petit_4210@example.fr,Actif
4211,C004211,Clara,Richard,1965-07-11,2021-09-24,Particulier,Technicien,2124.91,57,A002,Bordeaux,33300,clara.richard_4211@example.fr,Actif
4212,C004212,Noah,Martin,2000-09-29,2025-08-27,Particulier,Agriculteur,3510.26,40,A012,Anglet,64600,noah.martin_4212@example.fr,Actif
4213,C004213,Emma,Dubois,1990-04-19,2026-05-17,Particulier,Cadre,2213.22,26,A004,Pessac,33600,emma.dubois_4213@example.fr,Actif
4214,C004214,Alexandre,David,1993-05-24,2018-12-25,Professionnel,Technicien,3306.34,37,A003,Mérignac,33700,alexandre.david_4214@example.fr,Actif
4215,C004215,Noah,François,1983-06-20,2020-07-23,Particulier,Enseignant,640.22,24,A023,Agen,47000,noah.françois_4215@example.fr,Actif
4216,C004216,Manon,Bernard,1951-05-18,2025-03-01,Professionnel,Employé,3027.91,54,A011,Biarritz,64200,manon.bernard_4216@example.fr,Actif
4217,C004217,Nathan,Martin,1974-02-23,2026-05-08,Professionnel,Profession libérale,5991.88,20,A023,Agen,47000,,Actif
4218,C004218,Manon,Bernard,1962-06-15,2021-07-07,Particulier,Enseignant,325.57,80,A010,Bayonne,64100,manon.bernard_4218@example.fr,Actif
4219,C004219,Mathis,Moreau,2001-02-05,2015-02-21,Particulier,Artisan,1402.98,14,A021,Périgueux,24000,mathis.moreau_4219@example.fr,Inactif
4220,C004220,Antoine,Fournier,1952-11-13,2017-03-30,Particulier,Artisan,1587.4,71,A016,Rochefort,17300,antoine.fournier_4220@example.fr,Clos
4221,C004221,Gabriel,Bernard,1965-11-13,2024-01-30,Particulier,Retraité,1534.26,25,A013,Orthez,64300,gabriel.bernard_4221@example.fr,Actif
4222,C004222,Antoine,Bonnet,1962-02-19,2026-02-10,Particulier,Commerçant,2264.25,44,A006,Libourne,33500,antoine.bonnet_4222@example.fr,Actif
4223,C004223,Lucas,Thomas,1993-10-09,2021-01-26,Particulier,Retraité,2400.68,72,A002,Bordeaux,33300,lucas.thomas_4223@example.fr,Actif
4224,C004224,Noah,Laurent,1966-05-12,2022-06-24,Particulier,Profession libérale,2526.92,24,A006,Libourne,33500,noah.laurent_4224@example.fr,Actif
4225,C004225,Nathan,Bernard,1997-05-16,2018-07-27,Particulier,Employé,4125.32,48,A016,Rochefort,17300,nathan.bernard_4225@example.fr,Actif
4226,C004226,Hugo,Girard,1955-10-03,2024-06-06,Particulier,Artisan,0.0,62,A021,Périgueux,24000,hugo.girard_4226@example.fr,Actif
4227,C004227,Sarah,Martinez,1950-07-04,2016-11-10,Particulier,Employé,5076.01,48,A020,Brive-la-Gaillarde,,sarah.martinez_4227@example.fr,Actif
4228,C004228,Paul,Petit,1949-02-23,2018-04-11,Particulier,Employé,4784.72,40,A011,Biarritz,64200,paul.petit_4228@example.fr,Actif
4229,C004229,Antoine,Michel,1981-09-13,2016-08-22,Particulier,Employé,4976.98,52,A006,Libourne,33500,antoine.michel_4229@example.fr,Actif
4230,C004230,Hugo,Michel,2002-12-30,2017-04-13,Particulier,Technicien,782.65,72,A007,Arcachon,33120,hugo.michel_4230@example.fr,Actif
4231,C004231,Nathan,Leroy,1963-08-08,2024-10-13,Particulier,Retraité,1858.56,57,A015,La Rochelle,17000,nathan.leroy_4231@example.fr,Actif
4232,C004232,Léa,David,1994-04-21,2024-10-13,Particulier,Cadre,4484.62,54,A015,La Rochelle,17000,lea.david_4232@example.fr,Actif
4233,C004233,Camille,Dubois,1985-08-31,2023-01-10,Particulier,Technicien,6978.42,56,A025,Dax,40100,camille.dubois_4233@example.fr,Actif
4234,C004234,Mathis,Robert,1981-08-22,2016-03-16,Particulier,Agriculteur,3386.34,19,A012,Anglet,64600,mathis.robert_4234@example.fr,Inactif
4235,C004235,Lucas,Legrand,1947-11-15,2016-08-23,Particulier,Agriculteur,3617.62,72,A002,Bordeaux,33300,lucas.legrand_4235@example.fr,Actif
4236,C004236,Camille,Moreau,1966-06-26,2026-01-09,Professionnel,Agriculteur,4697.02,67,A005,Talence,33400,camille.moreau_4236@example.fr,Actif
4237,C004237,Manon,Girard,1965-02-12,2016-10-13,Particulier,Agriculteur,3470.7,43,A020,Brive-la-Gaillarde,19100,manon.girard_4237@example.fr,Actif
4238,C004238,Camille,Garcia,1964-09-06,2019-04-13,Professionnel,Technicien,6149.77,23,A002,Bordeaux,33300,camille.garcia_4238@example.fr,Actif
4239,C004239,Mathis,Bernard,1968-08-03,2019-07-24,Particulier,Étudiant,564.04,75,A006,Libourne,33500,mathis.bernard_4239@example.fr,Actif
4240,C004240,Antoine,Bonnet,1988-11-05,2016-11-08,Particulier,Cadre,1858.81,35,A016,Rochefort,17300,antoine.bonnet_4240@example.fr,Inactif
4241,C004241,Mathis,Martinez,1981-07-14,2016-05-18,Particulier,Technicien,3724.95,56,A016,Rochefort,17300,mathis.martinez_4241@example.fr,Inactif
4242,C004242,Enzo,Martin,1998-04-24,2024-11-06,Professionnel,Artisan,3662.0,53,A008,Langon,33210,enzo.martin_4242@example.fr,Actif
4243,C004243,Gabriel,Bonnet,1954-04-11,2024-08-12,Particulier,Commerçant,4209.62,41,A025,Dax,40100,gabriel.bonnet_4243@example.fr,Actif
4244,C004244,Thomas,Mercier,2004-06-24,2021-07-26,Particulier,Technicien,3189.78,65,A022,Bergerac,24100,thomas.mercier_4244@example.fr,Actif
4245,C004245,Nathan,Moreau,1999-08-08,2025-03-17,Particulier,Profession libérale,5283.84,57,A006,Libourne,33500,nathan.moreau_4245@example.fr,Actif
4246,C004246,Thomas,Leroy,1966-02-15,2019-03-01,Particulier,Enseignant,5227.91,57,A003,Mérignac,33700,thomas.leroy_4246@example.fr,Actif
4247,C004247,Thomas,Fournier,1998-08-29,2022-06-13,Particulier,Étudiant,768.97,49,A016,Rochefort,17300,thomas.fournier_4247@example.fr,Actif
4248,C004248,Antoine,Lambert,1955-09-26,2018-10-29,Particulier,Retraité,2197.16,53,A019,Limoges,87000,antoine.lambert_4248@example.fr,Actif
4249,C004249,Paul,Bertrand,1950-02-28,2024-02-19,Particulier,Cadre,2711.79,93,A017,Niort,79000,paul.bertrand_4249@example.fr,Actif
4250,C004250,Élodie,Girard,1968-12-17,2023-02-10,Particulier,Profession libérale,1784.27,35,A011,Biarritz,64200,elodie.girard_4250@example.fr,Actif
4251,C004251,Océane,Lambert,1958-02-20,2024-10-16,Particulier,Employé,1674.67,45,A009,Pau,64000,oceane.lambert_4251@example.fr,Actif
4252,C004252,Thomas,André,1991-11-16,2024-08-06,Professionnel,Artisan,3316.83,39,A006,Libourne,33500,thomas.andré_4252@example.fr,Actif
4253,C004253,Léa,Simon,1997-04-08,2019-08-16,Particulier,EMPLOYÉ,4149.14,34,A025,Dax,40100,lea.simon_4253@example.fr,Actif
4254,C004254,Amélie,Garcia,1948-04-03,2017-05-20,Professionnel,Retraité,2773.19,58,A003,Mérignac,33700,amelie.garcia_4254@example.fr,Actif
4255,C004255,Antoine,Simon,1985-11-29,2017-10-19,Particulier,Profession libérale,1553.68,49,A015,La Rochelle,17000,antoine.simon_4255@example.fr,Actif
4256,C004256,Enzo,Michel,1983-11-28,2016-11-23,Particulier,Enseignant,3680.86,47,A014,Oloron-Sainte-Marie,64400,enzo.michel_4256@example.fr,Actif
4257,C004257,Alexandre,Fournier,1945-12-07,2019-08-15,Particulier,Retraité,979.9,49,A013,Orthez,64300,alexandre.fournier_4257@example.fr,Actif
4258,C004258,Antoine,David,1974-05-07,2020-10-20,Particulier,Commerçant,1806.7,49,A025,Dax,40100,antoine.david_4258@example.fr,Actif
4259,C004259,Zoé,Richard,1950-10-04,2023-12-25,Particulier,Enseignant,3329.9,54,A013,Orthez,64300,zoe.richard_4259@example.fr,Actif
4260,C004260,Hugo,Robert,1994-07-18,2015-03-16,Professionnel,Employé,8070.84,76,A012,Anglet,64600,hugo.robert_4260@example.fr,Actif
4261,C004261,Hugo,Robert,2000-10-16,2017-12-31,Particulier,Commerçant,4214.05,37,A022,Bergerac,24100,hugo.robert_4261@example.fr,Actif
4262,C004262,Chloé,Mercier,1958-09-27,2018-03-22,Particulier,Cadre,3285.44,52,A017,Niort,79000,chloe.mercier_4262@example.fr,Actif
4263,C004263,Emma,Simon,1971-05-27,2020-09-05,Association,Agriculteur,4519.47,40,A005,Talence,33400,emma.simon_4263@example.fr,Actif
4264,C004264,Nathan,Petit,1990-05-15,2020-11-24,Particulier,Cadre,3293.85,66,A022,Bergerac,24100,nathan.petit_4264@example.fr,Actif
4265,C004265,Gabriel,André,2000-07-30,2026-06-06,Particulier,Employé,4644.27,71,A010,Bayonne,64100,gabriel.andré_4265@example.fr,Clos
4266,C004266,Marie,Michel,1980-05-10,2022-11-13,Particulier,Étudiant,638.0,35,A010,Bayonne,64100,marie.michel_4266@example.fr,Actif
4267,C004267,Camille,Fournier,1971-12-12,2023-08-21,Particulier,Étudiant,489.6,45,A022,Bergerac,24100,camille.fournier_4267@example.fr,Actif
4268,C004268,Enzo,Fournier,1992-10-09,2023-08-08,Particulier,Retraité,3298.43,39,A001,Bordeaux,33000,enzo.fournier_4268@example.fr,Actif
4269,C004269,Sarah,Richard,1989-11-07,2021-08-26,Association,Employé,5900.25,50,A022,Bergerac,24100,sarah.richard_4269@example.fr,Actif
4270,C004270,Emma,François,1945-12-11,2015-12-29,Particulier,Employé,1090.74,61,A008,Langon,33210,emma.françois_4270@example.fr,Actif
4271,C004271,Antoine,Moreau,1991-04-20,2019-05-25,Particulier,Employé,2153.53,44,A005,Talence,33400,antoine.moreau_4271@example.fr,Actif
4272,C004272,Jade,Bertrand,2002-02-01,2025-04-10,Particulier,Étudiant,358.33,50,A013,Orthez,64300,jade.bertrand_4272@example.fr,Actif
4273,C004273,Inès,Vincent,1986-04-26,2021-05-18,Particulier,Retraité,900.0,48,A016,Rochefort,17300,ines.vincent_4273@example.fr,Actif
4274,C004274,Marie,André,1980-03-08,2020-06-17,Professionnel,Employé,2094.41,41,A023,Agen,47000,marie.andré_4274@example.fr,Actif
4275,C004275,Chloé,Bernard,1981-11-09,2016-06-18,Particulier,Technicien,2837.34,38,A011,Biarritz,64200,chloe.bernard_4275@example.fr,Actif
4276,C004276,Manon,Bernard,1955-03-02,2018-01-11,Particulier,Employé,2266.51,77,A015,La Rochelle,17000,manon.bernard_4276@example.fr,Actif
4277,C004277,Antoine,Thomas,1971-11-08,2022-08-29,Particulier,Commerçant,949.14,71,A016,Rochefort,17300,antoine.thomas_4277@example.fr,Inactif
4278,C004278,Sarah,Leroy,1967-09-12,2022-11-24,Particulier,Étudiant,204.76,93,A015,La Rochelle,17000,sarah.leroy_4278@example.fr,Actif
4279,C004279,Noah,Vincent,1980-01-14,2021-07-29,Particulier,Artisan,4807.23,55,A024,Mont-de-Marsan,40000,noah.vincent_4279@example.fr,Actif
4280,C004280,Hugo,Bernard,1967-09-03,2024-11-28,Particulier,Employé,4412.09,63,A006,Libourne,33500,hugo.bernard_4280@example.fr,Actif
4281,C004281,Paul,Durand,1971-10-27,2021-01-26,Particulier,Retraité,2239.5,72,A018,Poitiers,86000,paul.durand_4281@example.fr,Actif
4282,C004282,Zoé,Fournier,1997-08-27,2024-12-06,Professionnel,Profession libérale,4984.22,53,A002,Bordeaux,33300,zoe.fournier_4282@example.fr,Actif
4283,C004283,Marie,Simon,1964-10-04,2022-05-21,Particulier,Technicien,2366.78,76,A023,Agen,47000,marie.simon_4283@example.fr,Inactif
4284,C004284,Enzo,Roux,2000-09-03,2020-01-22,Particulier,Retraité,2481.32,60,A011,Biarritz,64200,enzo.roux_4284@example.fr,Actif
4285,C004285,Antoine,David,1992-11-02,2021-05-06,Particulier,Cadre,3544.36,44,A002,Bordeaux,33300,antoine.david_4285@example.fr,Actif
4286,C004286,Nathan,Bertrand,1976-11-03,2026-06-15,Professionnel,Retraité,1836.6,56,A025,Dax,40100,nathan.bertrand_4286@example.fr,Clos
4287,C004287,Mathis,François,1959-09-22,2017-09-25,Professionnel,Étudiant,1196.39,55,A009,Pau,64000,mathis.françois_4287@example.fr,Actif
4288,C004288,Inès,Legrand,1983-12-17,2018-05-31,Particulier,Retraité,1739.46,69,A019,Limoges,87000,ines.legrand_4288@example.fr,Actif
4289,C004289,Léa,Petit,2001-12-09,2026-05-06,Particulier,Sans emploi,2150.35,35,A011,Biarritz,64200,lea.petit_4289@example.fr,Actif
4290,C004290,Zoé,Simon,1993-08-30,2019-12-08,Particulier,Artisan,3772.63,61,A011,Biarritz,64200,zoe.simon_4290@example.fr,Inactif
4291,C004291,Sarah,Roux,2003-01-13,2019-10-29,Particulier,Cadre,2263.09,65,A020,Brive-la-Gaillarde,19100,sarah.roux_4291@example.fr,Actif
4292,C004292,Camille,Bernard,1984-09-17,2023-03-31,Particulier,Artisan,6241.57,54,A009,Pau,64000,camille.bernard_4292@example.fr,Actif
4293,C004293,Hugo,Morel,1959-10-04,2022-07-05,Particulier,Enseignant,1310.04,22,A013,Orthez,64300,hugo.morel_4293@example.fr,Actif
4294,C004294,Sarah,Dupont,1988-05-09,2018-01-25,Particulier,Artisan,6281.61,59,A009,Pau,64000,sarah.dupont_4294@example.fr,Actif
4295,C004295,Mathis,Garcia,1996-10-19,2022-04-10,Particulier,Profession libérale,187.88,43,A005,Talence,33400,mathis.garcia_4295@example.fr,Actif
4296,C004296,Lucas,Mercier,1945-10-13,2025-02-10,Particulier,Cadre,5080.23,66,A012,Anglet,64600,lucas.mercier_4296@example.fr,Actif
4297,C004297,Mathis,Michel,1950-12-09,2023-10-18,Particulier,Employé,701.95,35,A012,Anglet,64600,mathis.michel_4297@example.fr,Actif
4298,C004298,Emma,Girard,1948-11-10,2019-11-01,Particulier,Retraité,1413.48,46,A021,Périgueux,24000,emma.girard_4298@example.fr,Actif
4299,C004299,Emma,Lambert,1953-05-22,2015-12-10,Association,Retraité,2609.72,63,A025,Dax,40100,emma.lambert_4299@example.fr,Actif
4300,C004300,Lucas,Girard,1993-11-22,2015-05-28,Particulier,Enseignant,5477.33,42,A024,Mont-de-Marsan,40000,lucas.girard_4300@example.fr,Actif
4301,C004301,Jade,Bernard,1996-05-03,2022-02-12,Particulier,Retraité,1540.6,58,A022,Bergerac,24100,jade.bernard_4301@example.fr,Actif
4302,C004302,Antoine,Bernard,1970-10-16,2021-06-13,Particulier,Cadre,2773.05,56,A010,Bayonne,64100,antoine.bernard_4302@example.fr,Actif
4303,C004303,Noah,Moreau,1989-01-18,2019-01-23,Particulier,Employé,4297.67,83,A011,Biarritz,64200,noah.moreau_4303@example.fr,Actif
4304,C004304,Amélie,Dubois,1974-09-27,2021-07-17,Particulier,Retraité,1991.65,76,A022,Bergerac,24100,amelie.dubois_4304@example.fr,Actif
4305,C004305,Amélie,Mercier,1996-12-14,2018-06-09,Particulier,Employé,2280.73,54,A009,Pau,64000,amelie.mercier_4305@example.fr,Actif
4306,C004306,Sarah,Dubois,1980-11-23,2023-09-16,Particulier,Artisan,2804.64,41,A005,Talence,33400,sarah.dubois_4306@example.fr,Clos
4307,C004307,Camille,Girard,2003-05-16,2023-12-26,Particulier,Technicien,0.0,68,A017,Niort,79000,camille.girard_4307@example.fr,Actif
4308,C004308,Léa,Thomas,1993-08-10,2026-02-16,particulier,Cadre,730.97,51,A002,Bordeaux,33300,lea.thomas_4308@example.fr,Actif
4309,C004309,Océane,Durand,1951-05-31,2023-08-08,Professionnel,Enseignant,10631.94,68,A018,Poitiers,86000,oceane.durand_4309@example.fr,Actif
4310,C004310,Mathis,Martin,1959-01-08,2024-10-13,Particulier,Retraité,2889.46,20,A002,Bordeaux,33300,mathis.martin_4310@example.fr,Actif
4311,C004311,Mathis,Fournier,1971-10-25,2026-04-06,Particulier,Enseignant,2517.01,57,A009,Pau,64000,mathis.fournier_4311@example.fr,Actif
4312,C004312,Amélie,Robert,1987-02-19,2018-07-14,Particulier,Retraité,2631.21,65,A017,Niort,79000,amelie.robert_4312@example.fr,Actif
4313,C004313,Zoé,Martin,1975-12-08,2016-08-21,Particulier,Employé,248.92,48,A010,Bayonne,64100,zoe.martin_4313@example.fr,Actif
4314,C004314,Thomas,Bernard,1978-02-18,2022-02-03,Particulier,Profession libérale,3534.01,46,A017,Niort,79000,thomas.bernard_4314@example.fr,Actif
4315,C004315,Clara,Fournier,1953-11-09,2024-09-30,Particulier,Agriculteur,2697.81,37,A009,Pau,64000,clara.fournier_4315@example.fr,Actif
4316,C004316,Jade,Thomas,1967-04-14,2025-03-05,Particulier,Agriculteur,4639.68,62,A010,Bayonne,64100,jade.thomas_4316@example.fr,Actif
4317,C004317,Lucas,Martin,1971-03-07,2015-07-25,Particulier,Employé,3831.23,58,A015,La Rochelle,17000,lucas.martin_4317@example.fr,Actif
4318,C004318,Amélie,Martin,1985-06-06,2025-12-20,Particulier,Étudiant,1670.93,53,A006,Libourne,33500,amelie.martin_4318@example.fr,Actif
4319,C004319,Sarah,Richard,1984-10-30,2019-07-08,Professionnel,Retraité,2877.77,65,A014,Oloron-Sainte-Marie,64400,sarah.richard_4319@example.fr,Actif
4320,C004320,Élodie,Laurent,2001-02-21,2022-06-01,Particulier,Enseignant,2489.21,31,A016,Rochefort,17300,elodie.laurent_4320@example.fr,Actif
4321,C004321,Jade,Martin,1995-04-22,2019-05-04,Particulier,Enseignant,223.23,71,A013,Orthez,64300,jade.martin_4321@example.fr,Actif
4322,C004322,Chloé,Simon,1976-03-12,2016-03-31,Professionnel,Commerçant,5234.26,61,A001,Bordeaux,33000,chloe.simon_4322@example.fr,Actif
4323,C004323,Emma,Morel,1988-10-03,2026-02-10,Particulier,Employé,5881.87,47,A015,La Rochelle,17000,emma.morel_4323@example.fr,Actif
4324,C004324,Clara,Michel,1946-04-23,2017-04-05,Particulier,Employé,5410.66,54,A005,Talence,33400,clara.michel_4324@example.fr,Inactif
4325,C004325,Paul,Legrand,1974-02-28,2017-09-17,Particulier,Étudiant,820.0,85,A023,Agen,47000,paul.legrand_4325@example.fr,Actif
4326,C004326,Zoé,Dupont,1990-09-17,2020-10-27,Particulier,Étudiant,701.79,55,A009,Pau,64000,zoe.dupont_4326@example.fr,Actif
4327,C004327,Chloé,Morel,1957-04-07,2026-01-27,Particulier,Étudiant,280.12,80,A007,Arcachon,33120,chloe.morel_4327@example.fr,Actif
4328,C004328,Sarah,Lambert,2001-04-21,2019-11-15,Particulier,Employé,4349.47,58,A017,Niort,79000,sarah.lambert_4328@example.fr,Actif
4329,C004329,Camille,Lambert,1979-07-29,2023-09-04,Particulier,Enseignant,5945.49,82,A007,Arcachon,33120,camille.lambert_4329@example.fr,Actif
4330,C004330,Nathan,André,1974-10-31,2019-05-03,Particulier,Cadre,3574.25,46,A009,Pau,64000,nathan.andré_4330@example.fr,Actif
4331,C004331,Thomas,Girard,1965-07-17,2017-04-11,Particulier,Employé,938.02,53,A006,Libourne,33500,thomas.girard_4331@example.fr,Actif
4332,C004332,Amélie,Bernard,1956-06-20,2020-04-09,Particulier,Étudiant,507.84,41,A009,Pau,64000,amelie.bernard_4332@example.fr,Actif
4333,C004333,Thomas,Mercier,1972-02-08,2025-08-30,Particulier,Technicien,2166.7,66,A001,Bordeaux,33000,thomas.mercier_4333@example.fr,Actif
4334,C004334,Clara,Bonnet,1992-06-30,2017-02-16,Professionnel,Enseignant,7880.82,84,A024,Mont-de-Marsan,40000,,Actif
4335,C004335,Sarah,Morel,2000-03-03,2018-07-19,Particulier,Cadre,997.99,48,A015,La Rochelle,17000,sarah.morel_4335@example.fr,Actif
4336,C004336,Océane,Dupont,1955-04-11,2016-05-16,Particulier,Enseignant,6096.37,48,A016,Rochefort,17300,oceane.dupont_4336@example.fr,Actif
4337,C004337,Océane,Fournier,1990-03-02,2020-04-05,Particulier,Artisan,1192.01,26,A006,Libourne,33500,oceane.fournier_4337@example.fr,Actif
4338,C004338,Julien,Leroy,1994-02-07,2015-08-10,Particulier,Enseignant,3941.1,28,A010,Bayonne,64100,julien.leroy_4338@example.fr,Actif
4339,C004339,Clara,Vincent,1990-11-17,2024-07-29,Professionnel,Commerçant,4466.09,66,A010,Bayonne,64100,clara.vincent_4339@example.fr,Actif
4340,C004340,Marie,Dupont,1960-09-11,2015-01-23,Particulier,Employé,5049.59,37,A023,Agen,47000,marie.dupont_4340@example.fr,Actif
4341,C004341,Marie,Lambert,1993-01-10,2021-03-04,Particulier,Employé,1435.77,63,A008,Langon,33210,marie.lambert_4341@example.fr,Actif
4342,C004342,Mathis,Vincent,1957-09-04,2018-01-19,Professionnel,Étudiant,1660.44,49,A008,Langon,33210,mathis.vincent_4342@example.fr,Actif
4343,C004343,Chloé,Bertrand,1991-12-17,2018-03-20,Professionnel,Artisan,7862.64,70,A003,Mérignac,33700,chloe.bertrand_4343@example.fr,Actif
4344,C004344,Gabriel,Dupont,1984-06-25,2023-01-19,Professionnel,Artisan,4588.28,65,A003,Mérignac,33700,gabriel.dupont_4344@example.fr,Actif
4345,C004345,Mathis,David,2002-12-05,2024-04-13,Particulier,Cadre,2287.5,55,A018,Poitiers,86000,mathis.david_4345@example.fr,Actif
4346,C004346,Hugo,Robert,1973-03-01,2022-01-09,Particulier,Employé,3771.54,25,A007,Arcachon,33120,hugo.robert_4346@example.fr,Actif
4347,C004347,Alexandre,Fournier,1983-01-22,2015-03-10,Particulier,Étudiant,351.91,70,A010,Bayonne,64100,alexandre.fournier_4347@example.fr,Actif
4348,C004348,Sarah,Richard,2004-09-18,2020-01-07,Particulier,Artisan,2764.72,41,A012,Anglet,64600,sarah.richard_4348@example.fr,Actif
4349,C004349,Emma,Martin,1998-10-22,2022-04-22,Professionnel,Employé,4618.8,60,A005,Talence,33400,emma.martin_4349@example.fr,Actif
4350,C004350,Sarah,Laurent,1999-01-09,2015-10-17,Particulier,Commerçant,4711.15,63,A005,Talence,33400,sarah.laurent_4350@example.fr,Actif
4351,C004351,Paul,Bernard,1978-07-04,2017-05-20,Professionnel,Profession libérale,7290.67,95,A022,Bergerac,24100,paul.bernard_4351@example.fr,Actif
4352,C004352,Thomas,Mercier,1948-05-01,2023-07-21,Particulier,Enseignant,891.37,21,A019,Limoges,87000,thomas.mercier_4352@example.fr,Actif
4353,C004353,Hugo,Durand,1947-10-23,2024-09-27,Particulier,Cadre,3278.88,38,A020,Brive-la-Gaillarde,19100,hugo.durand_4353@example.fr,Actif
4354,C004354,Lucas,Roux,1965-05-14,2021-12-25,Particulier,Employé,3137.49,28,A016,Rochefort,17300,lucas.roux_4354@example.fr,Actif
4355,C004355,Camille,Lambert,1968-04-28,2023-11-19,Professionnel,Retraité,2571.42,54,A001,Bordeaux,33000,camille.lambert_4355@example.fr,Clos
4356,C004356,Camille,Laurent,1975-10-02,2018-01-23,Particulier,Sans emploi,3054.94,56,A008,Langon,33210,camille.laurent_4356@example.fr,Actif
4357,C004357,Sarah,Dupont,1968-11-19,2018-06-16,Particulier,Enseignant,996.0,52,A001,Bordeaux,33000,sarah.dupont_4357@example.fr,Actif
4358,C004358,Julien,Lambert,1955-12-18,2017-06-21,Particulier,Retraité,900.0,58,A012,Anglet,64600,julien.lambert_4358@example.fr,Actif
4359,C004359,Chloé,Laurent,1968-03-07,2018-07-09,Professionnel,Profession libérale,7796.97,26,A002,Bordeaux,33300,chloe.laurent_4359@example.fr,Actif
4360,C004360,Amélie,Girard,1980-04-17,2023-08-31,Particulier,Sans emploi,832.18,30,A019,Limoges,87000,amelie.girard_4360@example.fr,Actif
4361,C004361,Zoé,Bonnet,1952-04-16,2024-11-11,Particulier,Enseignant,0.0,63,A002,Bordeaux,33300,zoe.bonnet_4361@example.fr,Actif
4362,C004362,Inès,Dubois,1990-01-19,2025-10-14,Particulier,Employé,2095.83,64,A016,Rochefort,17300,ines.dubois_4362@example.fr,Actif
4363,C004363,Inès,Martin,1959-11-12,2018-09-15,Particulier,Employé,2944.72,63,A005,Talence,33400,ines.martin_4363@example.fr,Actif
4364,C004364,Clara,Petit,1951-09-26,2025-09-09,Particulier,Enseignant,931.07,22,A003,Mérignac,33700,clara.petit_4364@example.fr,Actif
4365,C004365,Élodie,Leroy,1945-07-07,2026-04-22,Particulier,Étudiant,1626.06,51,A015,La Rochelle,17000,elodie.leroy_4365@example.fr,Actif
4366,C004366,Jade,Laurent,1978-07-05,2017-10-18,Particulier,Retraité,3026.65,45,A013,Orthez,64300,jade.laurent_4366@example.fr,Actif
4367,C004367,Sarah,Dubois,1953-01-10,2016-04-08,Particulier,Technicien,1617.18,60,A003,Mérignac,33700,sarah.dubois_4367@example.fr,Actif
4368,C004368,Chloé,Durand,2000-12-15,2016-02-06,Particulier,Employé,4202.63,62,A020,Brive-la-Gaillarde,19100,chloe.durand_4368@example.fr,Actif
4369,C004369,Clara,Roux,1962-02-16,2022-07-03,Particulier,Retraité,2751.05,47,A013,Orthez,64300,clara.roux_4369@example.fr,Actif
4370,C004370,Nathan,Mercier,1976-07-13,2017-12-31,Particulier,Technicien,4490.41,73,A007,Arcachon,33120,nathan.mercier_4370@example.fr,Actif
4371,C004371,Enzo,Durand,1978-03-04,2025-08-15,Particulier,Étudiant,795.76,65,A014,Oloron-Sainte-Marie,64400,enzo.durand_4371@example.fr,Actif
4372,C004372,Jade,Bonnet,1997-03-01,2022-01-16,Particulier,Artisan,5318.36,46,A008,Langon,33210,jade.bonnet_4372@example.fr,Actif
4373,C004373,Zoé,Durand,1974-06-15,2023-07-20,Particulier,Commerçant,4614.16,77,A001,Bordeaux,33000,zoe.durand_4373@example.fr,Actif
4374,C004374,Sarah,Bertrand,1970-08-21,2020-06-06,Particulier,Cadre,3020.93,50,A022,Bergerac,24100,sarah.bertrand_4374@example.fr,Actif
4375,C004375,Enzo,Bertrand,1974-10-26,2022-08-24,Association,Employé,7904.92,61,A011,Biarritz,64200,enzo.bertrand_4375@example.fr,Actif
4376,C004376,Gabriel,Bonnet,1981-06-19,2017-12-05,Association,Employé,6775.23,57,A003,Mérignac,33700,gabriel.bonnet_4376@example.fr,Inactif
4377,C004377,Mathis,Dupont,2004-05-31,2016-09-01,Professionnel,Artisan,4628.28,71,A020,Brive-la-Gaillarde,19100,mathis.dupont_4377@example.fr,Actif
4378,C004378,Julien,Laurent,1960-10-05,2026-06-24,Particulier,Artisan,4858.71,54,A023,Agen,47000,julien.laurent_4378@example.fr,Clos
4379,C004379,Océane,Martin,1975-09-22,2017-12-27,Particulier,Enseignant,3218.4,22,A006,Libourne,33500,oceane.martin_4379@example.fr,Actif
4380,C004380,Zoé,Roux,1979-01-28,2016-06-15,Professionnel,Retraité,2049.0,69,A014,Oloron-Sainte-Marie,64400,zoe.roux_4380@example.fr,Actif
4381,C004381,Noah,Legrand,1956-02-10,2020-03-06,Professionnel,Cadre,5509.04,73,A016,Rochefort,17300,noah.legrand_4381@example.fr,Actif
4382,C004382,Marie,Robert,1990-12-29,2019-01-08,Particulier,Cadre,5518.18,33,A024,Mont-de-Marsan,40000,marie.robert_4382@example.fr,Actif
4383,C004383,Amélie,Lefebvre,1999-12-26,2026-02-16,Particulier,Profession libérale,3468.58,40,A007,Arcachon,33120,amelie.lefebvre_4383@example.fr,Actif
4384,C004384,Camille,André,1975-10-04,2017-09-20,Particulier,Étudiant,3.28,54,A025,Dax,40100,camille.andré_4384@example.fr,Actif
4385,C004385,Hugo,Martinez,1961-04-16,2019-06-01,Particulier,Artisan,1291.42,44,A022,Bergerac,24100,hugo.martinez_4385@example.fr,Actif
4386,C004386,Océane,Thomas,2003-12-05,2021-04-22,Particulier,Employé,5745.18,35,A006,Libourne,33500,oceane.thomas_4386@example.fr,Inactif
4387,C004387,Manon,Bonnet,1946-08-06,2017-08-10,Particulier,Retraité,2493.91,87,A012,Anglet,64600,manon.bonnet_4387@example.fr,Actif
4388,C004388,Hugo,Dubois,1961-10-12,2019-11-12,Particulier,Retraité,2323.35,40,A017,Niort,79000,hugo.dubois_4388@example.fr,Actif
4389,C004389,Manon,Thomas,1961-06-04,2021-02-11,Particulier,Employé,1437.43,79,A010,Bayonne,64100,manon.thomas_4389@example.fr,Actif
4390,C004390,Marie,Moreau,1945-03-31,2017-05-20,Particulier,Artisan,2948.58,35,A017,Niort,79000,marie.moreau_4390@example.fr,Actif
4391,C004391,Amélie,David,1956-12-15,2024-04-12,Particulier,Enseignant,4419.64,15,A001,Bordeaux,33000,amelie.david_4391@example.fr,Actif
4392,C004392,Camille,Petit,1997-06-29,2020-05-24,Particulier,Cadre,2933.47,47,A005,Talence,33400,camille.petit_4392@example.fr,Actif
4393,C004393,Gabriel,Legrand,1985-04-21,2024-12-23,Particulier,Profession libérale,4776.49,75,A008,Langon,33210,gabriel.legrand_4393@example.fr,Actif
4394,C004394,Alexandre,Simon,2000-07-12,2016-04-23,Particulier,Profession libérale,4168.31,51,A012,Anglet,64600,alexandre.simon_4394@example.fr,Actif
4395,C004395,Léa,Leroy,1972-11-21,2017-11-11,Particulier,Enseignant,4494.89,72,A008,Langon,33210,lea.leroy_4395@example.fr,Actif
4396,C004396,Noah,Mercier,1951-07-24,2023-05-12,Particulier,Agriculteur,1160.02,65,A021,Périgueux,24000,noah.mercier_4396@example.fr,Actif
4397,C004397,Mathis,Lefebvre,1994-03-14,2020-10-24,Professionnel,Employé,4675.38,53,A007,Arcachon,33120,mathis.lefebvre_4397@example.fr,Actif
4398,C004398,Océane,Michel,1993-02-12,2025-07-09,Particulier,Employé,629.62,84,A020,Brive-la-Gaillarde,19100,oceane.michel_4398@example.fr,Actif
4399,C004399,Lucas,Richard,1948-08-16,2020-04-23,Particulier,Technicien,2610.24,35,A011,Biarritz,64200,lucas.richard_4399@example.fr,Inactif
4400,C004400,Paul,Michel,1967-07-28,2016-01-07,Particulier,Technicien,3498.41,77,A015,La Rochelle,17000,paul.michel_4400@example.fr,Actif
4401,C004401,Chloé,Girard,1977-09-29,2015-05-02,Particulier,Sans emploi,3114.76,68,A023,Agen,47000,chloe.girard_4401@example.fr,Actif
4402,C004402,Sarah,Durand,1975-11-15,2025-08-16,Particulier,Étudiant,46.76,57,A002,Bordeaux,33300,sarah.durand_4402@example.fr,Actif
4403,C004403,Lucas,André,1965-02-17,2018-01-29,Particulier,Sans emploi,509.0,62,A004,Pessac,33600,lucas.andré_4403@example.fr,Inactif
4404,C004404,Chloé,Simon,1992-08-21,2023-10-06,Particulier,Cadre,1042.46,36,A001,Bordeaux,33000,chloe.simon_4404@example.fr,Actif
4405,C004405,Lucas,Durand,1984-11-14,2016-03-01,Particulier,Étudiant,1326.0,93,A003,Mérignac,33700,lucas.durand_4405@example.fr,Actif
4406,C004406,Zoé,Martin,1999-10-25,2023-10-02,Particulier,Étudiant,254.12,50,A007,Arcachon,33120,zoe.martin_4406@example.fr,Inactif
4407,C004407,Thomas,Morel,1989-10-01,2017-05-08,Particulier,Profession libérale,2142.55,45,A012,Anglet,64600,thomas.morel_4407@example.fr,Actif
4408,C004408,Enzo,David,1964-04-22,2017-01-03,Particulier,Cadre,2825.83,48,A013,Orthez,64300,enzo.david_4408@example.fr,Actif
4409,C004409,Amélie,Garcia,1961-04-04,2017-03-06,Particulier,Technicien,0.0,95,A015,La Rochelle,17000,amelie.garcia_4409@example.fr,Actif
4410,C004410,Élodie,André,1963-11-12,2025-08-31,Particulier,Employé,1205.1,34,A024,Mont-de-Marsan,40000,elodie.andré_4410@example.fr,Actif
4411,C004411,Inès,Bernard,1970-05-10,2020-04-13,Particulier,Enseignant,1115.47,50,A018,Poitiers,86000,ines.bernard_4411@example.fr,Actif
4412,C004412,Antoine,Bonnet,1975-04-13,2020-07-26,Particulier,Employé,5600.34,75,A011,Biarritz,64200,antoine.bonnet_4412@example.fr,Actif
4413,C004413,Léa,Mercier,1985-10-29,2018-08-04,Particulier,Cadre,1358.24,79,A004,Pessac,33600,lea.mercier_4413@example.fr,Actif
4414,C004414,Thomas,Roux,1992-10-15,2022-03-14,Particulier,Artisan,5331.54,81,A019,Limoges,87000,thomas.roux_4414@example.fr,Actif
4415,C004415,Inès,Richard,1977-03-24,2025-06-15,Particulier,Employé,1958.06,61,A010,Bayonne,64100,ines.richard_4415@example.fr,Actif
4416,C004416,Mathis,Leroy,1996-04-03,2026-02-12,Particulier,Employé,3636.36,36,A001,Bordeaux,33000,mathis.leroy_4416@example.fr,Actif
4417,C004417,Emma,Moreau,2003-04-19,2019-04-02,Particulier,Cadre,184.28,41,A025,Dax,40100,emma.moreau_4417@example.fr,Clos
4418,C004418,Mathis,Garcia,1962-08-29,2024-09-26,Particulier,Étudiant,979.23,72,A007,Arcachon,33120,mathis.garcia_4418@example.fr,Actif
4419,C004419,Jade,Moreau,1958-12-30,2025-08-14,Particulier,Retraité,2622.82,59,A019,Limoges,87000,jade.moreau_4419@example.fr,Inactif
4420,C004420,Sarah,David,2001-03-01,2022-11-01,Professionnel,Employé,5958.49,50,A022,Bergerac,24100,sarah.david_4420@example.fr,Actif
4421,C004421,Julien,Dupont,2000-04-10,2016-06-21,Particulier,Commerçant,1937.74,53,A012,Anglet,64600,julien.dupont_4421@example.fr,Actif
4422,C004422,Clara,Mercier,1986-04-23,2017-07-05,Particulier,Agriculteur,2829.18,27,A003,Mérignac,33700,clara.mercier_4422@example.fr,Actif
4423,C004423,Sarah,Mercier,1955-07-18,2024-02-23,Particulier,Cadre,3121.94,65,A020,Brive-la-Gaillarde,19100,sarah.mercier_4423@example.fr,Actif
4424,C004424,Gabriel,Bertrand,1976-12-11,2018-03-03,Particulier,Employé,1485.21,42,A013,Orthez,64300,gabriel.bertrand_4424@example.fr,Actif
4425,C004425,Zoé,Dupont,1950-02-15,2019-01-11,Particulier,Étudiant,1158.54,64,A025,Dax,40100,zoe.dupont_4425@example.fr,Actif
4426,C004426,Thomas,Simon,1949-09-02,2024-05-16,Particulier,Employé,2063.65,57,A013,Orthez,64300,thomas.simon_4426@example.fr,Actif
4427,C004427,Lucas,Morel,1950-01-23,2020-02-04,Particulier,Employé,2517.56,38,A004,Pessac,33600,lucas.morel_4427@example.fr,Actif
4428,C004428,Chloé,Laurent,1985-12-23,2023-10-07,Association,Étudiant,130.52,51,A019,Limoges,87000,chloe.laurent_4428@example.fr,Actif
4429,C004429,Antoine,Lambert,1974-06-04,2022-05-10,Particulier,Employé,4241.49,23,A002,Bordeaux,33300,antoine.lambert_4429@example.fr,Actif
4430,C004430,Sarah,Simon,1993-08-31,2017-05-19,Particulier,Cadre,4799.14,41,A006,Libourne,33500,sarah.simon_4430@example.fr,Actif
4431,C004431,Inès,François,1986-06-13,2023-06-26,Professionnel,Cadre,5489.69,73,A025,Dax,40100,,Actif
4432,C004432,Clara,Michel,1981-10-10,2016-09-10,Particulier,Employé,5152.75,79,A012,Anglet,64600,clara.michel_4432@example.fr,Actif
4433,C004433,Léa,Leroy,1973-12-19,2018-09-17,Particulier,Agriculteur,5319.62,35,A021,Périgueux,24000,lea.leroy_4433@example.fr,Actif
4434,C004434,Camille,André,1988-04-02,2024-01-07,Particulier,Employé,696.92,87,A006,Libourne,33500,camille.andré_4434@example.fr,Actif
4435,C004435,Enzo,Fournier,2000-12-09,2024-04-27,Particulier,Commerçant,2341.7,45,A021,Périgueux,24000,enzo.fournier_4435@example.fr,Actif
4436,C004436,Clara,David,1948-05-20,2023-10-18,Particulier,Retraité,2139.63,81,A008,Langon,33210,clara.david_4436@example.fr,Actif
4437,C004437,Chloé,Durand,1949-02-26,2021-09-10,Association,Cadre,6568.93,68,A022,Bergerac,24100,chloe.durand_4437@example.fr,Actif
4438,C004438,Clara,Garcia,1998-08-13,2020-11-14,Particulier,Étudiant,1032.21,51,A020,Brive-la-Gaillarde,19100,clara.garcia_4438@example.fr,Actif
4439,C004439,Chloé,Girard,1971-10-18,2017-01-29,Professionnel,Cadre,6763.29,73,A005,Talence,33400,chloe.girard_4439@example.fr,Actif
4440,C004440,Gabriel,Vincent,1956-09-18,2018-03-25,Particulier,Retraité,2985.32,12,A017,Niort,79000,gabriel.vincent_4440@example.fr,Actif
4441,C004441,Inès,Mercier,1959-05-09,2024-08-29,Particulier,Sans emploi,3238.16,40,A025,Dax,40100,ines.mercier_4441@example.fr,Inactif
4442,C004442,Zoé,Martin,2000-12-14,2022-03-12,Particulier,Agriculteur,671.91,72,A007,Arcachon,33120,zoe.martin_4442@example.fr,Actif
4443,C004443,Gabriel,Thomas,1975-11-26,2018-11-14,Professionnel,Artisan,4896.93,28,A006,Libourne,33500,gabriel.thomas_4443@example.fr,Actif
4444,C004444,Léa,Dupont,2004-12-30,2015-06-30,Particulier,Profession libérale,4594.31,66,A017,Niort,79000,lea.dupont_4444@example.fr,Actif
4445,C004445,Hugo,Vincent,1999-12-20,2016-01-18,Particulier,Employé,741.51,39,A002,Bordeaux,33300,hugo.vincent_4445@example.fr,Actif
4446,C004446,Hugo,Lambert,1963-09-01,2023-03-17,Particulier,Cadre,5072.35,20,A005,Talence,33400,hugo.lambert_4446@example.fr,Actif
4447,C004447,Noah,Robert,1973-11-06,2015-02-09,Professionnel,Étudiant,657.96,59,A008,Langon,33210,noah.robert_4447@example.fr,Actif
4448,C004448,Léa,Lambert,1945-04-26,2024-10-08,Particulier,Étudiant,19.94,43,A019,Limoges,87000,lea.lambert_4448@example.fr,Actif
4449,C004449,Julien,Petit,1962-01-18,2023-02-17,Particulier,Technicien,3446.4,55,A019,Limoges,87000,julien.petit_4449@example.fr,Actif
4450,C004450,Amélie,Garcia,1951-12-16,2015-03-21,Professionnel,Employé,4202.03,68,A017,Niort,79000,amelie.garcia_4450@example.fr,Actif
4451,C004451,Zoé,Moreau,1997-12-17,2021-03-09,Particulier,Étudiant,1524.79,55,A005,Talence,33400,zoe.moreau_4451@example.fr,Actif
4452,C004452,Lucas,David,1976-01-27,2021-07-29,Particulier,Cadre,2506.98,54,A020,Brive-la-Gaillarde,19100,lucas.david_4452@example.fr,Actif
4453,C004453,Jade,Robert,1960-03-04,2025-06-11,Particulier,Employé,-0.0,72,A016,Rochefort,17300,jade.robert_4453@example.fr,Actif
4454,C004454,Antoine,Bertrand,1985-01-15,2015-11-29,Professionnel,Employé,5160.93,57,A021,Périgueux,24000,antoine.bertrand_4454@example.fr,Actif
4455,C004455,Emma,Fournier,2004-05-13,2020-06-28,Particulier,Étudiant,1325.99,54,A015,La Rochelle,17000,emma.fournier_4455@example.fr,Actif
4456,C004456,Emma,François,1989-01-20,2015-01-13,Particulier,Employé,2592.86,47,A010,Bayonne,64100,emma.françois_4456@example.fr,Actif
4457,C004457,Gabriel,Vincent,1960-03-13,2026-04-07,Particulier,Étudiant,1321.67,54,A010,Bayonne,64100,gabriel.vincent_4457@example.fr,Actif
4458,C004458,Mathis,Mercier,1986-03-05,2016-02-20,Particulier,Employé,2216.39,80,A022,Bergerac,24100,mathis.mercier_4458@example.fr,Actif
4459,C004459,Marie,Martinez,1984-07-24,2025-02-09,Particulier,Profession libérale,2764.57,59,A002,Bordeaux,33300,marie.martinez_4459@example.fr,Actif
4460,C004460,Chloé,Dubois,2004-02-14,2017-12-12,Particulier,Employé,0.0,55,A021,Périgueux,24000,chloe.dubois_4460@example.fr,Inactif
4461,C004461,Léa,Lefebvre,1974-09-11,2021-06-21,Particulier,Artisan,3617.64,51,A024,Mont-de-Marsan,40000,lea.lefebvre_4461@example.fr,Actif
4462,C004462,Emma,Laurent,2003-04-13,2025-10-22,Professionnel,Artisan,4879.33,49,A003,Mérignac,33700,emma.laurent_4462@example.fr,Actif
4463,C004463,Léa,Dubois,2003-08-28,2016-02-08,Particulier,Étudiant,433.08,64,A014,Oloron-Sainte-Marie,64400,lea.dubois_4463@example.fr,Actif
4464,C004464,Marie,Lambert,1992-03-08,2025-08-17,Particulier,Employé,5420.34,19,A023,Agen,47000,marie.lambert_4464@example.fr,Actif
4465,C004465,Noah,Lefebvre,1998-01-27,2019-07-12,Particulier,Profession libérale,1958.05,44,A004,Pessac,33600,noah.lefebvre_4465@example.fr,Actif
4466,C004466,Inès,Bonnet,1976-11-14,2015-08-19,association,Artisan,3471.99,44,A011,Biarritz,64200,ines.bonnet_4466@example.fr,Actif
4467,C004467,Zoé,Mercier,1988-11-05,2020-02-13,Association,Commerçant,5579.77,61,A020,Brive-la-Gaillarde,19100,zoe.mercier_4467@example.fr,Actif
4468,C004468,Inès,Girard,1952-04-19,2015-04-07,Particulier,Artisan,2320.75,59,A006,Libourne,33500,ines.girard_4468@example.fr,Actif
4469,C004469,Lucas,Robert,1947-09-09,2020-10-25,Particulier,Employé,4504.4,11,A008,Langon,33210,lucas.robert_4469@example.fr,Actif
4470,C004470,Zoé,Moreau,1981-02-14,2015-05-31,Particulier,Technicien,2913.18,60,A019,Limoges,87000,zoe.moreau_4470@example.fr,Actif
4471,C004471,Lucas,Dupont,1985-11-21,2018-10-23,Particulier,Étudiant,275.24,44,A009,Pau,64000,lucas.dupont_4471@example.fr,Actif
4472,C004472,Marie,Legrand,1993-07-01,2017-06-05,Particulier,Retraité,1634.26,71,A018,Poitiers,86000,marie.legrand_4472@example.fr,Actif
4473,C004473,Gabriel,Moreau,1947-01-22,2024-03-29,Particulier,Artisan,3039.48,81,A022,Bergerac,24100,gabriel.moreau_4473@example.fr,Actif
4474,C004474,Thomas,Roux,1993-06-19,2017-04-15,Particulier,Commerçant,303.12,50,A005,Talence,33400,thomas.roux_4474@example.fr,Actif
4475,C004475,Sarah,Bernard,1960-03-06,2025-03-26,Particulier,Étudiant,752.39,63,A012,Anglet,64600,sarah.bernard_4475@example.fr,Actif
4476,C004476,Zoé,Durand,1957-05-27,2021-09-07,Particulier,Enseignant,2615.05,47,A025,Dax,40100,zoe.durand_4476@example.fr,Actif
4477,C004477,Manon,Bernard,1977-09-15,2019-05-13,Particulier,Employé,4014.49,61,A014,Oloron-Sainte-Marie,64400,manon.bernard_4477@example.fr,Actif
4478,C004478,Inès,Legrand,1978-12-05,2023-12-04,Particulier,Profession libérale,986.91,87,A001,Bordeaux,33000,ines.legrand_4478@example.fr,Actif
4479,C004479,Océane,Martinez,1978-08-30,2018-07-06,Particulier,Enseignant,2156.26,59,A002,Bordeaux,,oceane.martinez_4479@example.fr,Clos
4480,C004480,Camille,Bernard,1990-06-23,2022-07-10,Particulier,Profession libérale,4122.88,74,A005,Talence,33400,camille.bernard_4480@example.fr,Actif
4481,C004481,Camille,Bertrand,1979-12-03,2015-12-08,Particulier,Étudiant,957.19,70,A007,Arcachon,33120,camille.bertrand_4481@example.fr,Actif
4482,C004482,Sarah,Martin,1977-01-04,2021-07-28,Particulier,Artisan,0.0,70,A013,Orthez,64300,sarah.martin_4482@example.fr,Actif
4483,C004483,Emma,Bonnet,1960-09-03,2020-07-02,professionnel,Employé,3944.13,29,A012,Anglet,64600,emma.bonnet_4483@example.fr,Inactif
4484,C004484,Nathan,David,1987-08-23,2023-05-13,Particulier,Employé,2453.1,58,A021,Périgueux,24000,nathan.david_4484@example.fr,Actif
4485,C004485,Emma,Thomas,1993-06-20,2022-07-12,Professionnel,Employé,3410.06,55,A021,Périgueux,24000,emma.thomas_4485@example.fr,Actif
4486,C004486,Emma,Martinez,1954-06-13,2018-01-25,Particulier,Artisan,6975.11,90,A014,Oloron-Sainte-Marie,64400,emma.martinez_4486@example.fr,Actif
4487,C004487,Antoine,David,1991-12-29,2025-07-24,Particulier,Employé,3101.97,47,A008,Langon,33210,antoine.david_4487@example.fr,Actif
4488,C004488,Emma,André,1990-09-09,2021-11-08,Particulier,Artisan,3333.29,43,A013,Orthez,64300,emma.andré_4488@example.fr,Actif
4489,C004489,Jade,Bertrand,1975-02-09,2017-10-11,Particulier,Employé,3216.21,72,A006,Libourne,33500,jade.bertrand_4489@example.fr,Actif
4490,C004490,Zoé,Laurent,1956-09-26,2018-12-16,professionnel,Cadre,4266.14,60,A013,Orthez,64300,zoe.laurent_4490@example.fr,Actif
4491,C004491,Emma,David,1997-08-24,2017-08-30,Particulier,Employé,6151.08,53,A005,Talence,33400,emma.david_4491@example.fr,Actif
4492,C004492,Paul,Moreau,1980-09-14,2024-08-11,Particulier,Retraité,2205.39,80,A011,Biarritz,64200,paul.moreau_4492@example.fr,Actif
4493,C004493,Mathis,Thomas,1970-05-26,2020-06-27,Particulier,Enseignant,1730.16,36,A007,Arcachon,33120,mathis.thomas_4493@example.fr,Actif
4494,C004494,Lucas,Fournier,1951-08-25,2016-09-28,Particulier,Employé,2256.74,78,A007,Arcachon,33120,lucas.fournier_4494@example.fr,Actif
4495,C004495,Sarah,Robert,1949-08-16,2024-10-19,Particulier,Employé,6712.0,41,A015,La Rochelle,17000,sarah.robert_4495@example.fr,Actif
4496,C004496,Chloé,Bernard,1945-02-24,2026-01-29,Professionnel,Enseignant,5692.07,44,A005,Talence,33400,chloe.bernard_4496@example.fr,Actif
4497,C004497,Antoine,Vincent,1985-06-30,2021-05-01,Particulier,Étudiant,171.25,67,A009,Pau,64000,antoine.vincent_4497@example.fr,Actif
4498,C004498,Léa,Fournier,1948-12-20,2019-03-14,Particulier,Employé,2514.48,69,A014,Oloron-Sainte-Marie,64400,lea.fournier_4498@example.fr,Actif
4499,C004499,Antoine,Bertrand,1991-12-05,2022-04-18,Professionnel,Enseignant,4469.28,48,A015,La Rochelle,17000,antoine.bertrand_4499@example.fr,Actif
4500,C004500,Manon,David,1947-06-27,2015-12-24,Particulier,Employé,1475.06,56,A011,Biarritz,64200,manon.david_4500@example.fr,Actif
4501,C004501,Manon,Lefebvre,1974-03-31,2017-04-24,Particulier,Enseignant,4447.59,71,A011,Biarritz,64200,manon.lefebvre_4501@example.fr,Actif
4502,C004502,Manon,Martinez,1964-10-14,2018-06-28,Particulier,Employé,3126.68,37,A018,Poitiers,86000,manon.martinez_4502@example.fr,Actif
4503,C004503,Alexandre,Vincent,1991-08-14,2022-11-10,Particulier,Artisan,2906.29,61,A014,Oloron-Sainte-Marie,64400,alexandre.vincent_4503@example.fr,Inactif
4504,C004504,Océane,Moreau,1996-05-15,2018-01-19,Professionnel,Cadre,4820.83,41,A004,Pessac,33600,oceane.moreau_4504@example.fr,Actif
4505,C004505,Zoé,Mercier,1989-08-23,2017-07-14,Particulier,Retraité,900.0,43,A017,Niort,79000,zoe.mercier_4505@example.fr,Actif
4506,C004506,Marie,Fournier,1996-10-19,2025-08-17,Particulier,Retraité,2328.81,57,A008,Langon,33210,marie.fournier_4506@example.fr,Actif
4507,C004507,Nathan,Dubois,1953-09-30,2024-10-13,Particulier,Étudiant,943.69,23,A022,Bergerac,24100,nathan.dubois_4507@example.fr,Actif
4508,C004508,Antoine,Lefebvre,1995-01-12,2019-03-02,Particulier,Retraité,1479.24,31,A004,Pessac,33600,antoine.lefebvre_4508@example.fr,Actif
4509,C004509,Gabriel,André,1946-11-03,2016-01-11,Particulier,Employé,3004.27,36,A022,Bergerac,24100,gabriel.andré_4509@example.fr,Inactif
4510,C004510,Élodie,Lefebvre,1976-01-22,2026-02-06,Particulier,Artisan,16.74,61,A017,Niort,79000,elodie.lefebvre_4510@example.fr,Actif
4511,C004511,Nathan,Robert,2004-03-15,2022-10-09,Particulier,Profession libérale,1868.26,56,A011,Biarritz,64200,nathan.robert_4511@example.fr,Actif
4512,C004512,Zoé,Durand,1971-11-16,2023-07-09,Particulier,Sans emploi,4292.76,42,A022,Bergerac,24100,zoe.durand_4512@example.fr,Actif
4513,C004513,Jade,Martinez,1998-10-20,2021-10-03,Particulier,Commerçant,4727.03,79,A007,Arcachon,33120,jade.martinez_4513@example.fr,Actif
4514,C004514,Paul,Girard,1983-09-27,2016-07-22,Professionnel,Cadre,4645.39,35,A021,Périgueux,24000,paul.girard_4514@example.fr,Actif
4515,C004515,Gabriel,Dubois,1995-06-01,2024-06-23,Professionnel,Technicien,5608.58,38,A005,Talence,33400,gabriel.dubois_4515@example.fr,Actif
4516,C004516,Mathis,Michel,1970-08-24,2018-01-02,Particulier,Artisan,6377.97,50,A019,Limoges,87000,mathis.michel_4516@example.fr,Actif
4517,C004517,Océane,Lambert,1978-01-29,2017-08-04,Association,Employé,9111.58,10,A017,Niort,79000,oceane.lambert_4517@example.fr,Actif
4518,C004518,Léa,Thomas,2003-07-31,2025-12-30,Professionnel,Enseignant,6529.51,64,A001,Bordeaux,33000,lea.thomas_4518@example.fr,Inactif
4519,C004519,Léa,Bertrand,1973-11-03,2018-08-29,Particulier,Technicien,0.0,50,A010,Bayonne,64100,lea.bertrand_4519@example.fr,Actif
4520,C004520,Antoine,Leroy,1945-04-27,2024-01-21,Particulier,Profession libérale,6071.33,30,A015,La Rochelle,17000,antoine.leroy_4520@example.fr,Actif
4521,C004521,Manon,Roux,1961-02-08,2022-06-13,Professionnel,Employé,4482.65,67,A012,Anglet,64600,manon.roux_4521@example.fr,Inactif
4522,C004522,Alexandre,David,1970-01-14,2016-11-15,Particulier,Employé,2005.89,70,A025,Dax,40100,alexandre.david_4522@example.fr,Actif
4523,C004523,Léa,Fournier,1949-11-22,2024-11-13,Particulier,Employé,2840.16,46,A006,Libourne,33500,lea.fournier_4523@example.fr,Actif
4524,C004524,Sarah,Moreau,1952-10-21,2025-08-19,Professionnel,Artisan,7318.47,67,A014,Oloron-Sainte-Marie,64400,sarah.moreau_4524@example.fr,Inactif
4525,C004525,Thomas,Laurent,1999-12-03,2021-10-17,Professionnel,Agriculteur,4945.21,36,A022,Bergerac,24100,thomas.laurent_4525@example.fr,Actif
4526,C004526,Thomas,Bonnet,1987-04-21,2020-10-03,Particulier,Enseignant,3423.87,38,A019,Limoges,87000,thomas.bonnet_4526@example.fr,Actif
4527,C004527,Amélie,Legrand,1976-01-27,2022-10-26,Particulier,Employé,2321.61,27,A005,Talence,33400,amelie.legrand_4527@example.fr,Actif
4528,C004528,Nathan,Martin,1994-06-19,2022-08-24,Professionnel,Retraité,3284.12,9,A024,Mont-de-Marsan,40000,nathan.martin_4528@example.fr,Actif
4529,C004529,Alexandre,Dubois,2002-08-01,2015-09-17,Particulier,Enseignant,624.95,70,A008,Langon,33210,alexandre.dubois_4529@example.fr,Actif
4530,C004530,Zoé,Girard,1957-10-23,2019-03-27,Professionnel,Technicien,2884.25,64,A025,Dax,40100,zoe.girard_4530@example.fr,Actif
4531,C004531,Mathis,Dubois,1996-04-05,2026-01-16,Particulier,Employé,4111.23,63,A018,Poitiers,86000,mathis.dubois_4531@example.fr,Actif
4532,C004532,Zoé,François,1974-03-07,2024-07-21,Professionnel,Employé,4877.47,47,A012,Anglet,64600,zoe.françois_4532@example.fr,Actif
4533,C004533,Clara,Moreau,1980-02-10,2021-02-02,Professionnel,Étudiant,2208.76,57,A003,Mérignac,33700,clara.moreau_4533@example.fr,Actif
4534,C004534,Lucas,Petit,1977-06-23,2020-11-05,Particulier,Enseignant,5912.57,39,A001,Bordeaux,33000,lucas.petit_4534@example.fr,Actif
4535,C004535,Zoé,Martin,1958-05-16,2023-11-16,particulier,Retraité,1327.57,47,A007,Arcachon,33120,zoe.martin_4535@example.fr,Actif
4536,C004536,Gabriel,David,1966-08-26,2019-02-12,Particulier,Retraité,2704.87,45,A019,Limoges,87000,gabriel.david_4536@example.fr,Actif
4537,C004537,Manon,Simon,1992-01-20,2023-10-11,Particulier,Enseignant,390.5,84,A007,Arcachon,33120,manon.simon_4537@example.fr,Clos
4538,C004538,Clara,Girard,1970-06-20,2023-12-22,Particulier,Employé,3505.72,16,A017,Niort,79000,clara.girard_4538@example.fr,Actif
4539,C004539,Amélie,Martinez,1990-03-29,2020-07-23,Professionnel,Artisan,6600.53,53,A009,Pau,64000,amelie.martinez_4539@example.fr,Inactif
4540,C004540,Amélie,David,1990-08-12,2015-01-28,Particulier,Retraité,3384.09,48,A016,Rochefort,17300,amelie.david_4540@example.fr,Actif
4541,C004541,Gabriel,Legrand,1964-11-12,2025-04-15,Professionnel,Technicien,7932.35,75,A012,Anglet,64600,gabriel.legrand_4541@example.fr,Actif
4542,C004542,Élodie,Martin,1961-06-03,2016-03-24,Particulier,Retraité,1675.62,69,A018,Poitiers,86000,elodie.martin_4542@example.fr,Actif
4543,C004543,Inès,Dubois,2000-08-02,2018-06-12,Professionnel,Étudiant,1823.66,54,A002,Bordeaux,33300,ines.dubois_4543@example.fr,Actif
4544,C004544,Marie,Dubois,1974-02-23,2019-12-26,Particulier,Retraité,2656.94,57,A023,Agen,47000,marie.dubois_4544@example.fr,Actif
4545,C004545,Marie,Simon,1995-03-25,2017-03-01,Professionnel,Commerçant,5847.93,57,A008,Langon,33210,marie.simon_4545@example.fr,Actif
4546,C004546,Marie,Garcia,1981-11-09,2025-12-05,Particulier,Retraité,1987.82,35,A012,Anglet,64600,marie.garcia_4546@example.fr,Actif
4547,C004547,Camille,Thomas,1993-11-01,2020-01-13,Particulier,Retraité,1432.77,37,A008,Langon,33210,camille.thomas_4547@example.fr,Actif
4548,C004548,Thomas,Moreau,1959-04-14,2021-06-21,Particulier,Enseignant,2584.93,76,A001,Bordeaux,33000,thomas.moreau_4548@example.fr,Actif
4549,C004549,Sarah,Vincent,1976-02-01,2016-10-18,Professionnel,Sans emploi,7785.51,31,A025,Dax,40100,sarah.vincent_4549@example.fr,Actif
4550,C004550,Paul,Martinez,2003-06-25,2025-06-06,Particulier,Commerçant,4795.38,54,A024,Mont-de-Marsan,40000,paul.martinez_4550@example.fr,Actif
4551,C004551,Antoine,Morel,1993-07-08,2015-12-11,Particulier,Étudiant,803.59,42,A020,Brive-la-Gaillarde,19100,antoine.morel_4551@example.fr,Actif
4552,C004552,Inès,Lambert,1979-08-12,2026-05-04,Particulier,Enseignant,4011.69,60,A023,Agen,47000,ines.lambert_4552@example.fr,Actif
4553,C004553,Manon,François,1946-03-26,2016-10-03,Professionnel,Cadre,7515.98,68,A014,Oloron-Sainte-Marie,64400,manon.françois_4553@example.fr,Actif
4554,C004554,Camille,Michel,1977-10-30,2023-05-21,Professionnel,Employé,4776.61,47,A011,Biarritz,64200,camille.michel_4554@example.fr,Actif
4555,C004555,Nathan,Lefebvre,2003-03-13,2017-05-09,Particulier,Cadre,1522.3,67,A018,Poitiers,86000,nathan.lefebvre_4555@example.fr,Actif
4556,C004556,Julien,Lambert,1947-09-09,2017-04-19,Particulier,Profession libérale,1771.45,59,A013,Orthez,64300,julien.lambert_4556@example.fr,Actif
4557,C004557,Gabriel,Martin,1986-08-24,2021-04-13,Particulier,Enseignant,1273.25,81,A005,Talence,33400,gabriel.martin_4557@example.fr,Actif
4558,C004558,Nathan,Fournier,1956-04-03,2023-12-14,Particulier,Technicien,2573.27,56,A024,Mont-de-Marsan,40000,nathan.fournier_4558@example.fr,Actif
4559,C004559,Zoé,Garcia,1959-06-23,2018-01-21,Particulier,Étudiant,574.42,55,A012,Anglet,64600,zoe.garcia_4559@example.fr,Actif
4560,C004560,Thomas,Vincent,1954-11-28,2022-03-22,Particulier,Employé,3392.45,13,A020,Brive-la-Gaillarde,19100,thomas.vincent_4560@example.fr,Actif
4561,C004561,Clara,Moreau,1973-11-14,2020-01-02,Particulier,Artisan,1186.03,68,A015,La Rochelle,17000,clara.moreau_4561@example.fr,Actif
4562,C004562,Amélie,Simon,1971-05-08,2023-01-30,Particulier,Cadre,3592.2,56,A001,Bordeaux,33000,amelie.simon_4562@example.fr,Actif
4563,C004563,Gabriel,Martinez,1953-08-28,2021-07-05,Particulier,Employé,3753.8,49,A005,Talence,33400,gabriel.martinez_4563@example.fr,Actif
4564,C004564,Enzo,Martinez,1968-12-11,2015-08-13,Particulier,Employé,5234.9,35,A013,Orthez,64300,enzo.martinez_4564@example.fr,Actif
4565,C004565,Nathan,Laurent,1958-08-09,2017-02-20,Particulier,Artisan,1211.56,33,A007,Arcachon,33120,nathan.laurent_4565@example.fr,Actif
4566,C004566,Gabriel,Leroy,1990-03-09,2023-03-04,Particulier,Retraité,2270.9,28,A009,Pau,64000,gabriel.leroy_4566@example.fr,Actif
4567,C004567,Thomas,Laurent,1966-12-13,2024-09-28,Particulier,Enseignant,1652.38,51,A020,Brive-la-Gaillarde,19100,thomas.laurent_4567@example.fr,Clos
4568,C004568,Marie,David,1997-08-11,2017-07-12,Particulier,Retraité,1513.94,22,A009,Pau,64000,marie.david_4568@example.fr,Actif
4569,C004569,Julien,Mercier,1990-09-06,2024-08-15,Particulier,Retraité,1272.34,95,A003,Mérignac,33700,julien.mercier_4569@example.fr,Actif
4570,C004570,Lucas,Dubois,1999-08-25,2025-11-28,Particulier,Employé,727.43,69,A008,Langon,33210,lucas.dubois_4570@example.fr,Actif
4571,C004571,Amélie,Girard,1982-02-14,2022-07-18,Particulier,Retraité,1918.87,74,A022,Bergerac,24100,amelie.girard_4571@example.fr,Clos
4572,C004572,Sarah,Vincent,1987-01-15,2015-01-05,Particulier,Commerçant,6360.54,66,A024,Mont-de-Marsan,40000,sarah.vincent_4572@example.fr,Actif
4573,C004573,Chloé,André,1985-05-08,2017-04-19,Particulier,Retraité,1206.75,24,A006,Libourne,33500,chloe.andré_4573@example.fr,Actif
4574,C004574,Paul,Lambert,1987-11-15,2021-01-20,Particulier,Employé,2007.45,40,A025,Dax,40100,paul.lambert_4574@example.fr,Actif
4575,C004575,Nathan,Michel,1995-09-19,2025-02-12,Particulier,Artisan,1097.74,57,A014,Oloron-Sainte-Marie,64400,nathan.michel_4575@example.fr,Actif
4576,C004576,Nathan,Robert,1951-04-19,2016-01-21,Particulier,Étudiant,931.28,95,A014,Oloron-Sainte-Marie,64400,nathan.robert_4576@example.fr,Actif
4577,C004577,Manon,Michel,1959-05-04,2018-05-16,Professionnel,Retraité,2994.71,75,A015,La Rochelle,17000,manon.michel_4577@example.fr,Actif
4578,C004578,Antoine,François,1967-06-07,2016-10-12,Professionnel,Employé,4260.72,89,A008,Langon,33210,antoine.françois_4578@example.fr,Actif
4579,C004579,Thomas,Durand,1966-05-17,2016-02-04,Particulier,Étudiant,1415.59,50,A011,Biarritz,64200,thomas.durand_4579@example.fr,Inactif
4580,C004580,Lucas,Bertrand,1977-12-24,2024-02-22,Particulier,Employé,7596.33,54,A018,Poitiers,86000,lucas.bertrand_4580@example.fr,Actif
4581,C004581,Sarah,Lambert,1987-04-21,2024-06-18,Professionnel,Cadre,5551.79,38,A012,Anglet,64600,sarah.lambert_4581@example.fr,Actif
4582,C004582,Mathis,Moreau,1993-04-08,2016-04-09,Particulier,Artisan,1317.74,63,A025,Dax,40100,mathis.moreau_4582@example.fr,Actif
4583,C004583,Clara,Vincent,1964-10-23,2016-10-10,Particulier,Retraité,3166.11,64,A025,Dax,40100,clara.vincent_4583@example.fr,Actif
4584,C004584,Nathan,André,1998-06-11,2024-02-21,Particulier,Cadre,6167.9,32,A006,Libourne,33500,nathan.andré_4584@example.fr,Actif
4585,C004585,Julien,Bonnet,2002-12-10,2022-10-20,Particulier,Technicien,3477.35,44,A005,Talence,33400,julien.bonnet_4585@example.fr,Actif
4586,C004586,Thomas,Roux,2000-04-18,2017-05-14,Professionnel,Enseignant,7269.71,46,A020,Brive-la-Gaillarde,19100,thomas.roux_4586@example.fr,Actif
4587,C004587,Élodie,Vincent,1954-02-20,2016-01-05,Particulier,Employé,1994.45,62,A019,Limoges,87000,elodie.vincent_4587@example.fr,Actif
4588,C004588,Thomas,Michel,1960-11-17,2015-12-24,Particulier,Employé,3430.34,53,A014,Oloron-Sainte-Marie,64400,thomas.michel_4588@example.fr,Actif
4589,C004589,Zoé,Legrand,1947-12-02,2015-10-03,Particulier,Employé,1466.27,50,A018,Poitiers,86000,zoe.legrand_4589@example.fr,Actif
4590,C004590,Chloé,Bertrand,1984-07-25,2022-07-05,Particulier,Étudiant,919.86,51,A014,Oloron-Sainte-Marie,64400,chloe.bertrand_4590@example.fr,Inactif
4591,C004591,Antoine,Lambert,1958-07-07,2022-09-08,Particulier,Retraité,2594.1,35,A005,Talence,33400,antoine.lambert_4591@example.fr,Actif
4592,C004592,Clara,Robert,2003-07-25,2023-12-22,Particulier,Cadre,351.23,65,A015,La Rochelle,17000,clara.robert_4592@example.fr,Actif
4593,C004593,Thomas,Morel,1961-11-08,2018-04-11,Association,Retraité,1506.92,70,A005,Talence,33400,thomas.morel_4593@example.fr,Actif
4594,C004594,Léa,Bonnet,1997-05-09,2015-10-07,Particulier,Employé,2697.05,41,A022,Bergerac,24100,lea.bonnet_4594@example.fr,Actif
4595,C004595,Noah,Laurent,1998-05-26,2016-07-30,Particulier,Employé,4632.75,80,A004,Pessac,33600,noah.laurent_4595@example.fr,Actif
4596,C004596,Enzo,Roux,1967-05-22,2017-09-22,Professionnel,Profession libérale,6400.95,82,A021,Périgueux,24000,enzo.roux_4596@example.fr,Actif
4597,C004597,Clara,Bernard,1989-06-01,2016-10-09,Particulier,Retraité,1370.76,43,A005,Talence,33400,clara.bernard_4597@example.fr,Inactif
4598,C004598,Antoine,Dupont,1963-08-22,2020-12-28,Particulier,Enseignant,0.0,44,A006,Libourne,33500,antoine.dupont_4598@example.fr,Actif
4599,C004599,Clara,Dupont,1993-07-24,2022-01-10,Particulier,Étudiant,788.89,50,A019,Limoges,87000,clara.dupont_4599@example.fr,Actif
4600,C004600,Manon,Durand,2002-05-07,2015-02-25,Particulier,Employé,2671.79,42,A004,Pessac,33600,manon.durand_4600@example.fr,Actif
4601,C004601,Marie,Girard,1968-11-09,2024-02-22,Particulier,Étudiant,240.4,16,A016,Rochefort,17300,marie.girard_4601@example.fr,Actif
4602,C004602,Lucas,Bertrand,1968-05-10,2025-03-21,Particulier,Sans emploi,6021.23,37,A017,Niort,79000,lucas.bertrand_4602@example.fr,Actif
4603,C004603,Zoé,Mercier,1979-02-20,2025-11-11,Professionnel,Sans emploi,6888.14,45,A004,Pessac,33600,zoe.mercier_4603@example.fr,Actif
4604,C004604,Océane,Martin,1993-05-25,2020-09-23,Particulier,Technicien,7668.74,36,A005,Talence,33400,,Actif
4605,C004605,Clara,Leroy,1987-02-28,2025-07-06,Particulier,Profession libérale,2993.22,68,A012,Anglet,64600,clara.leroy_4605@example.fr,Clos
4606,C004606,Gabriel,Bertrand,1971-04-22,2024-12-16,Professionnel,Cadre,5968.58,93,A020,Brive-la-Gaillarde,19100,gabriel.bertrand_4606@example.fr,Actif
4607,C004607,Paul,Morel,1985-03-31,2025-10-17,Particulier,Employé,6152.03,51,A010,Bayonne,64100,paul.morel_4607@example.fr,Actif
4608,C004608,Marie,Vincent,1980-05-28,2019-03-22,Particulier,Profession libérale,3280.25,64,A002,Bordeaux,33300,marie.vincent_4608@example.fr,Inactif
4609,C004609,Amélie,Legrand,1957-10-21,2018-08-19,Particulier,Agriculteur,4582.86,42,A010,Bayonne,64100,amelie.legrand_4609@example.fr,Actif
4610,C004610,Océane,Dubois,1945-02-23,2015-01-22,Particulier,Employé,3472.57,42,A007,Arcachon,33120,oceane.dubois_4610@example.fr,Actif
4611,C004611,Nathan,Mercier,1989-04-23,2016-08-23,Professionnel,Agriculteur,5324.02,60,A005,Talence,33400,nathan.mercier_4611@example.fr,Inactif
4612,C004612,Gabriel,Laurent,1996-09-23,2019-10-23,Particulier,Artisan,4087.9,25,A025,Dax,40100,gabriel.laurent_4612@example.fr,Actif
4613,C004613,Manon,Girard,1973-03-25,2026-05-07,Particulier,Employé,1479.2,18,A016,Rochefort,17300,manon.girard_4613@example.fr,Actif
4614,C004614,Sarah,Morel,1951-04-25,2021-03-16,Particulier,Cadre,3001.15,59,A021,Périgueux,24000,sarah.morel_4614@example.fr,Actif
4615,C004615,Léa,Morel,1990-10-26,2020-08-17,Particulier,Enseignant,439.11,84,A014,Oloron-Sainte-Marie,64400,lea.morel_4615@example.fr,Actif
4616,C004616,Emma,Leroy,1964-07-31,2022-03-09,Particulier,Enseignant,2261.51,55,A013,Orthez,64300,emma.leroy_4616@example.fr,Actif
4617,C004617,Julien,François,1956-09-04,2018-06-15,Particulier,Employé,6060.5,72,A021,Périgueux,24000,julien.françois_4617@example.fr,Actif
4618,C004618,Camille,Girard,1984-07-21,2024-08-13,Particulier,Employé,3379.87,61,A019,Limoges,87000,camille.girard_4618@example.fr,Actif
4619,C004619,Mathis,Girard,1987-02-14,2017-11-27,Particulier,Cadre,2243.69,65,A004,Pessac,33600,mathis.girard_4619@example.fr,Inactif
4620,C004620,Clara,Vincent,1962-10-21,2026-06-13,Particulier,Employé,3057.42,63,A019,Limoges,87000,clara.vincent_4620@example.fr,Actif
4621,C004621,Alexandre,Martin,1969-06-06,2019-03-07,Particulier,Cadre,4014.2,68,A021,Périgueux,24000,alexandre.martin_4621@example.fr,Actif
4622,C004622,Océane,Leroy,1984-05-30,2021-10-26,Particulier,Technicien,966.32,69,A022,Bergerac,24100,oceane.leroy_4622@example.fr,Actif
4623,C004623,Gabriel,Bernard,1968-06-12,2025-03-28,Particulier,Retraité,2515.21,36,A025,Dax,40100,gabriel.bernard_4623@example.fr,Actif
4624,C004624,Manon,Legrand,1994-08-22,2019-06-17,Particulier,Cadre,3591.09,95,A018,Poitiers,86000,manon.legrand_4624@example.fr,Actif
4625,C004625,Marie,Bonnet,1965-05-17,2024-11-02,Particulier,Artisan,4604.84,72,A019,Limoges,87000,marie.bonnet_4625@example.fr,Actif
4626,C004626,Élodie,Moreau,1964-07-27,2017-11-15,Particulier,Employé,2345.18,47,A013,Orthez,64300,elodie.moreau_4626@example.fr,Actif
4627,C004627,Thomas,Bonnet,1974-03-15,2022-04-28,Particulier,Cadre,3875.81,37,A008,Langon,33210,thomas.bonnet_4627@example.fr,Actif
4628,C004628,Mathis,Simon,1946-01-05,2025-03-16,Particulier,Étudiant,680.49,95,A012,Anglet,64600,mathis.simon_4628@example.fr,Actif
4629,C004629,Emma,Dupont,1989-09-06,2019-01-02,Professionnel,Agriculteur,7570.32,44,A018,Poitiers,86000,emma.dupont_4629@example.fr,Actif
4630,C004630,Enzo,Michel,2000-12-07,2022-02-23,Particulier,Employé,4155.72,24,A024,Mont-de-Marsan,40000,enzo.michel_4630@example.fr,Actif
4631,C004631,Noah,Durand,1963-10-17,2016-08-21,Particulier,Cadre,4833.47,65,A018,Poitiers,86000,noah.durand_4631@example.fr,Actif
4632,C004632,Hugo,Bernard,1984-09-21,2019-07-17,Particulier,Employé,0.0,73,A012,Anglet,64600,hugo.bernard_4632@example.fr,Actif
4633,C004633,Alexandre,François,1949-07-26,2026-02-10,Particulier,Technicien,88.51,39,A001,Bordeaux,33000,alexandre.françois_4633@example.fr,Actif
4634,C004634,Emma,Martin,1984-09-03,2015-11-19,Particulier,Étudiant,716.56,51,A013,Orthez,64300,emma.martin_4634@example.fr,Clos
4635,C004635,Emma,Roux,1952-07-21,2018-08-09,Particulier,Employé,2905.82,34,A005,Talence,33400,emma.roux_4635@example.fr,Actif
4636,C004636,Zoé,Legrand,1977-10-07,2023-11-28,Particulier,Sans emploi,1769.44,84,A010,Bayonne,64100,zoe.legrand_4636@example.fr,Actif
4637,C004637,Manon,Bonnet,1955-11-07,2017-07-10,Particulier,Profession libérale,4291.92,75,A018,Poitiers,86000,manon.bonnet_4637@example.fr,Actif
4638,C004638,Lucas,Martinez,1960-09-03,2015-03-22,Particulier,Profession libérale,2108.54,65,A001,Bordeaux,33000,lucas.martinez_4638@example.fr,Actif
4639,C004639,Gabriel,Mercier,1958-07-29,2023-05-25,Particulier,Employé,1790.27,15,A007,Arcachon,33120,gabriel.mercier_4639@example.fr,Actif
4640,C004640,Mathis,Bonnet,1995-11-02,2025-07-13,Particulier,Technicien,1613.94,29,A012,Anglet,64600,mathis.bonnet_4640@example.fr,Actif
4641,C004641,Manon,Dupont,2002-01-26,2018-04-06,particulier,Employé,4233.64,73,A015,La Rochelle,17000,manon.dupont_4641@example.fr,Actif
4642,C004642,Gabriel,Dubois,2001-12-22,2016-05-28,Particulier,Cadre,1689.81,65,A004,Pessac,33600,gabriel.dubois_4642@example.fr,Actif
4643,C004643,Élodie,Dupont,1984-06-21,2021-12-25,Particulier,Retraité,2322.46,43,A013,Orthez,64300,elodie.dupont_4643@example.fr,Actif
4644,C004644,Élodie,Michel,1977-12-31,2015-10-01,Particulier,Technicien,0.0,40,A006,Libourne,33500,elodie.michel_4644@example.fr,Actif
4645,C004645,Camille,Durand,1960-04-14,2017-10-23,Particulier,Sans emploi,1880.4,36,A013,Orthez,64300,camille.durand_4645@example.fr,Inactif
4646,C004646,Camille,Petit,2000-10-18,2022-06-10,Particulier,Cadre,4226.69,48,A004,Pessac,33600,camille.petit_4646@example.fr,Actif
4647,C004647,Paul,Lefebvre,1952-05-29,2018-07-24,Particulier,Employé,3140.38,37,A013,Orthez,64300,paul.lefebvre_4647@example.fr,Actif
4648,C004648,Paul,François,1981-08-16,2019-09-06,Professionnel,Technicien,5334.96,27,A018,Poitiers,86000,paul.françois_4648@example.fr,Actif
4649,C004649,Thomas,Bernard,1968-12-10,2017-06-23,Particulier,Étudiant,427.33,45,A017,Niort,79000,thomas.bernard_4649@example.fr,Actif
4650,C004650,Lucas,David,1961-01-05,2024-01-21,Particulier,Étudiant,1130.5,35,A003,Mérignac,33700,lucas.david_4650@example.fr,Actif
4651,C004651,Camille,Petit,1958-01-22,2024-06-20,Particulier,Employé,5428.1,52,A016,Rochefort,17300,camille.petit_4651@example.fr,Actif
4652,C004652,Amélie,Dubois,1959-05-11,2021-08-03,Association,Employé,7623.42,41,A021,Périgueux,24000,amelie.dubois_4652@example.fr,Actif
4653,C004653,Léa,André,1999-11-12,2016-04-09,Particulier,Retraité,2622.79,69,A013,Orthez,64300,lea.andré_4653@example.fr,Actif
4654,C004654,Sarah,Thomas,1982-11-20,2020-05-04,Particulier,Cadre,4283.37,40,A019,Limoges,87000,sarah.thomas_4654@example.fr,Actif
4655,C004655,Emma,Bertrand,1960-07-04,2024-06-04,Particulier,Profession libérale,2193.54,59,A002,Bordeaux,33300,emma.bertrand_4655@example.fr,Inactif
4656,C004656,Sarah,Lambert,1986-10-06,2018-03-15,Professionnel,Employé,4726.8,56,A019,Limoges,87000,sarah.lambert_4656@example.fr,Actif
4657,C004657,Lucas,André,2002-04-27,2021-09-02,Particulier,Enseignant,1156.57,51,A019,Limoges,87000,lucas.andré_4657@example.fr,Actif
4658,C004658,Sarah,Moreau,1945-01-10,2015-12-22,Particulier,Sans emploi,4567.17,50,A001,Bordeaux,33000,sarah.moreau_4658@example.fr,Actif
4659,C004659,Jade,Lefebvre,1986-02-25,2016-06-21,Particulier,Employé,2881.96,62,A002,Bordeaux,33300,jade.lefebvre_4659@example.fr,Actif
4660,C004660,Élodie,Martin,1990-07-22,2016-04-20,Particulier,Retraité,2351.27,76,A016,Rochefort,17300,elodie.martin_4660@example.fr,Actif
4661,C004661,Alexandre,Fournier,1991-08-22,2018-09-10,Particulier,Employé,3155.08,46,A005,Talence,33400,alexandre.fournier_4661@example.fr,Actif
4662,C004662,Julien,Durand,1959-01-28,2020-01-19,Particulier,Étudiant,0.0,56,A021,Périgueux,24000,julien.durand_4662@example.fr,Actif
4663,C004663,Nathan,Bonnet,1967-05-18,2017-02-11,Particulier,Commerçant,486.91,40,A006,Libourne,33500,nathan.bonnet_4663@example.fr,Clos
4664,C004664,Chloé,Petit,1952-11-25,2016-03-04,Particulier,Enseignant,6134.1,76,A008,Langon,33210,chloe.petit_4664@example.fr,Clos
4665,C004665,Paul,Legrand,1979-01-21,2023-12-06,Particulier,Cadre,522.19,62,A001,Bordeaux,33000,paul.legrand_4665@example.fr,Actif
4666,C004666,Mathis,Petit,1998-05-14,2018-09-18,Particulier,Enseignant,3223.97,61,A005,Talence,33400,mathis.petit_4666@example.fr,Actif
4667,C004667,Julien,Martinez,1967-11-25,2022-07-01,Association,Cadre,5137.03,49,A016,Rochefort,17300,julien.martinez_4667@example.fr,Actif
4668,C004668,Thomas,Moreau,1975-03-13,2026-05-16,Particulier,Cadre,4585.17,41,A001,Bordeaux,33000,thomas.moreau_4668@example.fr,Actif
4669,C004669,Julien,Petit,1983-05-14,2016-03-12,Particulier,Sans emploi,0.0,59,A012,Anglet,64600,julien.petit_4669@example.fr,Actif
4670,C004670,Gabriel,Legrand,1958-11-14,2020-06-09,Particulier,Sans emploi,3610.12,39,A008,Langon,33210,gabriel.legrand_4670@example.fr,Actif
4671,C004671,Nathan,Richard,1956-11-06,2016-01-06,Particulier,Employé,1626.69,55,A025,Dax,40100,nathan.richard_4671@example.fr,Actif
4672,C004672,Paul,Garcia,1949-01-08,2026-05-19,Particulier,Étudiant,976.17,31,A015,La Rochelle,17000,paul.garcia_4672@example.fr,Actif
4673,C004673,Camille,Lefebvre,1964-03-06,2015-09-12,Particulier,Étudiant,877.22,53,A009,Pau,64000,camille.lefebvre_4673@example.fr,Clos
4674,C004674,Léa,Lambert,1960-02-19,2015-10-28,Professionnel,Cadre,5574.29,81,A006,Libourne,33500,lea.lambert_4674@example.fr,Actif
4675,C004675,Antoine,Mercier,1947-10-29,2018-04-13,Particulier,Enseignant,4516.51,60,A022,Bergerac,24100,antoine.mercier_4675@example.fr,Actif
4676,C004676,Chloé,Laurent,1953-09-10,2017-08-31,Particulier,Cadre,1103.92,84,A016,Rochefort,17300,chloe.laurent_4676@example.fr,Actif
4677,C004677,Emma,Morel,1961-08-19,2018-06-17,Particulier,Profession libérale,3349.75,39,A003,Mérignac,33700,emma.morel_4677@example.fr,Actif
4678,C004678,Noah,Fournier,1966-04-11,2017-02-22,Particulier,Employé,3896.88,37,A014,Oloron-Sainte-Marie,64400,noah.fournier_4678@example.fr,Actif
4679,C004679,Jade,Bernard,1954-08-10,2020-01-26,Particulier,Technicien,3062.01,34,A002,Bordeaux,33300,jade.bernard_4679@example.fr,Actif
4680,C004680,Jade,Bonnet,1963-07-16,2018-01-15,Particulier,Sans emploi,1577.05,67,A004,Pessac,33600,jade.bonnet_4680@example.fr,Actif
4681,C004681,Clara,François,1984-01-31,2018-01-08,Particulier,Étudiant,565.69,55,A018,Poitiers,86000,clara.françois_4681@example.fr,Actif
4682,C004682,Amélie,François,1949-08-23,2024-05-23,Particulier,Employé,3732.1,58,A014,Oloron-Sainte-Marie,64400,amelie.françois_4682@example.fr,Actif
4683,C004683,Enzo,Mercier,1953-11-24,2015-11-27,Particulier,Cadre,1579.39,79,A018,Poitiers,86000,enzo.mercier_4683@example.fr,Actif
4684,C004684,Hugo,Mercier,1957-04-06,2026-04-13,Professionnel,Commerçant,5378.17,13,A023,Agen,47000,hugo.mercier_4684@example.fr,Actif
4685,C004685,Nathan,Garcia,2003-05-05,2026-02-27,Professionnel,Technicien,7038.86,62,A002,Bordeaux,33300,nathan.garcia_4685@example.fr,Actif
4686,C004686,Zoé,Bonnet,1992-05-27,2024-07-08,Particulier,Cadre,2192.09,35,A003,Mérignac,33700,zoe.bonnet_4686@example.fr,Actif
4687,C004687,Jade,Bonnet,1952-04-12,2017-10-06,Particulier,Enseignant,0.0,72,A008,Langon,33210,jade.bonnet_4687@example.fr,Actif
4688,C004688,Sarah,Michel,2000-05-24,2017-08-16,Particulier,Employé,4102.26,54,A016,Rochefort,17300,sarah.michel_4688@example.fr,Actif
4689,C004689,Hugo,Fournier,1997-03-02,2020-08-28,Particulier,Artisan,4321.52,46,A013,Orthez,64300,hugo.fournier_4689@example.fr,Actif
4690,C004690,Hugo,Dupont,1953-11-05,2023-04-06,Professionnel,Commerçant,4394.85,21,A013,Orthez,64300,hugo.dupont_4690@example.fr,Actif
4691,C004691,Océane,Vincent,1988-03-19,2023-05-31,Particulier,Profession libérale,2933.5,80,A021,Périgueux,24000,oceane.vincent_4691@example.fr,Actif
4692,C004692,Emma,Robert,1965-01-26,2025-04-05,Particulier,Artisan,2088.61,67,A002,Bordeaux,33300,emma.robert_4692@example.fr,Actif
4693,C004693,Gabriel,Girard,1993-10-15,2019-01-13,Particulier,Retraité,2254.27,42,A006,Libourne,33500,gabriel.girard_4693@example.fr,Actif
4694,C004694,Sarah,Vincent,1951-07-16,2023-02-12,Particulier,Employé,3062.91,88,A002,Bordeaux,33300,sarah.vincent_4694@example.fr,Actif
4695,C004695,Marie,Dupont,2004-07-03,2024-11-07,Particulier,Artisan,3798.36,62,A016,Rochefort,17300,marie.dupont_4695@example.fr,Actif
4696,C004696,Lucas,Girard,1949-02-15,2025-01-20,Particulier,Enseignant,4827.16,58,A020,Brive-la-Gaillarde,19100,lucas.girard_4696@example.fr,Actif
4697,C004697,Manon,Garcia,1962-11-03,2020-01-21,Particulier,Cadre,4062.05,76,A016,Rochefort,17300,manon.garcia_4697@example.fr,Actif
4698,C004698,Gabriel,Thomas,1999-09-24,2017-10-21,Particulier,Profession libérale,1101.99,89,A001,Bordeaux,33000,gabriel.thomas_4698@example.fr,Actif
4699,C004699,Marie,Simon,2003-03-16,2026-03-31,Particulier,Enseignant,4429.2,75,A015,La Rochelle,17000,marie.simon_4699@example.fr,Actif
4700,C004700,Inès,Robert,1949-07-06,2018-02-07,Professionnel,Employé,7139.07,23,A011,Biarritz,64200,ines.robert_4700@example.fr,Actif
4701,C004701,Gabriel,Michel,2002-02-03,2017-12-28,Particulier,Artisan,4714.21,68,A004,Pessac,33600,gabriel.michel_4701@example.fr,Actif
4702,C004702,Alexandre,Roux,1959-05-27,2019-12-28,Professionnel,Employé,3151.45,48,A016,Rochefort,17300,alexandre.roux_4702@example.fr,Actif
4703,C004703,Alexandre,Bonnet,1966-12-04,2017-12-11,Particulier,Profession libérale,2197.11,58,A016,Rochefort,17300,alexandre.bonnet_4703@example.fr,Actif
4704,C004704,Clara,André,1986-03-18,2017-02-21,Professionnel,Retraité,2899.58,69,A013,Orthez,64300,clara.andré_4704@example.fr,Inactif
4705,C004705,Amélie,Martinez,1952-10-20,2015-04-10,Particulier,Cadre,0.0,64,A022,Bergerac,24100,amelie.martinez_4705@example.fr,Actif
4706,C004706,Antoine,David,1986-06-29,2015-09-07,Particulier,Profession libérale,2902.22,46,A001,Bordeaux,33000,antoine.david_4706@example.fr,Actif
4707,C004707,Élodie,Martin,1978-07-06,2016-03-20,Particulier,Employé,519.53,36,A004,Pessac,33600,elodie.martin_4707@example.fr,Actif
4708,C004708,Gabriel,Garcia,1998-08-07,2020-02-07,Particulier,Employé,835.48,51,A008,Langon,33210,gabriel.garcia_4708@example.fr,Actif
4709,C004709,Antoine,Richard,1956-12-16,2023-03-02,Particulier,Retraité,1948.96,35,A018,Poitiers,86000,antoine.richard_4709@example.fr,Actif
4710,C004710,Inès,Lambert,1948-01-30,2016-07-28,Particulier,Technicien,6259.23,9,A002,Bordeaux,33300,ines.lambert_4710@example.fr,Inactif
4711,C004711,Enzo,Robert,1971-11-06,2024-10-31,Professionnel,Employé,7743.79,95,A007,Arcachon,33120,enzo.robert_4711@example.fr,Actif
4712,C004712,Zoé,François,1981-05-31,2019-08-23,Particulier,Profession libérale,1276.86,35,A012,Anglet,64600,zoe.françois_4712@example.fr,Actif
4713,C004713,Sarah,Legrand,1989-02-22,2015-03-23,Particulier,Technicien,2648.01,31,A012,Anglet,64600,sarah.legrand_4713@example.fr,Actif
4714,C004714,Thomas,Martinez,1962-11-29,2015-07-10,Particulier,Étudiant,775.98,63,A012,Anglet,64600,thomas.martinez_4714@example.fr,Actif
4715,C004715,Amélie,Martinez,1995-02-02,2019-09-11,Particulier,Employé,2080.6,54,A006,Libourne,33500,amelie.martinez_4715@example.fr,Actif
4716,C004716,Clara,Bonnet,1984-12-30,2015-08-27,Particulier,Commerçant,4979.07,83,A011,Biarritz,64200,clara.bonnet_4716@example.fr,Actif
4717,C004717,Camille,François,1968-10-09,2016-12-26,Particulier,Technicien,4518.21,34,A006,Libourne,33500,camille.françois_4717@example.fr,Actif
4718,C004718,Emma,Martinez,1980-06-06,2017-09-26,Particulier,Employé,2849.79,59,A019,Limoges,87000,emma.martinez_4718@example.fr,Actif
4719,C004719,Noah,David,1969-06-07,2022-02-17,Particulier,Cadre,2017.11,60,A013,Orthez,64300,noah.david_4719@example.fr,Actif
4720,C004720,Élodie,David,1959-04-05,2021-04-14,Particulier,Retraité,2823.76,51,A006,Libourne,33500,elodie.david_4720@example.fr,Actif
4721,C004721,Alexandre,Lefebvre,1990-03-10,2021-11-18,Particulier,Cadre,6201.17,5,A019,Limoges,87000,alexandre.lefebvre_4721@example.fr,Inactif
4722,C004722,Sarah,Legrand,1989-04-29,2022-11-07,Particulier,Employé,2797.47,68,A002,Bordeaux,33300,sarah.legrand_4722@example.fr,Actif
4723,C004723,Manon,Martin,1997-02-05,2021-08-02,Particulier,Cadre,4911.52,66,A002,Bordeaux,33300,manon.martin_4723@example.fr,Actif
4724,C004724,Océane,Moreau,1958-11-20,2025-02-22,Professionnel,Profession libérale,8060.67,63,A003,Mérignac,33700,oceane.moreau_4724@example.fr,Actif
4725,C004725,Thomas,Dupont,1959-07-28,2025-04-10,Particulier,Retraité,1674.92,51,A016,Rochefort,17300,thomas.dupont_4725@example.fr,Actif
4726,C004726,Paul,Thomas,1999-05-08,2023-07-10,Particulier,Employé,3803.39,79,A017,Niort,,paul.thomas_4726@example.fr,Actif
4727,C004727,Inès,Michel,1949-12-22,2016-12-06,Particulier,Employé,5798.88,37,A008,Langon,33210,ines.michel_4727@example.fr,Actif
4728,C004728,Zoé,Bonnet,1974-03-04,2019-02-15,Professionnel,Employé,4045.96,60,A008,Langon,33210,zoe.bonnet_4728@example.fr,Actif
4729,C004729,Élodie,Moreau,1972-03-20,2019-04-01,Association,Cadre,6597.52,54,A015,La Rochelle,17000,elodie.moreau_4729@example.fr,Actif
4730,C004730,Léa,Martinez,1949-04-12,2020-07-25,Professionnel,Cadre,3777.85,74,A010,Bayonne,64100,lea.martinez_4730@example.fr,Actif
4731,C004731,Marie,Mercier,1982-09-22,2020-07-10,Particulier,Cadre,4035.26,52,A022,Bergerac,24100,marie.mercier_4731@example.fr,Actif
4732,C004732,Gabriel,Lefebvre,1993-02-18,2023-08-29,Particulier,Employé,0.0,38,A019,Limoges,87000,gabriel.lefebvre_4732@example.fr,Actif
4733,C004733,Léa,Garcia,1946-05-15,2016-04-30,Particulier,Étudiant,682.86,81,A007,Arcachon,33120,lea.garcia_4733@example.fr,Actif
4734,C004734,Emma,Richard,1990-03-18,2015-01-13,Particulier,Retraité,2679.83,61,A008,Langon,,emma.richard_4734@example.fr,Actif
4735,C004735,Jade,Bertrand,1952-07-08,2021-09-14,Particulier,Enseignant,3909.04,28,A001,Bordeaux,33000,,Actif
4736,C004736,Antoine,Leroy,1967-11-24,2020-04-07,Particulier,Employé,3239.08,90,A022,Bergerac,24100,antoine.leroy_4736@example.fr,Actif
4737,C004737,Paul,Moreau,1974-10-24,2022-09-19,Professionnel,COMMERÇANT,2298.53,64,A022,Bergerac,24100,paul.moreau_4737@example.fr,Actif
4738,C004738,Alexandre,Lefebvre,1948-03-29,2024-05-28,Particulier,Étudiant,493.18,62,A022,Bergerac,24100,alexandre.lefebvre_4738@example.fr,Actif
4739,C004739,Chloé,Martinez,1975-07-14,2022-10-19,Particulier,Technicien,5588.92,51,A021,Périgueux,24000,chloe.martinez_4739@example.fr,Actif
4740,C004740,Lucas,Durand,1946-03-03,2018-12-08,Professionnel,Employé,5461.13,57,A015,La Rochelle,17000,lucas.durand_4740@example.fr,Actif
4741,C004741,Julien,François,2000-11-12,2021-07-02,Particulier,Artisan,697.89,48,A009,Pau,64000,julien.françois_4741@example.fr,Actif
4742,C004742,Marie,Lefebvre,2003-10-29,2022-11-26,Particulier,Étudiant,552.08,33,A020,Brive-la-Gaillarde,19100,marie.lefebvre_4742@example.fr,Actif
4743,C004743,Antoine,Martinez,1998-03-08,2016-08-09,Particulier,Enseignant,315.5,33,A010,Bayonne,64100,antoine.martinez_4743@example.fr,Actif
4744,C004744,Mathis,Girard,1962-04-17,2025-05-27,Particulier,Enseignant,3778.05,68,A015,La Rochelle,17000,mathis.girard_4744@example.fr,Actif
4745,C004745,Nathan,Bertrand,1989-02-17,2017-01-02,Professionnel,Commerçant,5314.69,58,A012,Anglet,64600,nathan.bertrand_4745@example.fr,Actif
4746,C004746,Élodie,Richard,1969-08-21,2019-05-06,Particulier,Employé,3139.64,82,A021,Périgueux,24000,elodie.richard_4746@example.fr,Actif
4747,C004747,Clara,Girard,1979-12-29,2022-01-14,Professionnel,Commerçant,4775.21,60,A019,Limoges,87000,clara.girard_4747@example.fr,Actif
4748,C004748,Marie,Petit,1948-11-01,2019-01-30,Particulier,Étudiant,1783.74,25,A002,Bordeaux,33300,marie.petit_4748@example.fr,Inactif
4749,C004749,Emma,Thomas,1964-09-02,2015-05-01,Particulier,Employé,2330.2,26,A002,Bordeaux,33300,emma.thomas_4749@example.fr,Actif
4750,C004750,Antoine,Garcia,1999-07-04,2017-09-15,Association,Cadre,3749.73,42,A007,Arcachon,33120,antoine.garcia_4750@example.fr,Actif
4751,C004751,Chloé,Martin,1992-08-13,2026-02-24,Professionnel,Enseignant,6931.41,35,A016,Rochefort,17300,chloe.martin_4751@example.fr,Actif
4752,C004752,Mathis,Morel,1977-08-02,2024-12-14,Particulier,Technicien,4925.21,42,A018,Poitiers,86000,mathis.morel_4752@example.fr,Actif
4753,C004753,Alexandre,Moreau,1979-07-23,2019-06-11,Particulier,Étudiant,1094.18,42,A004,Pessac,33600,alexandre.moreau_4753@example.fr,Actif
4754,C004754,Amélie,Garcia,1950-10-10,2026-06-09,Particulier,Artisan,0.0,74,A021,Périgueux,24000,amelie.garcia_4754@example.fr,Actif
4755,C004755,Amélie,André,1956-01-18,2018-06-27,Particulier,Étudiant,218.06,76,A018,Poitiers,86000,amelie.andré_4755@example.fr,Actif
4756,C004756,Jade,Martinez,1963-08-05,2023-02-26,Particulier,Enseignant,4622.76,42,A006,Libourne,33500,jade.martinez_4756@example.fr,Actif
4757,C004757,Sarah,Moreau,1961-01-01,2023-03-16,Particulier,Sans emploi,5979.59,65,A019,Limoges,87000,sarah.moreau_4757@example.fr,Actif
4758,C004758,Thomas,Roux,2000-07-09,2026-04-19,Particulier,Enseignant,4359.72,42,A007,Arcachon,33120,thomas.roux_4758@example.fr,Actif
4759,C004759,Inès,Fournier,1958-01-24,2022-04-17,Particulier,Étudiant,1225.65,60,A023,Agen,47000,ines.fournier_4759@example.fr,Actif
4760,C004760,Chloé,Robert,1966-05-07,2016-12-03,Particulier,Étudiant,695.39,50,A005,Talence,33400,chloe.robert_4760@example.fr,Actif
4761,C004761,Océane,Bernard,1971-07-10,2021-03-13,Particulier,Enseignant,5375.37,47,A001,Bordeaux,33000,oceane.bernard_4761@example.fr,Actif
4762,C004762,Marie,Roux,1961-04-02,2018-10-22,Particulier,Retraité,1220.02,60,A018,Poitiers,86000,marie.roux_4762@example.fr,Actif
4763,C004763,Marie,André,1998-06-30,2017-03-08,Particulier,Employé,2379.47,59,A020,Brive-la-Gaillarde,19100,marie.andré_4763@example.fr,Actif
4764,C004764,Gabriel,Robert,1954-09-21,2026-01-28,Particulier,Étudiant,1421.33,49,A018,Poitiers,86000,gabriel.robert_4764@example.fr,Actif
4765,C004765,Noah,Vincent,1972-04-02,2020-12-09,Particulier,Cadre,5317.3,68,A013,Orthez,64300,noah.vincent_4765@example.fr,Actif
4766,C004766,Léa,Robert,1986-01-17,2020-05-23,Particulier,Enseignant,1982.02,94,A003,Mérignac,33700,lea.robert_4766@example.fr,Actif
4767,C004767,Camille,Petit,1970-07-29,2025-12-11,Professionnel,Cadre,3592.73,60,A012,Anglet,64600,camille.petit_4767@example.fr,Actif
4768,C004768,Océane,Leroy,1968-02-02,2025-02-07,Particulier,Employé,3093.56,81,A013,Orthez,64300,oceane.leroy_4768@example.fr,Actif
4769,C004769,Clara,Durand,1995-05-04,2025-07-14,Particulier,Cadre,2583.91,52,A005,Talence,33400,clara.durand_4769@example.fr,Actif
4770,C004770,Inès,David,1952-08-26,2025-02-21,Particulier,Sans emploi,5291.25,61,A006,Libourne,33500,ines.david_4770@example.fr,Actif
4771,C004771,Julien,Morel,1946-11-26,2018-03-22,Particulier,Employé,6281.91,55,A015,La Rochelle,17000,julien.morel_4771@example.fr,Actif
4772,C004772,Lucas,Laurent,1970-08-30,2022-07-27,Particulier,Cadre,4980.47,74,A010,Bayonne,64100,lucas.laurent_4772@example.fr,Actif
4773,C004773,Inès,Michel,1991-01-19,2015-11-15,Particulier,Technicien,3063.5,53,A001,Bordeaux,33000,ines.michel_4773@example.fr,Actif
4774,C004774,Antoine,Lambert,1990-05-11,2020-06-04,Particulier,Enseignant,2083.66,78,A006,Libourne,33500,antoine.lambert_4774@example.fr,Actif
4775,C004775,Nathan,Legrand,1995-11-06,2015-09-15,Particulier,Étudiant,696.01,46,A009,Pau,64000,nathan.legrand_4775@example.fr,Actif
4776,C004776,Enzo,Thomas,1987-08-17,2024-07-15,Professionnel,Cadre,7795.12,34,A011,Biarritz,64200,enzo.thomas_4776@example.fr,Actif
4777,C004777,Antoine,Legrand,1996-06-20,2020-10-30,Particulier,Cadre,7088.37,53,A015,La Rochelle,17000,antoine.legrand_4777@example.fr,Actif
4778,C004778,Alexandre,André,1946-05-17,2018-09-14,Association,Employé,4616.67,73,A008,Langon,33210,alexandre.andré_4778@example.fr,Actif
4779,C004779,Hugo,Legrand,1974-09-11,2020-02-02,Particulier,Profession libérale,5387.89,42,A006,Libourne,33500,hugo.legrand_4779@example.fr,Actif
4780,C004780,Manon,Legrand,1989-05-05,2015-05-25,Particulier,Retraité,2203.02,38,A020,Brive-la-Gaillarde,19100,manon.legrand_4780@example.fr,Actif
4781,C004781,Nathan,Legrand,1955-08-10,2019-03-30,Particulier,Retraité,1503.43,61,A014,Oloron-Sainte-Marie,64400,nathan.legrand_4781@example.fr,Actif
4782,C004782,Océane,Martin,1985-12-26,2023-12-20,Particulier,Commerçant,1795.39,62,A006,Libourne,33500,oceane.martin_4782@example.fr,Actif
4783,C004783,Enzo,Durand,1970-09-02,2024-11-23,Professionnel,Cadre,3005.12,50,A002,Bordeaux,33300,enzo.durand_4783@example.fr,Actif
4784,C004784,Noah,Bertrand,1961-04-19,2020-06-26,Particulier,Étudiant,855.58,12,A024,Mont-de-Marsan,40000,noah.bertrand_4784@example.fr,Actif
4785,C004785,Zoé,Dubois,1950-09-19,2019-10-23,Professionnel,Cadre,4230.19,93,A023,Agen,47000,zoe.dubois_4785@example.fr,Actif
4786,C004786,Emma,André,1963-01-07,2018-08-27,Professionnel,Artisan,3787.38,60,A019,Limoges,87000,emma.andré_4786@example.fr,Actif
4787,C004787,Antoine,Dubois,1983-07-18,2019-12-23,Particulier,Employé,1557.94,26,A010,Bayonne,64100,antoine.dubois_4787@example.fr,Actif
4788,C004788,Amélie,Moreau,1964-04-13,2023-10-01,Particulier,Étudiant,958.65,49,A020,Brive-la-Gaillarde,19100,amelie.moreau_4788@example.fr,Actif
4789,C004789,Camille,Mercier,1948-06-24,2017-04-22,Particulier,Employé,3876.53,57,A016,Rochefort,17300,camille.mercier_4789@example.fr,Actif
4790,C004790,Clara,Durand,1973-05-04,2015-11-01,Particulier,Commerçant,4495.02,58,A015,La Rochelle,17000,clara.durand_4790@example.fr,Inactif
4791,C004791,Antoine,Bernard,1958-05-28,2025-02-08,Association,Sans emploi,3825.47,61,A005,Talence,33400,antoine.bernard_4791@example.fr,Actif
4792,C004792,Jade,Mercier,1999-04-30,2020-11-21,Particulier,Employé,2054.47,46,A005,Talence,33400,jade.mercier_4792@example.fr,Actif
4793,C004793,Inès,Legrand,1973-11-16,2024-06-19,Particulier,Employé,1467.97,67,A017,Niort,79000,ines.legrand_4793@example.fr,Actif
4794,C004794,Zoé,Vincent,1981-06-20,2024-01-25,Particulier,Cadre,1593.22,68,A013,Orthez,64300,zoe.vincent_4794@example.fr,Actif
4795,C004795,Sarah,Mercier,1971-05-15,2016-01-30,Particulier,Profession libérale,1199.6,28,A006,Libourne,33500,sarah.mercier_4795@example.fr,Actif
4796,C004796,Chloé,Girard,2000-02-18,2025-05-29,Particulier,Profession libérale,1668.34,33,A011,Biarritz,64200,chloe.girard_4796@example.fr,Clos
4797,C004797,Thomas,Simon,1956-07-19,2020-05-20,Particulier,Enseignant,2150.28,48,A025,Dax,40100,thomas.simon_4797@example.fr,Actif
4798,C004798,Sarah,Lefebvre,1947-03-02,2018-12-07,Association,Retraité,1899.53,40,A008,Langon,33210,sarah.lefebvre_4798@example.fr,Actif
4799,C004799,Camille,Robert,1975-12-30,2021-09-25,Particulier,Employé,4084.27,64,A015,La Rochelle,17000,camille.robert_4799@example.fr,Actif
4800,C004800,Camille,Richard,2003-04-29,2019-08-18,Particulier,Retraité,2900.4,61,A014,Oloron-Sainte-Marie,64400,camille.richard_4800@example.fr,Actif
4801,C004801,Chloé,Vincent,1975-10-27,2022-12-23,Particulier,Commerçant,6828.51,36,A013,Orthez,64300,chloe.vincent_4801@example.fr,Actif
4802,C004802,Nathan,Legrand,1989-11-03,2024-11-23,Particulier,Artisan,1990.57,41,A002,Bordeaux,33300,nathan.legrand_4802@example.fr,Actif
4803,C004803,Hugo,Bernard,1995-11-05,2017-08-01,Particulier,Profession libérale,3499.99,18,A023,Agen,47000,hugo.bernard_4803@example.fr,Actif
4804,C004804,Nathan,Bonnet,1996-10-14,2017-08-25,Particulier,Retraité,1551.44,42,A004,Pessac,33600,nathan.bonnet_4804@example.fr,Actif
4805,C004805,Manon,Girard,1979-08-13,2021-01-11,Particulier,Technicien,8242.51,44,A002,Bordeaux,33300,manon.girard_4805@example.fr,Actif
4806,C004806,Manon,Legrand,1967-08-13,2022-11-29,Particulier,Commerçant,0.0,88,A014,Oloron-Sainte-Marie,64400,manon.legrand_4806@example.fr,Actif
4807,C004807,Enzo,André,1984-04-12,2023-11-09,Particulier,Retraité,990.91,51,A004,Pessac,33600,enzo.andré_4807@example.fr,Actif
4808,C004808,Zoé,François,1983-10-07,2018-04-15,Particulier,Commerçant,1323.41,30,A023,Agen,47000,zoe.françois_4808@example.fr,Actif
4809,C004809,Nathan,Garcia,1989-04-03,2016-08-21,Professionnel,Employé,7997.83,48,A009,Pau,64000,nathan.garcia_4809@example.fr,Actif
4810,C004810,Inès,Durand,2003-01-31,2024-07-03,Particulier,Employé,3265.96,34,A011,Biarritz,64200,ines.durand_4810@example.fr,Actif
4811,C004811,Marie,Simon,1946-12-30,2020-02-28,Particulier,Employé,5222.51,21,A005,Talence,33400,marie.simon_4811@example.fr,Actif
4812,C004812,Manon,Petit,1950-10-04,2015-08-01,Particulier,Technicien,3438.74,31,A012,Anglet,64600,manon.petit_4812@example.fr,Actif
4813,C004813,Inès,Lambert,1991-05-01,2015-05-12,Particulier,Enseignant,5525.11,46,A008,Langon,33210,ines.lambert_4813@example.fr,Actif
4814,C004814,Alexandre,Martin,1987-12-09,2026-05-24,Particulier,Cadre,3942.33,44,A012,Anglet,64600,alexandre.martin_4814@example.fr,Actif
4815,C004815,Paul,Richard,2004-07-08,2019-05-13,Professionnel,Commerçant,5205.84,35,A003,Mérignac,33700,paul.richard_4815@example.fr,Actif
4816,C004816,Antoine,Bernard,1945-01-24,2019-01-29,Professionnel,Étudiant,1026.05,27,A019,Limoges,87000,antoine.bernard_4816@example.fr,Actif
4817,C004817,Nathan,David,2000-11-08,2023-08-15,Particulier,Enseignant,3840.79,31,A005,Talence,33400,nathan.david_4817@example.fr,Actif
4818,C004818,Hugo,Martinez,1994-04-29,2015-06-07,Particulier,Employé,3743.01,53,A006,Libourne,33500,hugo.martinez_4818@example.fr,Actif
4819,C004819,Chloé,Robert,1950-03-21,2021-01-02,Professionnel,Cadre,3111.51,46,A007,Arcachon,33120,chloe.robert_4819@example.fr,Inactif
4820,C004820,Noah,Richard,1959-02-03,2023-08-28,Association,Agriculteur,4249.47,92,A008,Langon,33210,noah.richard_4820@example.fr,Actif
4821,C004821,Marie,David,1958-08-12,2023-04-25,Particulier,Employé,0.0,27,A003,Mérignac,33700,marie.david_4821@example.fr,Actif
4822,C004822,Antoine,Robert,1981-10-15,2020-07-20,Particulier,Retraité,2971.01,47,A002,Bordeaux,33300,antoine.robert_4822@example.fr,Actif
4823,C004823,Sarah,André,1945-04-16,2024-05-29,Particulier,Employé,4065.42,57,A004,Pessac,33600,sarah.andré_4823@example.fr,Inactif
4824,C004824,Élodie,Laurent,1961-02-24,2015-04-02,Particulier,Cadre,2418.31,84,A023,Agen,47000,elodie.laurent_4824@example.fr,Actif
4825,C004825,Paul,Martin,1995-02-03,2021-08-09,Particulier,Employé,2265.9,29,A005,Talence,33400,paul.martin_4825@example.fr,Actif
4826,C004826,Océane,Garcia,1946-06-07,2015-10-11,Particulier,Employé,3191.0,82,A020,Brive-la-Gaillarde,19100,oceane.garcia_4826@example.fr,Actif
4827,C004827,Amélie,Legrand,2003-07-09,2019-08-03,Particulier,Employé,3010.29,41,A014,Oloron-Sainte-Marie,64400,amelie.legrand_4827@example.fr,Clos
4828,C004828,Gabriel,Robert,1954-01-18,2019-02-17,Particulier,Technicien,3219.32,41,A022,Bergerac,24100,gabriel.robert_4828@example.fr,Actif
4829,C004829,Alexandre,Dupont,1980-01-21,2023-01-30,Professionnel,Employé,6507.5,67,A001,Bordeaux,33000,alexandre.dupont_4829@example.fr,Actif
4830,C004830,Léa,Dupont,1955-12-07,2021-03-09,Association,Retraité,1796.87,62,A008,Langon,33210,lea.dupont_4830@example.fr,Inactif
4831,C004831,Alexandre,Leroy,1983-05-20,2018-05-02,Particulier,Enseignant,3245.52,76,A014,Oloron-Sainte-Marie,64400,alexandre.leroy_4831@example.fr,Actif
4832,C004832,Gabriel,David,1980-09-06,2017-02-07,Particulier,Retraité,2554.34,52,A005,Talence,33400,gabriel.david_4832@example.fr,Inactif
4833,C004833,Antoine,Bernard,1947-03-15,2018-04-10,Particulier,Technicien,2862.19,73,A011,Biarritz,64200,antoine.bernard_4833@example.fr,Actif
4834,C004834,Thomas,Garcia,1955-12-27,2017-12-01,Particulier,Cadre,1496.62,52,A022,Bergerac,24100,thomas.garcia_4834@example.fr,Actif
4835,C004835,Marie,Moreau,1984-10-20,2024-01-18,Particulier,Sans emploi,4411.38,53,A005,Talence,33400,marie.moreau_4835@example.fr,Actif
4836,C004836,Gabriel,Bertrand,1983-12-03,2025-07-18,Particulier,Étudiant,771.17,51,A019,Limoges,87000,gabriel.bertrand_4836@example.fr,Actif
4837,C004837,Clara,Lefebvre,1951-06-22,2025-03-15,Particulier,Sans emploi,2152.29,45,A002,Bordeaux,33300,clara.lefebvre_4837@example.fr,Actif
4838,C004838,Élodie,Bonnet,1982-11-19,2017-10-15,Particulier,Enseignant,5518.56,45,A011,Biarritz,64200,elodie.bonnet_4838@example.fr,Actif
4839,C004839,Inès,Dupont,1954-11-18,2024-12-09,Particulier,Étudiant,805.67,54,A007,Arcachon,33120,ines.dupont_4839@example.fr,Actif
4840,C004840,Clara,Petit,1994-12-08,2018-04-30,Particulier,Retraité,2917.48,43,A003,Mérignac,33700,clara.petit_4840@example.fr,Actif
4841,C004841,Hugo,Lefebvre,1997-09-08,2025-04-24,Particulier,Profession libérale,3457.31,53,A012,Anglet,64600,hugo.lefebvre_4841@example.fr,Actif
4842,C004842,Antoine,Bonnet,1963-12-03,2016-09-10,Particulier,Étudiant,1214.45,65,A025,Dax,40100,antoine.bonnet_4842@example.fr,Actif
4843,C004843,Nathan,Thomas,1980-12-17,2020-12-28,Particulier,Étudiant,871.49,40,A014,Oloron-Sainte-Marie,64400,nathan.thomas_4843@example.fr,Actif
4844,C004844,Océane,Roux,1985-10-23,2015-03-05,Particulier,Cadre,1600.61,88,A003,Mérignac,33700,oceane.roux_4844@example.fr,Actif
4845,C004845,Gabriel,Roux,1998-03-12,2015-09-27,Professionnel,Employé,5680.5,71,A001,Bordeaux,33000,gabriel.roux_4845@example.fr,Actif
4846,C004846,Hugo,Martinez,1991-01-25,2018-11-13,Particulier,Profession libérale,315.28,59,A007,Arcachon,33120,hugo.martinez_4846@example.fr,Actif
4847,C004847,Lucas,Lambert,1983-12-23,2018-01-05,Particulier,Étudiant,1670.27,59,A022,Bergerac,24100,lucas.lambert_4847@example.fr,Inactif
4848,C004848,Inès,Fournier,1977-10-14,2023-10-29,Particulier,Employé,3326.27,65,A008,Langon,33210,ines.fournier_4848@example.fr,Actif
4849,C004849,Lucas,Simon,1968-01-04,2019-12-09,Professionnel,Commerçant,3013.12,49,A015,La Rochelle,17000,lucas.simon_4849@example.fr,Actif
4850,C004850,Zoé,Laurent,1981-11-16,2019-04-07,Particulier,Enseignant,729.68,57,A015,La Rochelle,17000,zoe.laurent_4850@example.fr,Actif
4851,C004851,Inès,Dupont,1982-02-04,2020-06-04,Particulier,Employé,1450.22,77,A014,Oloron-Sainte-Marie,64400,ines.dupont_4851@example.fr,Actif
4852,C004852,Emma,Dubois,1981-01-10,2021-11-11,Professionnel,Commerçant,3144.77,61,A010,Bayonne,64100,emma.dubois_4852@example.fr,Actif
4853,C004853,Julien,Dubois,1953-07-05,2019-02-07,particulier,Sans emploi,4789.78,40,A002,Bordeaux,33300,julien.dubois_4853@example.fr,Actif
4854,C004854,Léa,Morel,1982-11-22,2021-03-03,Particulier,Commerçant,6285.13,77,A018,Poitiers,86000,lea.morel_4854@example.fr,Actif
4855,C004855,Jade,André,1974-08-17,2017-05-18,Particulier,Employé,6056.22,29,A015,La Rochelle,17000,jade.andré_4855@example.fr,Actif
4856,C004856,Lucas,Lambert,1976-03-28,2017-10-02,Particulier,Profession libérale,3325.07,48,A013,Orthez,64300,lucas.lambert_4856@example.fr,Clos
4857,C004857,Emma,Morel,1978-08-22,2017-02-18,Particulier,Employé,3001.64,45,A005,Talence,33400,emma.morel_4857@example.fr,Actif
4858,C004858,Zoé,Lambert,1973-09-20,2017-09-29,Particulier,Retraité,1837.24,60,A009,Pau,64000,zoe.lambert_4858@example.fr,Actif
4859,C004859,Gabriel,Martin,1979-11-21,2015-01-22,Professionnel,Artisan,3770.36,45,A005,Talence,33400,gabriel.martin_4859@example.fr,Actif
4860,C004860,Alexandre,François,1966-06-04,2023-06-05,Particulier,Enseignant,4230.04,64,A013,Orthez,64300,alexandre.françois_4860@example.fr,Actif
4861,C004861,Thomas,David,1949-05-30,2021-01-12,Particulier,Agriculteur,3926.14,86,A012,Anglet,64600,thomas.david_4861@example.fr,Actif
4862,C004862,Julien,Moreau,1959-05-10,2017-06-07,Particulier,Retraité,2311.92,42,A024,Mont-de-Marsan,40000,julien.moreau_4862@example.fr,Actif
4863,C004863,Chloé,Girard,1984-12-22,2015-12-13,Particulier,Employé,2345.38,50,A010,Bayonne,64100,chloe.girard_4863@example.fr,Actif
4864,C004864,Emma,Fournier,1998-02-05,2022-01-14,Professionnel,Commerçant,2422.52,39,A002,Bordeaux,33300,emma.fournier_4864@example.fr,Actif
4865,C004865,Camille,Lefebvre,1967-08-28,2021-02-24,Professionnel,Commerçant,5284.7,58,A011,Biarritz,64200,camille.lefebvre_4865@example.fr,Inactif
4866,C004866,Léa,François,1951-01-06,2016-12-16,Particulier,Artisan,4950.78,65,A003,Mérignac,33700,lea.françois_4866@example.fr,Actif
4867,C004867,Thomas,Thomas,1973-04-17,2022-03-16,Particulier,Employé,4543.48,39,A020,Brive-la-Gaillarde,19100,thomas.thomas_4867@example.fr,Actif
4868,C004868,Léa,Morel,2004-05-15,2016-12-17,Particulier,Employé,4360.27,31,A019,Limoges,87000,lea.morel_4868@example.fr,Actif
4869,C004869,Paul,Richard,1985-07-29,2021-03-16,Particulier,Cadre,3179.26,27,A004,Pessac,33600,paul.richard_4869@example.fr,Actif
4870,C004870,Gabriel,Michel,1974-12-18,2023-04-25,Professionnel,Technicien,3919.59,54,A001,Bordeaux,33000,gabriel.michel_4870@example.fr,Inactif
4871,C004871,Enzo,Petit,1951-04-06,2021-11-13,Professionnel,Retraité,900.0,44,A025,Dax,40100,enzo.petit_4871@example.fr,Actif
4872,C004872,Thomas,Girard,1952-08-25,2023-07-18,Particulier,Enseignant,2260.58,44,A009,Pau,64000,thomas.girard_4872@example.fr,Actif
4873,C004873,Marie,Thomas,1990-05-18,2021-11-23,Professionnel,Enseignant,4467.42,79,A021,Périgueux,24000,marie.thomas_4873@example.fr,Actif
4874,C004874,Julien,Simon,1987-10-21,2023-09-26,Professionnel,Sans emploi,2989.93,59,A004,Pessac,33600,julien.simon_4874@example.fr,Actif
4875,C004875,Enzo,Martinez,1987-09-24,2017-08-19,Particulier,Employé,1865.03,73,A014,Oloron-Sainte-Marie,64400,enzo.martinez_4875@example.fr,Actif
4876,C004876,Lucas,Simon,1976-11-06,2017-02-11,Particulier,Cadre,2060.79,43,A017,Niort,79000,lucas.simon_4876@example.fr,Actif
4877,C004877,Nathan,Bernard,1979-10-24,2019-02-09,Particulier,Employé,2481.91,65,A024,Mont-de-Marsan,40000,nathan.bernard_4877@example.fr,Inactif
4878,C004878,Nathan,Fournier,1967-12-05,2021-07-03,Particulier,Commerçant,2448.9,56,A002,Bordeaux,33300,nathan.fournier_4878@example.fr,Actif
4879,C004879,Lucas,Garcia,1988-04-29,2015-03-31,Professionnel,Profession libérale,4138.47,26,A020,Brive-la-Gaillarde,19100,lucas.garcia_4879@example.fr,Actif
4880,C004880,Enzo,Mercier,1983-10-23,2026-01-10,Particulier,Agriculteur,2908.62,27,A013,Orthez,64300,enzo.mercier_4880@example.fr,Actif
4881,C004881,Élodie,Richard,1976-05-28,2022-02-06,Particulier,Enseignant,878.41,42,A018,Poitiers,86000,elodie.richard_4881@example.fr,Actif
4882,C004882,Lucas,Durand,1989-04-14,2018-12-17,Particulier,Commerçant,3038.94,5,A005,Talence,33400,lucas.durand_4882@example.fr,Actif
4883,C004883,Alexandre,Durand,2004-01-29,2018-12-02,Particulier,Employé,0.0,73,A002,Bordeaux,33300,alexandre.durand_4883@example.fr,Actif
4884,C004884,Inès,André,1988-06-28,2017-01-07,Particulier,Employé,101.37,75,A021,Périgueux,24000,ines.andré_4884@example.fr,Actif
4885,C004885,Noah,Simon,1993-10-27,2021-05-10,Particulier,Cadre,3158.45,36,A010,Bayonne,64100,noah.simon_4885@example.fr,Actif
4886,C004886,Mathis,Martin,1962-09-22,2017-02-08,Particulier,Employé,1042.71,36,A009,Pau,64000,mathis.martin_4886@example.fr,Actif
4887,C004887,Noah,Petit,1957-12-12,2017-02-01,Professionnel,Artisan,7028.62,39,A004,Pessac,33600,noah.petit_4887@example.fr,Actif
4888,C004888,Élodie,Garcia,1949-03-30,2024-04-09,Professionnel,Sans emploi,6197.36,95,A020,Brive-la-Gaillarde,19100,elodie.garcia_4888@example.fr,Actif
4889,C004889,Mathis,Robert,1977-01-18,2019-05-05,Particulier,Profession libérale,826.48,49,A021,Périgueux,24000,mathis.robert_4889@example.fr,Actif
4890,C004890,Amélie,David,1964-12-29,2018-12-24,Particulier,Étudiant,548.41,61,A018,Poitiers,86000,amelie.david_4890@example.fr,Actif
4891,C004891,Julien,Vincent,1953-08-16,2025-01-21,Particulier,Commerçant,5742.96,69,A006,Libourne,33500,julien.vincent_4891@example.fr,Actif
4892,C004892,Mathis,David,1977-04-27,2020-04-14,Particulier,Retraité,1649.5,60,A025,Dax,40100,mathis.david_4892@example.fr,Actif
4893,C004893,Océane,Mercier,1972-06-10,2020-08-24,Particulier,Artisan,1898.84,63,A022,Bergerac,24100,oceane.mercier_4893@example.fr,Actif
4894,C004894,Paul,Bonnet,1972-09-21,2022-03-11,Particulier,Commerçant,3874.66,43,A008,Langon,33210,paul.bonnet_4894@example.fr,Actif
4895,C004895,Alexandre,Garcia,1990-12-06,2019-11-15,Particulier,Cadre,1742.41,24,A005,Talence,33400,alexandre.garcia_4895@example.fr,Clos
4896,C004896,Léa,Roux,1945-07-31,2021-04-03,Professionnel,Employé,3852.38,66,A025,Dax,40100,lea.roux_4896@example.fr,Actif
4897,C004897,Thomas,Leroy,1963-02-14,2025-09-06,Professionnel,Employé,5997.42,41,A013,Orthez,64300,thomas.leroy_4897@example.fr,Actif
4898,C004898,Lucas,Legrand,1965-11-07,2017-05-17,Particulier,Étudiant,572.91,66,A013,Orthez,64300,lucas.legrand_4898@example.fr,Actif
4899,C004899,Nathan,Dubois,1977-09-22,2015-08-08,Particulier,Retraité,2223.97,43,A025,Dax,40100,nathan.dubois_4899@example.fr,Inactif
4900,C004900,Mathis,Martinez,1978-09-22,2022-12-01,Particulier,Profession libérale,4778.57,48,A018,Poitiers,86000,mathis.martinez_4900@example.fr,Actif
4901,C004901,Paul,André,1976-04-18,2018-10-16,Particulier,Cadre,1874.02,48,A002,Bordeaux,33300,paul.andré_4901@example.fr,Actif
4902,C004902,Paul,Morel,1961-02-23,2017-06-18,Particulier,Profession libérale,4012.71,43,A017,Niort,79000,paul.morel_4902@example.fr,Actif
4903,C004903,Noah,Simon,1991-12-07,2025-12-23,Particulier,Agriculteur,1679.67,73,A017,Niort,79000,noah.simon_4903@example.fr,Actif
4904,C004904,Zoé,Bernard,1958-04-01,2020-12-10,Particulier,Technicien,906.56,93,A018,Poitiers,86000,zoe.bernard_4904@example.fr,Actif
4905,C004905,Antoine,David,1952-09-23,2015-01-19,Particulier,Retraité,1728.1,66,A012,Anglet,64600,antoine.david_4905@example.fr,Actif
4906,C004906,Julien,Leroy,1972-03-29,2020-10-30,Particulier,Employé,2388.63,91,A001,Bordeaux,33000,julien.leroy_4906@example.fr,Actif
4907,C004907,Hugo,Lambert,2000-03-24,2020-04-04,Particulier,Artisan,780.31,79,A010,Bayonne,64100,hugo.lambert_4907@example.fr,Actif
4908,C004908,Nathan,Mercier,1992-05-02,2022-12-06,Particulier,Employé,2134.39,46,A018,Poitiers,86000,nathan.mercier_4908@example.fr,Actif
4909,C004909,Emma,Moreau,2002-11-05,2015-09-16,Particulier,Employé,1150.96,22,A023,Agen,47000,emma.moreau_4909@example.fr,Actif
4910,C004910,Enzo,Legrand,1983-03-24,2024-04-07,Particulier,Profession libérale,2863.52,75,A022,Bergerac,24100,enzo.legrand_4910@example.fr,Actif
4911,C004911,Camille,Petit,1986-03-11,2020-04-15,Particulier,Profession libérale,2849.33,48,A019,Limoges,87000,camille.petit_4911@example.fr,Actif
4912,C004912,Manon,André,1983-08-08,2023-08-28,Particulier,Étudiant,1291.15,20,A003,Mérignac,33700,manon.andré_4912@example.fr,Actif
4913,C004913,Noah,Bonnet,1959-11-25,2015-11-19,Particulier,Employé,1516.34,69,A011,Biarritz,64200,noah.bonnet_4913@example.fr,Actif
4914,C004914,Thomas,Martin,1976-04-02,2021-12-14,Particulier,Employé,2754.29,38,A015,La Rochelle,17000,thomas.martin_4914@example.fr,Actif
4915,C004915,Camille,Vincent,1984-01-24,2022-07-01,Particulier,Cadre,1576.13,45,A019,Limoges,87000,camille.vincent_4915@example.fr,Actif
4916,C004916,Chloé,Morel,1979-11-20,2020-07-21,Particulier,Cadre,1646.18,57,A024,Mont-de-Marsan,40000,chloe.morel_4916@example.fr,Actif
4917,C004917,Thomas,Bernard,1956-05-30,2015-04-03,Particulier,Étudiant,449.79,54,A025,Dax,40100,thomas.bernard_4917@example.fr,Actif
4918,C004918,Julien,Leroy,1979-09-29,2022-11-24,Particulier,Retraité,2471.04,68,A013,Orthez,64300,julien.leroy_4918@example.fr,Actif
4919,C004919,Gabriel,Lefebvre,1953-06-27,2025-10-01,Particulier,Employé,1791.31,5,A013,Orthez,64300,gabriel.lefebvre_4919@example.fr,Actif
4920,C004920,Emma,Lefebvre,1999-05-29,2020-11-25,Particulier,Profession libérale,1821.83,19,A007,Arcachon,33120,emma.lefebvre_4920@example.fr,Actif
4921,C004921,Chloé,Petit,1994-02-16,2019-01-22,Particulier,Étudiant,1266.28,57,A012,Anglet,64600,chloe.petit_4921@example.fr,Actif
4922,C004922,Paul,Lambert,1970-11-05,2017-11-09,Particulier,Profession libérale,4012.37,64,A017,Niort,79000,paul.lambert_4922@example.fr,Actif
4923,C004923,Julien,Roux,1974-12-12,2023-09-08,Particulier,Commerçant,6130.55,38,A003,Mérignac,33700,julien.roux_4923@example.fr,Inactif
4924,C004924,Mathis,David,1955-07-26,2023-01-20,Particulier,Enseignant,3724.84,25,A018,Poitiers,86000,mathis.david_4924@example.fr,Actif
4925,C004925,Chloé,Bonnet,1971-08-11,2025-04-28,Association,Retraité,2322.06,95,A019,Limoges,87000,chloe.bonnet_4925@example.fr,Actif
4926,C004926,Amélie,Martinez,1970-11-22,2025-07-23,Particulier,Sans emploi,1082.82,21,A023,Agen,47000,amelie.martinez_4926@example.fr,Actif
4927,C004927,Amélie,Martinez,1962-06-07,2021-03-02,Particulier,Employé,896.37,50,A023,Agen,47000,amelie.martinez_4927@example.fr,Actif
4928,C004928,Amélie,Thomas,1948-12-31,2025-12-05,Association,Cadre,3532.58,32,A010,Bayonne,64100,amelie.thomas_4928@example.fr,Actif
4929,C004929,Camille,Moreau,1971-03-17,2018-01-15,Particulier,Profession libérale,3234.45,59,A018,Poitiers,86000,camille.moreau_4929@example.fr,Actif
4930,C004930,Océane,Lefebvre,1959-01-06,2021-02-13,Particulier,Employé,2920.55,72,A018,Poitiers,,oceane.lefebvre_4930@example.fr,Actif
4931,C004931,Paul,Girard,1972-04-27,2017-01-24,Particulier,Employé,3542.52,47,A007,Arcachon,33120,paul.girard_4931@example.fr,Actif
4932,C004932,Antoine,Bertrand,1989-06-25,2022-04-03,Particulier,Employé,0.0,28,A022,Bergerac,24100,antoine.bertrand_4932@example.fr,Inactif
4933,C004933,Thomas,Vincent,2000-04-22,2025-08-03,Particulier,Profession libérale,4482.02,37,A007,Arcachon,33120,thomas.vincent_4933@example.fr,Actif
4934,C004934,Camille,Mercier,1996-12-30,2019-09-09,Particulier,Technicien,1933.05,64,A007,Arcachon,33120,camille.mercier_4934@example.fr,Actif
4935,C004935,Enzo,Martin,1982-04-26,2024-10-10,Particulier,Cadre,5618.89,49,A011,Biarritz,64200,enzo.martin_4935@example.fr,Actif
4936,C004936,Jade,Petit,1950-01-24,2026-03-09,Particulier,Profession libérale,0.0,65,A002,Bordeaux,33300,jade.petit_4936@example.fr,Inactif
4937,C004937,Alexandre,Robert,1971-07-10,2021-09-21,Particulier,Étudiant,925.29,70,A002,Bordeaux,33300,alexandre.robert_4937@example.fr,Clos
4938,C004938,Manon,Moreau,1945-02-04,2023-01-08,Particulier,Enseignant,5107.61,56,A024,Mont-de-Marsan,40000,manon.moreau_4938@example.fr,Actif
4939,C004939,Enzo,Dupont,1951-06-29,2023-08-16,Particulier,Cadre,2495.43,38,A016,Rochefort,17300,enzo.dupont_4939@example.fr,Actif
4940,C004940,Paul,Girard,1951-12-18,2024-05-29,Particulier,Technicien,4451.36,66,A004,Pessac,33600,paul.girard_4940@example.fr,Actif
4941,C004941,Alexandre,Simon,1989-12-30,2025-12-19,Particulier,Employé,439.21,29,A010,Bayonne,64100,alexandre.simon_4941@example.fr,Actif
4942,C004942,Léa,Robert,1986-07-28,2023-06-21,Particulier,Employé,1375.58,86,A020,Brive-la-Gaillarde,19100,lea.robert_4942@example.fr,Actif
4943,C004943,Mathis,Roux,1976-05-01,2024-01-21,Particulier,Commerçant,4978.04,66,A004,Pessac,33600,mathis.roux_4943@example.fr,Actif
4944,C004944,Noah,Dupont,1949-12-27,2023-05-15,Particulier,Technicien,2787.93,29,A020,Brive-la-Gaillarde,19100,noah.dupont_4944@example.fr,Actif
4945,C004945,Julien,Bernard,1966-08-29,2020-02-29,Particulier,Cadre,1642.9,71,A021,Périgueux,24000,julien.bernard_4945@example.fr,Actif
4946,C004946,Paul,Robert,1949-03-16,2025-02-08,Particulier,Retraité,1750.45,31,A016,Rochefort,17300,paul.robert_4946@example.fr,Actif
4947,C004947,Inès,Durand,1972-11-07,2023-05-24,Particulier,Cadre,3421.53,63,A007,Arcachon,33120,ines.durand_4947@example.fr,Actif
4948,C004948,Zoé,François,1947-11-11,2016-02-27,Particulier,Employé,2412.63,52,A004,Pessac,33600,zoe.françois_4948@example.fr,Inactif
4949,C004949,Océane,Legrand,1958-08-10,2022-11-06,Particulier,Enseignant,4950.97,27,A010,Bayonne,64100,oceane.legrand_4949@example.fr,Actif
4950,C004950,Camille,Thomas,1965-03-21,2026-01-10,Particulier,Retraité,935.15,65,A002,Bordeaux,33300,camille.thomas_4950@example.fr,Actif
4951,C004951,Paul,Laurent,1975-07-20,2015-08-14,Particulier,Cadre,3585.26,58,A010,Bayonne,64100,paul.laurent_4951@example.fr,Actif
4952,C004952,Amélie,Lefebvre,1996-10-09,2019-11-17,Particulier,Employé,2221.27,62,A012,Anglet,64600,amelie.lefebvre_4952@example.fr,Actif
4953,C004953,Marie,Vincent,1968-12-30,2023-06-16,Particulier,Cadre,2653.89,53,A021,Périgueux,24000,marie.vincent_4953@example.fr,Actif
4954,C004954,Marie,Dubois,1979-01-07,2022-02-13,Particulier,Profession libérale,2252.8,61,A014,Oloron-Sainte-Marie,64400,marie.dubois_4954@example.fr,Actif
4955,C004955,Lucas,Garcia,2001-12-31,2020-06-28,Particulier,Retraité,2493.65,30,A014,Oloron-Sainte-Marie,64400,lucas.garcia_4955@example.fr,Actif
4956,C004956,Élodie,Lefebvre,1973-07-11,2015-08-12,Particulier,Employé,2192.72,61,A006,Libourne,33500,elodie.lefebvre_4956@example.fr,Inactif
4957,C004957,Thomas,David,1971-04-22,2022-07-28,Particulier,Commerçant,4125.08,43,A013,Orthez,64300,thomas.david_4957@example.fr,Actif
4958,C004958,Sarah,Legrand,1968-04-21,2019-04-23,Particulier,Agriculteur,3091.05,35,A011,Biarritz,64200,sarah.legrand_4958@example.fr,Actif
4959,C004959,Léa,David,1987-05-08,2024-09-09,Particulier,Artisan,4000.79,62,A023,Agen,47000,lea.david_4959@example.fr,Actif
4960,C004960,Élodie,Fournier,1984-06-06,2017-05-26,Particulier,Artisan,3503.02,73,A011,Biarritz,64200,elodie.fournier_4960@example.fr,Actif
4961,C004961,Noah,Leroy,1979-12-07,2023-04-14,Particulier,Technicien,1821.7,76,A001,Bordeaux,33000,noah.leroy_4961@example.fr,Actif
4962,C004962,Marie,Thomas,1969-04-14,2019-08-16,Particulier,Employé,2729.16,66,A023,Agen,47000,marie.thomas_4962@example.fr,Actif
4963,C004963,Lucas,Legrand,1947-05-21,2018-10-26,Professionnel,Employé,3855.99,58,A001,Bordeaux,33000,lucas.legrand_4963@example.fr,Actif
4964,C004964,Paul,André,1945-09-18,2023-04-12,Particulier,Artisan,4526.76,39,A009,Pau,64000,paul.andré_4964@example.fr,Actif
4965,C004965,Jade,Durand,1988-09-01,2024-12-21,Professionnel,Cadre,5568.54,55,A019,Limoges,87000,jade.durand_4965@example.fr,Actif
4966,C004966,Élodie,Petit,1974-05-02,2022-04-28,Professionnel,Retraité,3464.97,57,A016,Rochefort,17300,elodie.petit_4966@example.fr,Actif
4967,C004967,Amélie,Leroy,1983-02-16,2024-01-19,Particulier,Profession libérale,4597.73,45,A013,Orthez,64300,amelie.leroy_4967@example.fr,Actif
4968,C004968,Élodie,François,1999-05-22,2021-03-03,Particulier,Employé,5072.81,21,A013,Orthez,64300,elodie.françois_4968@example.fr,Actif
4969,C004969,Hugo,Lambert,1966-03-17,2022-12-03,Particulier,Retraité,4425.75,45,A008,Langon,33210,hugo.lambert_4969@example.fr,Actif
4970,C004970,Manon,Durand,1959-07-02,2018-08-20,Particulier,Retraité,2841.32,27,A009,Pau,64000,manon.durand_4970@example.fr,Actif
4971,C004971,Léa,Richard,1986-03-22,2026-01-18,Particulier,Artisan,4744.88,50,A001,Bordeaux,33000,lea.richard_4971@example.fr,Actif
4972,C004972,Sarah,Mercier,1970-03-23,2024-08-20,Particulier,Employé,3022.48,23,A012,Anglet,64600,sarah.mercier_4972@example.fr,Actif
4973,C004973,Amélie,Bertrand,1984-09-27,2016-02-19,Particulier,Enseignant,1006.68,57,A015,La Rochelle,17000,amelie.bertrand_4973@example.fr,Actif
4974,C004974,Antoine,Roux,1952-05-01,2022-10-15,Professionnel,Sans emploi,4935.83,40,A009,Pau,64000,antoine.roux_4974@example.fr,Actif
4975,C004975,Amélie,Morel,1972-05-03,2022-06-20,Particulier,Artisan,1402.15,59,A002,Bordeaux,33300,amelie.morel_4975@example.fr,Actif
4976,C004976,Enzo,Lefebvre,1970-03-09,2015-05-31,Particulier,Employé,916.7,57,A025,Dax,40100,enzo.lefebvre_4976@example.fr,Actif
4977,C004977,Clara,Laurent,1957-05-17,2023-01-01,Particulier,Retraité,2273.43,67,A025,Dax,40100,clara.laurent_4977@example.fr,Inactif
4978,C004978,Nathan,Martin,1963-08-31,2017-06-11,Particulier,Commerçant,2038.25,34,A025,Dax,40100,nathan.martin_4978@example.fr,Actif
4979,C004979,Amélie,Morel,2000-11-19,2017-04-08,Particulier,Artisan,982.77,53,A004,Pessac,33600,amelie.morel_4979@example.fr,Actif
4980,C004980,Amélie,David,1987-10-04,2024-09-18,Professionnel,Employé,5568.05,62,A001,Bordeaux,33000,amelie.david_4980@example.fr,Actif
4981,C004981,Hugo,Dupont,1982-03-15,2015-02-21,Particulier,Employé,4267.69,75,A007,Arcachon,33120,hugo.dupont_4981@example.fr,Actif
4982,C004982,Thomas,Lambert,1975-03-27,2026-01-18,Particulier,Retraité,2113.21,65,A010,Bayonne,64100,thomas.lambert_4982@example.fr,Actif
4983,C004983,Marie,André,2002-09-17,2021-12-24,Professionnel,Cadre,5247.68,59,A021,Périgueux,24000,marie.andré_4983@example.fr,Actif
4984,C004984,Julien,Laurent,1955-12-05,2018-01-19,Particulier,Profession libérale,3732.64,69,A014,Oloron-Sainte-Marie,64400,julien.laurent_4984@example.fr,Actif
4985,C004985,Amélie,André,1950-07-24,2024-02-16,Particulier,Cadre,1648.0,59,A021,Périgueux,24000,amelie.andré_4985@example.fr,Inactif
4986,C004986,Thomas,Garcia,1985-11-23,2017-01-05,Professionnel,Enseignant,7130.22,56,A011,Biarritz,64200,thomas.garcia_4986@example.fr,Actif
4987,C004987,Antoine,Dupont,1957-10-17,2024-01-07,Particulier,Employé,3347.46,71,A008,Langon,33210,antoine.dupont_4987@example.fr,Actif
4988,C004988,Jade,Bernard,1982-12-20,2016-10-23,Particulier,Employé,2387.17,33,A003,Mérignac,33700,jade.bernard_4988@example.fr,Actif
4989,C004989,Lucas,Bonnet,1953-05-30,2020-02-23,Particulier,Retraité,2247.32,71,A011,Biarritz,64200,lucas.bonnet_4989@example.fr,Inactif
4990,C004990,Marie,André,1986-07-10,2019-09-29,Particulier,Artisan,0.0,48,A002,Bordeaux,33300,marie.andré_4990@example.fr,Actif
4991,C004991,Alexandre,Robert,1952-10-29,2015-10-03,Particulier,Cadre,2868.25,70,A006,Libourne,33500,alexandre.robert_4991@example.fr,Actif
4992,C004992,Élodie,Dupont,1995-01-08,2021-02-21,Association,Employé,4710.09,46,A023,Agen,47000,elodie.dupont_4992@example.fr,Actif
4993,C004993,Paul,Dupont,1951-07-01,2026-05-08,Professionnel,Retraité,2487.75,22,A003,Mérignac,33700,paul.dupont_4993@example.fr,Actif
4994,C004994,Mathis,Lefebvre,2003-09-27,2024-01-08,Particulier,Commerçant,1563.97,72,A003,Mérignac,33700,mathis.lefebvre_4994@example.fr,Actif
4995,C004995,Enzo,Bernard,1946-08-07,2018-12-27,Particulier,Employé,3337.98,76,A009,Pau,64000,enzo.bernard_4995@example.fr,Actif
4996,C004996,Lucas,Bertrand,1954-03-21,2018-02-02,Particulier,Artisan,3697.49,50,A018,Poitiers,86000,lucas.bertrand_4996@example.fr,Actif
4997,C004997,Zoé,Lefebvre,1948-04-04,2015-06-03,Particulier,Employé,888.63,57,A009,Pau,64000,zoe.lefebvre_4997@example.fr,Actif
4998,C004998,Gabriel,Durand,1963-04-15,2020-05-28,Particulier,Agriculteur,3420.99,51,A016,Rochefort,17300,gabriel.durand_4998@example.fr,Actif
4999,C004999,Nathan,Morel,1957-11-24,2016-08-04,Particulier,Enseignant,2064.51,34,A002,Bordeaux,33300,nathan.morel_4999@example.fr,Actif
5000,C005000,Paul,Moreau,1984-07-05,2026-01-25,Particulier,Retraité,2645.91,23,A024,Mont-de-Marsan,40000,paul.moreau_5000@example.fr,Actif
5001,C005001,Sarah,Thomas,1987-01-30,2018-02-06,Particulier,Artisan,4486.44,66,A011,Biarritz,64200,sarah.thomas_5001@example.fr,Actif
5002,C005002,Enzo,Petit,1982-10-15,2019-09-09,Particulier,Sans emploi,2477.36,55,A016,Rochefort,17300,enzo.petit_5002@example.fr,Clos
5003,C005003,Emma,Martin,2004-10-20,2019-02-18,Particulier,Employé,1342.06,43,A012,Anglet,64600,emma.martin_5003@example.fr,Inactif
5004,C005004,Léa,Bernard,1978-02-10,2019-01-06,Particulier,Cadre,3451.32,60,A014,Oloron-Sainte-Marie,64400,lea.bernard_5004@example.fr,Actif
5005,C005005,Inès,Richard,1953-05-04,2015-09-27,Particulier,Employé,834.73,60,A024,Mont-de-Marsan,40000,ines.richard_5005@example.fr,Actif
5006,C005006,Sarah,Dupont,1969-06-27,2021-06-10,Particulier,Cadre,3640.55,64,A011,Biarritz,64200,sarah.dupont_5006@example.fr,Actif
5007,C005007,Hugo,David,1980-06-16,2023-07-30,Particulier,Employé,1870.13,41,A005,Talence,33400,hugo.david_5007@example.fr,Actif
5008,C005008,Alexandre,Morel,1952-10-16,2019-06-28,Particulier,Employé,2776.43,62,A022,Bergerac,24100,alexandre.morel_5008@example.fr,Clos
5009,C005009,Amélie,Bernard,1980-02-15,2016-05-05,Particulier,Profession libérale,2888.54,72,A001,Bordeaux,33000,amelie.bernard_5009@example.fr,Inactif
5010,C005010,Lucas,Lambert,1955-05-03,2023-07-11,Particulier,Cadre,4750.35,63,A010,Bayonne,64100,lucas.lambert_5010@example.fr,Actif
5011,C005011,Julien,Dubois,1950-09-28,2020-11-19,Particulier,Retraité,1963.71,55,A015,La Rochelle,17000,julien.dubois_5011@example.fr,Inactif
5012,C005012,Zoé,Dupont,1970-05-15,2016-07-21,Particulier,Commerçant,795.78,24,A018,Poitiers,86000,zoe.dupont_5012@example.fr,Actif
5013,C005013,Zoé,Martinez,1989-02-26,2026-01-15,Particulier,Employé,1321.53,40,A004,Pessac,33600,zoe.martinez_5013@example.fr,Actif
5014,C005014,Jade,François,1963-04-07,2015-02-12,Particulier,Cadre,787.37,89,A011,Biarritz,64200,jade.françois_5014@example.fr,Actif
5015,C005015,Océane,Bernard,1976-06-09,2024-06-10,Professionnel,Agriculteur,5556.16,22,A021,Périgueux,24000,oceane.bernard_5015@example.fr,Actif
5016,C005016,Nathan,Durand,1958-09-16,2026-02-06,Particulier,Employé,3831.62,52,A009,Pau,64000,nathan.durand_5016@example.fr,Actif
5017,C005017,Antoine,Michel,1981-06-12,2025-03-10,Particulier,Cadre,3370.29,42,A009,Pau,64000,antoine.michel_5017@example.fr,Clos
5018,C005018,Camille,Roux,2003-09-30,2025-10-21,Professionnel,Cadre,6789.47,94,A025,Dax,40100,camille.roux_5018@example.fr,Actif
5019,C005019,Lucas,Laurent,1955-02-05,2022-05-08,Particulier,Commerçant,2646.89,45,A013,Orthez,64300,lucas.laurent_5019@example.fr,Actif
5020,C005020,Mathis,Michel,1956-02-07,2023-03-02,Particulier,Étudiant,649.06,45,A025,Dax,40100,mathis.michel_5020@example.fr,Inactif
5021,C005021,Julien,Dupont,1951-05-06,2021-09-07,Particulier,Artisan,1798.52,66,A006,Libourne,33500,julien.dupont_5021@example.fr,Actif
5022,C005022,Thomas,Dubois,1946-06-03,2019-11-30,Particulier,Cadre,3468.44,54,A015,La Rochelle,17000,thomas.dubois_5022@example.fr,Actif
5023,C005023,Léa,Mercier,1978-04-08,2022-08-31,Particulier,Étudiant,739.41,47,A018,Poitiers,86000,lea.mercier_5023@example.fr,Actif
5024,C005024,Thomas,Laurent,1976-09-08,2026-03-19,Association,Retraité,2862.55,59,A024,Mont-de-Marsan,40000,thomas.laurent_5024@example.fr,Actif
5025,C005025,Sarah,Fournier,1955-03-30,2016-03-31,Particulier,Profession libérale,2501.47,5,A001,Bordeaux,33000,sarah.fournier_5025@example.fr,Inactif
5026,C005026,Élodie,Moreau,1969-05-01,2019-02-11,Particulier,Employé,2626.1,56,A001,Bordeaux,33000,elodie.moreau_5026@example.fr,Actif
5027,C005027,Julien,André,1994-11-26,2025-02-06,Particulier,Retraité,3317.77,59,A008,Langon,33210,julien.andré_5027@example.fr,Actif
5028,C005028,Enzo,Laurent,1971-03-07,2017-04-28,Particulier,Employé,5344.02,33,A016,Rochefort,17300,enzo.laurent_5028@example.fr,Actif
5029,C005029,Chloé,Girard,1980-09-15,2023-06-29,Particulier,Étudiant,370.82,54,A008,Langon,33210,chloe.girard_5029@example.fr,Actif
5030,C005030,Léa,Robert,1998-06-14,2025-11-03,Particulier,Artisan,3513.67,22,A007,Arcachon,33120,lea.robert_5030@example.fr,Actif
5031,C005031,Alexandre,Legrand,1997-07-12,2025-01-16,Particulier,Étudiant,294.04,71,A005,Talence,33400,alexandre.legrand_5031@example.fr,Actif
5032,C005032,Paul,Martinez,1965-09-17,2017-10-13,Particulier,Employé,0.0,51,A009,Pau,64000,paul.martinez_5032@example.fr,Actif
5033,C005033,Clara,Dupont,1971-04-15,2019-09-11,Particulier,Étudiant,1420.79,43,A016,Rochefort,17300,clara.dupont_5033@example.fr,Actif
5034,C005034,Gabriel,Lambert,1987-03-03,2018-03-02,Particulier,Profession libérale,3322.82,26,A006,Libourne,33500,gabriel.lambert_5034@example.fr,Actif
5035,C005035,Jade,Legrand,1984-08-08,2017-11-17,Particulier,Étudiant,1653.72,54,A005,Talence,33400,jade.legrand_5035@example.fr,Actif
5036,C005036,Alexandre,Moreau,1982-08-14,2018-09-18,Particulier,Employé,3315.81,70,A024,Mont-de-Marsan,40000,alexandre.moreau_5036@example.fr,Actif
5037,C005037,Mathis,Bonnet,1981-09-10,2023-09-05,Professionnel,Employé,4927.93,54,A003,Mérignac,33700,mathis.bonnet_5037@example.fr,Actif
5038,C005038,Inès,Lambert,1965-08-23,2018-03-21,Particulier,Cadre,4909.0,73,A019,Limoges,87000,ines.lambert_5038@example.fr,Actif
5039,C005039,Chloé,Garcia,1953-08-05,2024-10-19,Particulier,Retraité,900.0,50,A020,Brive-la-Gaillarde,19100,chloe.garcia_5039@example.fr,Clos
5040,C005040,Camille,Robert,2002-11-03,2018-11-28,Particulier,Enseignant,3993.31,51,A019,Limoges,87000,camille.robert_5040@example.fr,Actif
5041,C005041,Zoé,Mercier,1997-07-18,2017-10-02,Particulier,Employé,2541.95,61,A022,Bergerac,24100,zoe.mercier_5041@example.fr,Actif
5042,C005042,Alexandre,Laurent,1952-11-05,2017-03-18,Particulier,Artisan,0.0,45,A001,Bordeaux,33000,alexandre.laurent_5042@example.fr,Actif
5043,C005043,Paul,Mercier,1986-07-29,2025-07-14,Professionnel,Étudiant,1067.04,77,A025,Dax,40100,,Actif
5044,C005044,Zoé,Petit,1947-02-21,2019-12-26,Particulier,Cadre,3841.68,68,A021,Périgueux,24000,zoe.petit_5044@example.fr,Actif
5045,C005045,Emma,Bertrand,1965-02-02,2023-02-02,Particulier,Employé,4185.81,58,A004,Pessac,33600,emma.bertrand_5045@example.fr,Actif
5046,C005046,Camille,Bertrand,1962-11-04,2025-03-05,Particulier,Employé,4938.41,55,A016,Rochefort,17300,camille.bertrand_5046@example.fr,Actif
5047,C005047,Noah,Mercier,1945-04-01,2026-02-13,Particulier,Étudiant,394.93,27,A002,Bordeaux,33300,noah.mercier_5047@example.fr,Actif
5048,C005048,Jade,Moreau,2000-08-25,2017-04-02,Professionnel,Employé,5379.09,68,A010,Bayonne,64100,jade.moreau_5048@example.fr,Clos
5049,C005049,Emma,Petit,1990-10-06,2019-01-03,Professionnel,Étudiant,104.75,60,A010,Bayonne,64100,emma.petit_5049@example.fr,Actif
5050,C005050,Antoine,Morel,1997-12-13,2021-03-10,Particulier,Cadre,5138.94,48,A011,Biarritz,64200,antoine.morel_5050@example.fr,Actif
5051,C005051,Zoé,Girard,1951-02-02,2022-12-22,Particulier,Sans emploi,4525.32,67,A018,Poitiers,86000,zoe.girard_5051@example.fr,Actif
5052,C005052,Manon,Bernard,1987-10-02,2022-06-27,Particulier,Employé,4370.91,5,A006,Libourne,33500,manon.bernard_5052@example.fr,Actif
5053,C005053,Paul,Simon,1961-01-17,2017-07-13,Professionnel,Cadre,6862.55,62,A007,Arcachon,33120,paul.simon_5053@example.fr,Actif
5054,C005054,Paul,André,1993-07-21,2020-02-12,Particulier,Profession libérale,4691.22,40,A004,Pessac,33600,paul.andré_5054@example.fr,Actif
5055,C005055,Thomas,Roux,1958-03-01,2016-11-02,Particulier,Employé,3675.18,95,A005,Talence,33400,thomas.roux_5055@example.fr,Actif
5056,C005056,Marie,Martinez,1979-09-13,2022-07-14,Particulier,Employé,2772.55,33,A022,Bergerac,24100,marie.martinez_5056@example.fr,Actif
5057,C005057,Alexandre,Roux,1992-03-01,2016-08-28,Particulier,Sans emploi,0.0,39,A012,Anglet,64600,alexandre.roux_5057@example.fr,Actif
5058,C005058,Camille,Lefebvre,1959-12-06,2026-06-06,Particulier,Employé,436.64,41,A018,Poitiers,86000,camille.lefebvre_5058@example.fr,Actif
5059,C005059,Sarah,Martinez,1945-06-08,2015-10-02,Particulier,Employé,5203.51,88,A013,Orthez,64300,sarah.martinez_5059@example.fr,Actif
5060,C005060,Thomas,Garcia,2003-09-20,2022-08-22,Particulier,Cadre,5511.23,53,A007,Arcachon,33120,thomas.garcia_5060@example.fr,Actif
5061,C005061,Julien,Durand,1962-03-27,2025-12-02,Particulier,Étudiant,1598.23,80,A020,Brive-la-Gaillarde,19100,julien.durand_5061@example.fr,Actif
5062,C005062,Alexandre,Lambert,1955-08-02,2019-04-03,Particulier,Profession libérale,903.58,56,A011,Biarritz,64200,alexandre.lambert_5062@example.fr,Actif
5063,C005063,Clara,Laurent,1947-07-03,2018-07-28,Particulier,Retraité,3119.09,60,A024,Mont-de-Marsan,40000,clara.laurent_5063@example.fr,Actif
5064,C005064,Camille,Bernard,1994-09-14,2023-04-25,Particulier,Étudiant,700.45,34,A013,Orthez,64300,camille.bernard_5064@example.fr,Actif
5065,C005065,Gabriel,François,2001-09-14,2025-04-16,Professionnel,Sans emploi,4897.32,68,A014,Oloron-Sainte-Marie,64400,gabriel.françois_5065@example.fr,Actif
5066,C005066,Noah,Richard,1948-02-07,2021-03-29,Particulier,Employé,2435.29,61,A007,Arcachon,33120,noah.richard_5066@example.fr,Actif
5067,C005067,Julien,Vincent,1996-05-19,2017-07-12,Particulier,Employé,7814.77,42,A003,Mérignac,33700,julien.vincent_5067@example.fr,Actif
5068,C005068,Enzo,Simon,1980-02-08,2018-04-19,Particulier,Retraité,1058.95,62,A001,Bordeaux,33000,enzo.simon_5068@example.fr,Actif
5069,C005069,Lucas,Richard,1980-07-25,2016-07-31,Particulier,Enseignant,2936.07,49,A015,La Rochelle,17000,lucas.richard_5069@example.fr,Actif
5070,C005070,Mathis,Vincent,1971-06-10,2016-05-30,Professionnel,Employé,4598.18,53,A021,Périgueux,24000,mathis.vincent_5070@example.fr,Actif
5071,C005071,Antoine,Dubois,1993-05-10,2025-09-21,Particulier,Employé,4865.5,73,A021,Périgueux,24000,antoine.dubois_5071@example.fr,Actif
5072,C005072,Jade,Dupont,1982-03-13,2018-10-14,Professionnel,Étudiant,616.51,60,A002,Bordeaux,33300,jade.dupont_5072@example.fr,Actif
5073,C005073,Clara,Fournier,1995-03-29,2018-09-09,Particulier,Employé,3000.33,60,A002,Bordeaux,33300,clara.fournier_5073@example.fr,Actif
5074,C005074,Emma,Mercier,1977-01-15,2021-05-12,Particulier,Retraité,2858.22,59,A010,Bayonne,64100,emma.mercier_5074@example.fr,Actif
5075,C005075,Camille,Simon,1973-03-25,2020-01-02,Professionnel,Étudiant,911.99,51,A018,Poitiers,86000,camille.simon_5075@example.fr,Actif
5076,C005076,Amélie,David,1997-12-17,2025-10-19,Particulier,Étudiant,1091.46,51,A009,Pau,64000,amelie.david_5076@example.fr,Actif
5077,C005077,Lucas,Martinez,1995-06-30,2016-04-05,Particulier,Employé,3057.05,29,A007,Arcachon,33120,lucas.martinez_5077@example.fr,Actif
5078,C005078,Jade,Bonnet,1964-02-18,2023-11-02,Particulier,Étudiant,683.51,41,A010,Bayonne,64100,jade.bonnet_5078@example.fr,Actif
5079,C005079,Gabriel,Martinez,1997-03-25,2020-04-18,Particulier,Employé,4632.95,66,A011,Biarritz,64200,gabriel.martinez_5079@example.fr,Actif
5080,C005080,Thomas,Bernard,1956-01-19,2017-09-21,Particulier,Employé,2937.92,59,A001,Bordeaux,33000,thomas.bernard_5080@example.fr,Actif
5081,C005081,Élodie,Robert,1961-05-02,2020-12-09,Particulier,Employé,951.05,67,A021,Périgueux,24000,elodie.robert_5081@example.fr,Actif
5082,C005082,Paul,Fournier,1995-03-21,2018-04-04,Particulier,Retraité,1679.34,30,A013,Orthez,64300,paul.fournier_5082@example.fr,Actif
5083,C005083,Mathis,Garcia,1975-02-20,2026-06-01,Particulier,Commerçant,2653.06,49,A023,Agen,47000,mathis.garcia_5083@example.fr,Actif
5084,C005084,Camille,David,1977-04-10,2025-05-21,Particulier,Agriculteur,2595.56,49,A024,Mont-de-Marsan,40000,camille.david_5084@example.fr,Actif
5085,C005085,Mathis,Garcia,1984-05-16,2025-04-15,Professionnel,Retraité,1775.46,49,A001,Bordeaux,33000,mathis.garcia_5085@example.fr,Actif
5086,C005086,Élodie,Roux,1968-04-13,2020-03-28,Particulier,Sans emploi,6018.19,61,A017,Niort,79000,elodie.roux_5086@example.fr,Actif
5087,C005087,Chloé,Lambert,1974-08-06,2015-02-09,Particulier,Cadre,1157.74,39,A001,Bordeaux,33000,chloe.lambert_5087@example.fr,Actif
5088,C005088,Chloé,Vincent,1950-07-19,2025-02-22,Professionnel,Employé,3984.36,61,A014,Oloron-Sainte-Marie,64400,chloe.vincent_5088@example.fr,Actif
5089,C005089,Lucas,Martinez,1966-05-05,2017-01-20,Professionnel,Employé,7074.75,33,A008,Langon,33210,lucas.martinez_5089@example.fr,Actif
5090,C005090,Inès,Morel,1953-04-19,2026-04-03,Particulier,Retraité,2520.77,72,A023,Agen,47000,ines.morel_5090@example.fr,Actif
5091,C005091,Chloé,Laurent,1984-05-04,2025-03-28,Particulier,Retraité,2895.42,43,A017,Niort,79000,chloe.laurent_5091@example.fr,Actif
5092,C005092,Sarah,Lambert,1996-03-03,2016-11-25,Particulier,Artisan,1736.82,50,A008,Langon,33210,sarah.lambert_5092@example.fr,Actif
5093,C005093,Emma,Petit,1984-07-12,2017-10-24,Particulier,Enseignant,1430.67,86,A022,Bergerac,24100,emma.petit_5093@example.fr,Actif
5094,C005094,Enzo,Legrand,1955-09-06,2016-03-30,Particulier,Étudiant,212.67,54,A003,Mérignac,33700,enzo.legrand_5094@example.fr,Inactif
5095,C005095,Zoé,Durand,1951-02-14,2020-12-27,Particulier,Étudiant,1370.89,51,A018,Poitiers,86000,zoe.durand_5095@example.fr,Actif
5096,C005096,Mathis,Bertrand,1985-05-07,2017-02-21,Association,Retraité,2265.36,72,A004,Pessac,33600,,Actif
5097,C005097,Clara,Lambert,1980-05-09,2023-09-25,Particulier,Commerçant,6318.92,33,A017,Niort,79000,clara.lambert_5097@example.fr,Inactif
5098,C005098,Sarah,Fournier,1954-10-06,2020-11-29,Particulier,Artisan,864.14,32,A007,Arcachon,33120,sarah.fournier_5098@example.fr,Actif
5099,C005099,Sarah,Lambert,1954-11-26,2015-10-17,Particulier,Employé,1164.46,51,A012,Anglet,64600,sarah.lambert_5099@example.fr,Actif
5100,C005100,Gabriel,Fournier,1955-10-10,2023-05-07,Particulier,Artisan,2074.98,46,A015,La Rochelle,17000,gabriel.fournier_5100@example.fr,Actif
5101,C005101,Inès,David,1959-03-27,2020-11-26,Particulier,Retraité,1465.42,69,A007,Arcachon,33120,ines.david_5101@example.fr,Actif
5102,C005102,Clara,Garcia,1995-02-06,2024-09-28,Professionnel,Artisan,4052.85,69,A023,Agen,47000,clara.garcia_5102@example.fr,Actif
5103,C005103,Thomas,Bernard,1950-03-21,2026-03-18,Professionnel,Étudiant,573.98,79,A003,Mérignac,33700,thomas.bernard_5103@example.fr,Actif
5104,C005104,Marie,Legrand,1986-01-30,2019-03-28,Particulier,Profession libérale,5229.52,56,A001,Bordeaux,33000,marie.legrand_5104@example.fr,Actif
5105,C005105,Manon,Bonnet,1999-02-02,2022-01-28,Particulier,Commerçant,5494.72,66,A021,Périgueux,24000,manon.bonnet_5105@example.fr,Actif
5106,C005106,Inès,Michel,1990-11-18,2019-05-02,Particulier,Artisan,0.0,93,A014,Oloron-Sainte-Marie,64400,ines.michel_5106@example.fr,Actif
5107,C005107,Amélie,Fournier,1970-12-10,2017-05-18,Particulier,Retraité,1076.09,95,A023,Agen,47000,amelie.fournier_5107@example.fr,Clos
5108,C005108,Clara,Martinez,1945-07-13,2015-12-26,Particulier,Retraité,1753.79,62,A010,Bayonne,64100,clara.martinez_5108@example.fr,Inactif
5109,C005109,Chloé,Durand,2000-02-11,2023-09-22,Particulier,Artisan,19.64,59,A015,La Rochelle,17000,chloe.durand_5109@example.fr,Actif
5110,C005110,Zoé,Girard,1980-12-26,2020-08-04,Particulier,Cadre,2572.4,57,A019,Limoges,87000,zoe.girard_5110@example.fr,Actif
5111,C005111,Zoé,Dubois,1986-11-03,2019-11-14,Particulier,Profession libérale,837.48,40,A015,La Rochelle,17000,zoe.dubois_5111@example.fr,Actif
5112,C005112,Mathis,Garcia,1980-07-13,2016-03-20,Particulier,Commerçant,2451.55,41,A014,Oloron-Sainte-Marie,64400,mathis.garcia_5112@example.fr,Actif
5113,C005113,Julien,Dupont,1968-05-15,2015-02-03,Professionnel,Agriculteur,2905.08,64,A005,Talence,33400,julien.dupont_5113@example.fr,Actif
5114,C005114,Océane,Lefebvre,1996-06-27,2018-06-24,Particulier,Technicien,1441.67,56,A011,Biarritz,64200,oceane.lefebvre_5114@example.fr,Actif
5115,C005115,Manon,Garcia,1947-02-17,2023-07-13,Professionnel,Retraité,1057.7,80,A001,Bordeaux,33000,manon.garcia_5115@example.fr,Inactif
5116,C005116,Hugo,Girard,1947-08-18,2016-10-02,Association,Commerçant,4117.25,39,A015,La Rochelle,17000,hugo.girard_5116@example.fr,Inactif
5117,C005117,Emma,Girard,2002-01-11,2019-03-24,Particulier,Agriculteur,1537.74,40,A014,Oloron-Sainte-Marie,64400,emma.girard_5117@example.fr,Actif
5118,C005118,Nathan,Martinez,1991-07-24,2018-03-12,Particulier,Enseignant,583.99,47,A019,Limoges,87000,nathan.martinez_5118@example.fr,Actif
5119,C005119,Zoé,Mercier,1989-12-15,2017-02-20,Particulier,Agriculteur,3956.53,51,A008,Langon,33210,zoe.mercier_5119@example.fr,Clos
5120,C005120,Alexandre,Vincent,1995-09-03,2020-10-29,Particulier,Employé,0.0,45,A011,Biarritz,64200,alexandre.vincent_5120@example.fr,Actif
5121,C005121,Emma,Bertrand,1980-06-28,2019-09-13,Professionnel,Technicien,6162.76,36,A019,Limoges,87000,emma.bertrand_5121@example.fr,Actif
5122,C005122,Emma,Lefebvre,2000-02-11,2017-09-17,Particulier,Agriculteur,5217.75,40,A002,Bordeaux,33300,emma.lefebvre_5122@example.fr,Actif
5123,C005123,Emma,David,1963-12-05,2021-06-15,Particulier,Étudiant,1817.55,28,A018,Poitiers,86000,emma.david_5123@example.fr,Actif
5124,C005124,Noah,Lefebvre,1988-10-26,2017-04-11,Particulier,Employé,2522.42,31,A007,Arcachon,33120,noah.lefebvre_5124@example.fr,Actif
5125,C005125,Jade,Mercier,1979-11-02,2016-04-26,Particulier,Enseignant,3466.46,51,A018,Poitiers,86000,jade.mercier_5125@example.fr,Actif
5126,C005126,Noah,André,1961-10-16,2016-04-25,Particulier,Cadre,2754.1,48,A016,Rochefort,17300,noah.andré_5126@example.fr,Actif
5127,C005127,Julien,Michel,1976-06-27,2026-05-17,Particulier,Commerçant,3017.26,49,A025,Dax,40100,julien.michel_5127@example.fr,Inactif
5128,C005128,Élodie,François,1952-09-30,2026-06-13,Particulier,Employé,1527.31,49,A001,Bordeaux,33000,elodie.françois_5128@example.fr,Actif
5129,C005129,Sarah,Vincent,1985-12-24,2016-05-11,Particulier,Enseignant,2780.29,56,A009,Pau,64000,sarah.vincent_5129@example.fr,Actif
5130,C005130,Jade,Bertrand,1968-12-20,2022-06-18,Particulier,Employé,2162.73,68,A024,Mont-de-Marsan,40000,jade.bertrand_5130@example.fr,Actif
5131,C005131,Julien,Laurent,1949-10-26,2022-01-04,Particulier,Retraité,2155.01,54,A015,La Rochelle,17000,julien.laurent_5131@example.fr,Actif
5132,C005132,Nathan,Robert,1974-06-09,2018-05-31,Particulier,Enseignant,3441.07,33,A001,Bordeaux,33000,nathan.robert_5132@example.fr,Actif
5133,C005133,Mathis,Durand,1998-06-10,2015-08-19,Particulier,Étudiant,1361.28,92,A005,Talence,33400,mathis.durand_5133@example.fr,Actif
5134,C005134,Nathan,Leroy,1962-12-11,2016-06-06,Professionnel,Cadre,1453.47,69,A001,Bordeaux,33000,nathan.leroy_5134@example.fr,Actif
5135,C005135,Léa,Thomas,1957-12-12,2021-01-19,Particulier,Employé,0.0,72,A013,Orthez,64300,lea.thomas_5135@example.fr,Clos
5136,C005136,Mathis,Lefebvre,1980-09-11,2017-06-13,Particulier,Cadre,3987.69,85,A017,Niort,79000,mathis.lefebvre_5136@example.fr,Actif
5137,C005137,Mathis,Morel,1981-11-19,2021-01-16,Association,Employé,4666.92,37,A023,Agen,47000,mathis.morel_5137@example.fr,Actif
5138,C005138,Chloé,Roux,1949-04-29,2022-02-12,Professionnel,Cadre,7678.77,95,A025,Dax,40100,chloe.roux_5138@example.fr,Actif
5139,C005139,Sarah,David,1972-11-08,2023-03-24,Particulier,Retraité,2651.79,80,A009,Pau,64000,sarah.david_5139@example.fr,Actif
5140,C005140,Amélie,Moreau,1989-03-08,2024-08-20,Particulier,Employé,6126.89,30,A023,Agen,47000,amelie.moreau_5140@example.fr,Actif
5141,C005141,Marie,Dupont,2000-08-28,2015-08-11,Particulier,Cadre,4409.43,88,A010,Bayonne,64100,marie.dupont_5141@example.fr,Actif
5142,C005142,Camille,Legrand,1965-02-13,2024-05-02,Particulier,Employé,4353.06,45,A025,Dax,40100,camille.legrand_5142@example.fr,Actif
5143,C005143,Océane,Fournier,1972-06-21,2023-08-03,Particulier,Employé,1373.96,49,A012,Anglet,64600,oceane.fournier_5143@example.fr,Inactif
5144,C005144,Alexandre,Petit,1947-07-19,2015-02-24,Particulier,Employé,3413.99,57,A014,Oloron-Sainte-Marie,64400,alexandre.petit_5144@example.fr,Clos
5145,C005145,Jade,Durand,1960-10-08,2021-12-18,Particulier,Employé,0.0,23,A020,Brive-la-Gaillarde,19100,jade.durand_5145@example.fr,Actif
5146,C005146,Enzo,Dubois,1980-11-21,2018-10-13,Particulier,Commerçant,1912.41,28,A021,Périgueux,24000,enzo.dubois_5146@example.fr,Clos
5147,C005147,Alexandre,Martinez,1981-10-15,2025-10-24,Particulier,Sans emploi,707.96,60,A019,Limoges,87000,alexandre.martinez_5147@example.fr,Actif
5148,C005148,Camille,Martin,1972-02-04,2024-08-02,Particulier,Artisan,3233.17,61,A025,Dax,40100,camille.martin_5148@example.fr,Actif
5149,C005149,Camille,Martinez,1997-08-22,2025-10-09,Particulier,Artisan,4715.79,58,A004,Pessac,33600,camille.martinez_5149@example.fr,Actif
5150,C005150,Gabriel,Garcia,1996-08-31,2024-08-17,Particulier,Technicien,2283.08,53,A001,Bordeaux,33000,gabriel.garcia_5150@example.fr,Inactif
5151,C005151,Antoine,Legrand,1973-05-03,2022-05-13,Particulier,Profession libérale,6262.61,95,A003,Mérignac,33700,antoine.legrand_5151@example.fr,Actif
5152,C005152,Antoine,Dubois,1992-09-22,2026-02-24,Particulier,Employé,3336.97,71,A025,Dax,40100,antoine.dubois_5152@example.fr,Actif
5153,C005153,Enzo,Legrand,1962-05-27,2024-07-05,Particulier,Commerçant,7130.33,37,A021,Périgueux,24000,enzo.legrand_5153@example.fr,Actif
5154,C005154,Enzo,Laurent,1997-06-25,2017-10-30,Particulier,Retraité,3261.53,63,A006,Libourne,33500,enzo.laurent_5154@example.fr,Actif
5155,C005155,Lucas,Petit,2000-02-01,2022-02-21,Particulier,Employé,3554.85,55,A014,Oloron-Sainte-Marie,64400,lucas.petit_5155@example.fr,Actif
5156,C005156,Paul,David,1949-10-05,2020-03-17,Particulier,Artisan,4202.22,53,A006,Libourne,33500,paul.david_5156@example.fr,Actif
5157,C005157,Noah,Dupont,1977-06-28,2016-03-28,Particulier,Étudiant,140.23,68,A009,Pau,64000,noah.dupont_5157@example.fr,Actif
5158,C005158,Mathis,Roux,1991-02-23,2021-03-24,Particulier,Artisan,828.2,73,A018,Poitiers,86000,mathis.roux_5158@example.fr,Actif
5159,C005159,Clara,Garcia,1950-12-29,2020-06-01,Particulier,Employé,6019.43,91,A009,Pau,64000,clara.garcia_5159@example.fr,Actif
5160,C005160,Camille,Vincent,1990-12-13,2016-08-05,Particulier,Étudiant,398.74,70,A013,Orthez,64300,camille.vincent_5160@example.fr,Actif
5161,C005161,Élodie,Roux,1991-04-13,2022-05-15,Particulier,Retraité,2898.46,58,A016,Rochefort,17300,elodie.roux_5161@example.fr,Actif
5162,C005162,Paul,Michel,1979-04-03,2020-03-08,Particulier,Artisan,3420.63,43,A009,Pau,64000,paul.michel_5162@example.fr,Actif
5163,C005163,Sarah,Roux,1966-12-31,2018-01-31,Particulier,Technicien,1010.17,73,A019,Limoges,87000,sarah.roux_5163@example.fr,Actif
5164,C005164,Marie,Robert,1949-04-09,2025-03-04,Particulier,Agriculteur,1842.9,64,A006,Libourne,33500,marie.robert_5164@example.fr,Actif
5165,C005165,Inès,André,1955-06-24,2022-04-28,Professionnel,Retraité,2200.41,65,A016,Rochefort,17300,ines.andré_5165@example.fr,Actif
5166,C005166,Sarah,Legrand,1977-11-26,2020-03-18,Particulier,Employé,1034.8,63,A013,Orthez,64300,sarah.legrand_5166@example.fr,Actif
5167,C005167,Gabriel,Bernard,1957-02-14,2023-12-05,Particulier,Employé,4247.36,45,A008,Langon,33210,gabriel.bernard_5167@example.fr,Actif
5168,C005168,Marie,Martin,1949-02-21,2017-06-23,Particulier,Artisan,1915.12,45,A002,Bordeaux,33300,marie.martin_5168@example.fr,Actif
5169,C005169,Hugo,Simon,1952-12-17,2025-04-12,Particulier,Enseignant,3308.29,38,A014,Oloron-Sainte-Marie,64400,hugo.simon_5169@example.fr,Actif
5170,C005170,Élodie,Leroy,1983-11-06,2022-12-21,Association,Employé,3992.09,72,A014,Oloron-Sainte-Marie,64400,elodie.leroy_5170@example.fr,Actif
5171,C005171,Océane,François,1953-07-15,2019-09-09,Particulier,Enseignant,1247.21,72,A019,Limoges,87000,oceane.françois_5171@example.fr,Actif
5172,C005172,Emma,Michel,1959-06-21,2021-12-19,Professionnel,Employé,4537.22,54,A003,Mérignac,33700,emma.michel_5172@example.fr,Actif
5173,C005173,Mathis,Laurent,1980-01-25,2023-06-18,Particulier,Commerçant,2382.51,82,A009,Pau,64000,mathis.laurent_5173@example.fr,Actif
5174,C005174,Léa,Dubois,1974-03-26,2023-07-05,Particulier,Cadre,268.98,69,A017,Niort,79000,lea.dubois_5174@example.fr,Actif
5175,C005175,Sarah,Bonnet,1985-12-31,2024-02-13,Particulier,Technicien,4263.83,22,A006,Libourne,33500,sarah.bonnet_5175@example.fr,Actif
5176,C005176,Marie,Morel,1947-11-13,2025-10-29,Particulier,Étudiant,1294.63,65,A023,Agen,47000,marie.morel_5176@example.fr,Actif
5177,C005177,Lucas,Durand,1993-06-02,2020-07-25,Particulier,Employé,3539.71,69,A014,Oloron-Sainte-Marie,64400,lucas.durand_5177@example.fr,Actif
5178,C005178,Inès,Vincent,1959-10-08,2022-09-25,Particulier,Artisan,1975.72,60,A022,Bergerac,24100,ines.vincent_5178@example.fr,Actif
5179,C005179,Amélie,Leroy,1992-02-23,2017-03-23,Particulier,Sans emploi,4099.97,83,A007,Arcachon,33120,amelie.leroy_5179@example.fr,Actif
5180,C005180,Julien,Roux,1949-05-08,2016-08-30,Particulier,Employé,1902.03,88,A005,Talence,33400,julien.roux_5180@example.fr,Actif
5181,C005181,Clara,Leroy,1964-02-12,2015-12-26,Particulier,Artisan,1119.1,48,A004,Pessac,33600,clara.leroy_5181@example.fr,Clos
5182,C005182,Amélie,Bertrand,1995-08-12,2023-12-24,Particulier,Enseignant,2702.91,49,A009,Pau,64000,amelie.bertrand_5182@example.fr,Actif
5183,C005183,Marie,Petit,1950-10-08,2025-04-19,Particulier,Artisan,3039.75,42,A012,Anglet,64600,marie.petit_5183@example.fr,Actif
5184,C005184,Thomas,Girard,1996-03-11,2025-11-15,Particulier,Artisan,2365.42,48,A001,Bordeaux,33000,thomas.girard_5184@example.fr,Actif
5185,C005185,Léa,Roux,1969-11-12,2024-03-15,Particulier,Employé,4032.21,30,A006,Libourne,33500,lea.roux_5185@example.fr,Actif
5186,C005186,Enzo,Michel,1988-07-13,2026-03-28,Particulier,Cadre,644.48,62,A017,Niort,79000,enzo.michel_5186@example.fr,Actif
5187,C005187,Sarah,Durand,1949-06-11,2015-12-23,Particulier,Employé,5021.32,49,A019,Limoges,87000,sarah.durand_5187@example.fr,Inactif
5188,C005188,Mathis,Martin,1964-11-06,2022-01-29,Particulier,Commerçant,1594.58,42,A023,Agen,47000,mathis.martin_5188@example.fr,Actif
5189,C005189,Thomas,Moreau,1993-12-15,2018-10-15,Professionnel,CADRE,4607.0,83,A021,Périgueux,24000,thomas.moreau_5189@example.fr,Actif
5190,C005190,Hugo,Lambert,1984-03-29,2021-11-04,Particulier,Artisan,4985.07,40,A024,Mont-de-Marsan,40000,hugo.lambert_5190@example.fr,Actif
5191,C005191,Jade,André,1992-07-21,2023-03-20,Particulier,Retraité,3050.38,49,A010,Bayonne,64100,jade.andré_5191@example.fr,Actif
5192,C005192,Antoine,Bernard,1960-07-16,2020-10-09,Particulier,Artisan,3284.24,57,A005,Talence,33400,antoine.bernard_5192@example.fr,Actif
5193,C005193,Gabriel,Morel,1987-03-22,2020-05-02,Particulier,Étudiant,547.92,35,A015,La Rochelle,17000,gabriel.morel_5193@example.fr,Clos
5194,C005194,Inès,Fournier,1946-04-11,2018-06-05,Particulier,Artisan,2014.88,43,A017,Niort,79000,ines.fournier_5194@example.fr,Actif
5195,C005195,Mathis,Thomas,1945-05-04,2019-01-26,Particulier,Retraité,1572.72,67,A001,Bordeaux,33000,mathis.thomas_5195@example.fr,Inactif
5196,C005196,Élodie,Mercier,1973-06-06,2024-05-09,Particulier,Étudiant,286.19,22,A008,Langon,33210,elodie.mercier_5196@example.fr,Actif
5197,C005197,Lucas,David,1991-07-16,2020-09-05,Particulier,Cadre,3475.28,63,A011,Biarritz,64200,lucas.david_5197@example.fr,Actif
5198,C005198,Amélie,Moreau,1946-02-26,2022-05-03,Particulier,Enseignant,2424.2,50,A020,Brive-la-Gaillarde,19100,amelie.moreau_5198@example.fr,Inactif
5199,C005199,Julien,Bernard,2004-01-02,2024-12-05,Particulier,Cadre,2125.43,23,A009,Pau,64000,julien.bernard_5199@example.fr,Actif
5200,C005200,Mathis,Bernard,1989-06-01,2015-11-17,Particulier,Employé,3688.42,63,A005,Talence,33400,mathis.bernard_5200@example.fr,Actif
5201,C005201,Élodie,Garcia,1987-06-27,2019-07-22,Particulier,Commerçant,3122.54,46,A017,Niort,79000,elodie.garcia_5201@example.fr,Actif
5202,C005202,Chloé,Girard,2000-05-16,2022-04-29,Professionnel,Retraité,2643.04,62,A004,Pessac,33600,chloe.girard_5202@example.fr,Actif
5203,C005203,Enzo,Martinez,1998-06-23,2021-09-22,Particulier,Technicien,5555.66,27,A001,Bordeaux,33000,enzo.martinez_5203@example.fr,Actif
5204,C005204,Clara,Durand,1998-09-22,2018-06-14,Particulier,Employé,4224.83,71,A005,Talence,33400,clara.durand_5204@example.fr,Actif
5205,C005205,Jade,Roux,1955-04-27,2021-12-07,Particulier,Enseignant,4039.68,32,A018,Poitiers,86000,jade.roux_5205@example.fr,Actif
5206,C005206,Emma,Petit,1985-06-19,2022-12-02,Professionnel,Employé,5254.83,35,A024,Mont-de-Marsan,40000,emma.petit_5206@example.fr,Actif
5207,C005207,Lucas,Richard,1965-11-13,2019-03-23,Particulier,Profession libérale,6453.52,64,A008,Langon,33210,lucas.richard_5207@example.fr,Actif
5208,C005208,Léa,François,1957-08-16,2019-06-03,Particulier,Technicien,2117.97,61,A021,Périgueux,24000,lea.françois_5208@example.fr,Actif
5209,C005209,Élodie,Fournier,2002-02-05,2018-12-26,Professionnel,Retraité,1964.51,45,A012,Anglet,64600,elodie.fournier_5209@example.fr,Actif
5210,C005210,Lucas,Simon,1978-04-10,2016-03-26,Professionnel,Technicien,5215.87,48,A007,Arcachon,33120,lucas.simon_5210@example.fr,Actif
5211,C005211,Océane,Vincent,1945-06-29,2023-01-12,Particulier,Étudiant,748.19,50,A025,Dax,40100,oceane.vincent_5211@example.fr,Actif
5212,C005212,Élodie,Girard,1969-01-09,2025-04-23,Particulier,Retraité,2278.75,37,A015,La Rochelle,17000,elodie.girard_5212@example.fr,Actif
5213,C005213,Zoé,Robert,2000-06-14,2020-01-31,Particulier,Employé,3294.83,36,A016,Rochefort,17300,zoe.robert_5213@example.fr,Actif
5214,C005214,Gabriel,Roux,1947-08-09,2015-11-08,Particulier,Profession libérale,3800.51,40,A012,Anglet,64600,gabriel.roux_5214@example.fr,Actif
5215,C005215,Enzo,Lambert,1964-01-28,2019-08-27,Particulier,Commerçant,1310.26,67,A023,Agen,47000,enzo.lambert_5215@example.fr,Actif
5216,C005216,Jade,Bernard,1967-03-17,2017-09-26,Particulier,Employé,1138.35,68,A009,Pau,64000,jade.bernard_5216@example.fr,Actif
5217,C005217,Manon,Martin,1953-07-14,2019-09-27,Particulier,Profession libérale,631.93,47,A017,Niort,79000,manon.martin_5217@example.fr,Actif
5218,C005218,Marie,André,2004-05-06,2022-07-28,Particulier,Étudiant,1099.04,84,A017,Niort,79000,marie.andré_5218@example.fr,Actif
5219,C005219,Lucas,Durand,1955-04-03,2024-12-13,Particulier,Technicien,2549.59,43,A006,Libourne,33500,lucas.durand_5219@example.fr,Actif
5220,C005220,Élodie,André,1953-05-15,2023-05-28,Particulier,Agriculteur,1621.37,46,A025,Dax,40100,elodie.andré_5220@example.fr,Actif
5221,C005221,Sarah,Martin,1970-02-17,2021-10-29,Particulier,Employé,5999.54,48,A002,Bordeaux,33300,sarah.martin_5221@example.fr,Actif
5222,C005222,Lucas,Lambert,1985-07-23,2016-08-31,Particulier,Enseignant,4759.49,77,A016,Rochefort,17300,lucas.lambert_5222@example.fr,Actif
5223,C005223,Camille,Lefebvre,1962-02-24,2015-01-24,Particulier,Cadre,3766.48,80,A010,Bayonne,64100,camille.lefebvre_5223@example.fr,Actif
5224,C005224,Thomas,David,1973-10-17,2021-05-04,Professionnel,Agriculteur,4003.96,65,A008,Langon,33210,thomas.david_5224@example.fr,Actif
5225,C005225,Mathis,Martin,1994-07-15,2018-01-05,Particulier,Étudiant,1371.77,81,A012,Anglet,64600,mathis.martin_5225@example.fr,Actif
5226,C005226,Thomas,Vincent,1998-03-13,2015-12-10,Particulier,Profession libérale,4112.14,51,A010,Bayonne,64100,thomas.vincent_5226@example.fr,Actif
5227,C005227,Clara,Morel,1988-10-10,2023-05-28,Professionnel,Employé,5183.69,44,A005,Talence,33400,clara.morel_5227@example.fr,Actif
5228,C005228,Chloé,Roux,1980-06-26,2019-02-24,Professionnel,Retraité,1057.42,39,A004,Pessac,33600,chloe.roux_5228@example.fr,Actif
5229,C005229,Sarah,Richard,1967-05-03,2021-05-26,Particulier,Employé,2013.4,55,A022,Bergerac,24100,sarah.richard_5229@example.fr,Actif
5230,C005230,Chloé,Girard,1952-06-14,2021-01-06,Professionnel,Technicien,9425.4,73,A019,Limoges,87000,chloe.girard_5230@example.fr,Actif
5231,C005231,Sarah,Michel,1962-02-05,2023-04-15,Particulier,Cadre,3097.88,40,A009,Pau,64000,sarah.michel_5231@example.fr,Actif
5232,C005232,Élodie,Lefebvre,2004-05-07,2021-04-13,Particulier,Agriculteur,3182.49,68,A001,Bordeaux,33000,elodie.lefebvre_5232@example.fr,Actif
5233,C005233,Antoine,Robert,1999-02-24,2024-07-22,Professionnel,Enseignant,6009.56,78,A005,Talence,33400,antoine.robert_5233@example.fr,Actif
5234,C005234,Océane,Martinez,1973-04-03,2016-06-23,Particulier,Employé,2563.66,34,A025,Dax,40100,oceane.martinez_5234@example.fr,Actif
5235,C005235,Zoé,Bernard,1955-10-10,2023-07-16,Professionnel,Enseignant,5761.91,45,A011,Biarritz,64200,zoe.bernard_5235@example.fr,Actif
5236,C005236,Amélie,Vincent,1952-01-30,2016-09-05,Professionnel,Cadre,5575.3,43,A009,Pau,64000,amelie.vincent_5236@example.fr,Actif
5237,C005237,Enzo,Vincent,1954-07-10,2021-09-03,Particulier,Commerçant,3361.48,41,A015,La Rochelle,17000,enzo.vincent_5237@example.fr,Actif
5238,C005238,Léa,Thomas,1947-11-07,2016-01-02,Particulier,Cadre,2111.37,46,A009,Pau,64000,lea.thomas_5238@example.fr,Actif
5239,C005239,Amélie,Robert,1976-01-13,2018-12-17,Particulier,Employé,1839.53,45,A024,Mont-de-Marsan,40000,amelie.robert_5239@example.fr,Actif
5240,C005240,Nathan,Mercier,2002-04-19,2023-07-22,Particulier,Retraité,3006.25,78,A011,Biarritz,64200,nathan.mercier_5240@example.fr,Inactif
5241,C005241,Chloé,Morel,1953-12-04,2019-12-09,Particulier,Enseignant,3049.86,34,A012,Anglet,64600,chloe.morel_5241@example.fr,Actif
5242,C005242,Camille,Girard,1947-07-20,2024-11-14,Particulier,Employé,2644.04,11,A012,Anglet,64600,camille.girard_5242@example.fr,Inactif
5243,C005243,Clara,Bertrand,1945-04-12,2025-01-12,Particulier,Agriculteur,3039.08,80,A017,Niort,79000,clara.bertrand_5243@example.fr,Actif
5244,C005244,Emma,Bonnet,1982-01-23,2023-02-14,Particulier,TECHNICIEN,3381.89,61,A024,Mont-de-Marsan,40000,emma.bonnet_5244@example.fr,Clos
5245,C005245,Élodie,Lambert,1970-08-17,2019-03-09,Particulier,Profession libérale,3579.86,46,A013,Orthez,64300,elodie.lambert_5245@example.fr,Actif
5246,C005246,Hugo,Mercier,1952-03-03,2019-03-05,Particulier,Employé,1521.54,74,A020,Brive-la-Gaillarde,19100,hugo.mercier_5246@example.fr,Actif
5247,C005247,Enzo,Robert,1960-09-06,2021-05-13,Particulier,Cadre,4341.24,58,A015,La Rochelle,17000,enzo.robert_5247@example.fr,Actif
5248,C005248,Clara,Lefebvre,1949-05-04,2015-02-07,Particulier,Enseignant,3099.03,58,A024,Mont-de-Marsan,40000,clara.lefebvre_5248@example.fr,Actif
5249,C005249,Noah,Martin,1997-01-16,2023-10-09,Particulier,Cadre,0.0,41,A016,Rochefort,17300,noah.martin_5249@example.fr,Actif
5250,C005250,Antoine,Moreau,1970-01-04,2020-07-22,Professionnel,Technicien,1941.51,10,A011,Biarritz,64200,antoine.moreau_5250@example.fr,Actif
5251,C005251,Thomas,François,1954-10-25,2020-02-05,Particulier,Employé,5562.75,60,A007,Arcachon,33120,thomas.françois_5251@example.fr,Actif
5252,C005252,Antoine,Lefebvre,1991-11-29,2024-05-04,Professionnel,Technicien,4571.12,73,A010,Bayonne,64100,antoine.lefebvre_5252@example.fr,Actif
5253,C005253,Antoine,Dubois,1966-05-17,2018-12-12,Particulier,Commerçant,3343.31,69,A007,Arcachon,33120,antoine.dubois_5253@example.fr,Actif
5254,C005254,Mathis,Lefebvre,1981-09-18,2025-05-21,Particulier,Cadre,6239.62,57,A023,Agen,47000,mathis.lefebvre_5254@example.fr,Actif
5255,C005255,Antoine,Bonnet,1962-09-07,2017-04-01,Particulier,Enseignant,2361.18,81,A011,Biarritz,64200,antoine.bonnet_5255@example.fr,Actif
5256,C005256,Camille,Martinez,1956-01-13,2019-04-06,Particulier,Cadre,2686.33,53,A017,Niort,79000,camille.martinez_5256@example.fr,Inactif
5257,C005257,Paul,Legrand,1965-08-21,2022-12-11,Particulier,Technicien,6821.3,49,A017,Niort,79000,paul.legrand_5257@example.fr,Actif
5258,C005258,Lucas,Lefebvre,1983-05-08,2018-03-24,Particulier,Enseignant,3391.71,69,A005,Talence,33400,lucas.lefebvre_5258@example.fr,Actif
5259,C005259,Julien,Dupont,1990-11-12,2025-08-25,Professionnel,Employé,3945.93,68,A007,Arcachon,33120,julien.dupont_5259@example.fr,Actif
5260,C005260,Lucas,Garcia,1995-06-07,2020-02-06,Professionnel,Étudiant,1196.96,56,A017,Niort,79000,lucas.garcia_5260@example.fr,Actif
5261,C005261,Hugo,Simon,1949-06-27,2021-09-30,Particulier,Employé,3620.32,95,A010,Bayonne,64100,hugo.simon_5261@example.fr,Actif
5262,C005262,Clara,Laurent,1983-12-18,2016-04-20,Particulier,Employé,2500.68,61,A008,Langon,33210,clara.laurent_5262@example.fr,Actif
5263,C005263,Chloé,Moreau,1995-07-27,2021-11-28,Particulier,Employé,2914.42,49,A009,Pau,64000,chloe.moreau_5263@example.fr,Actif
5264,C005264,Antoine,Petit,1950-05-25,2023-03-19,Particulier,Étudiant,719.86,38,A024,Mont-de-Marsan,40000,antoine.petit_5264@example.fr,Actif
5265,C005265,Lucas,Michel,1989-05-28,2020-12-19,Particulier,Retraité,2468.94,49,A020,Brive-la-Gaillarde,19100,lucas.michel_5265@example.fr,Actif
5266,C005266,Gabriel,Dupont,1948-06-29,2019-11-04,Particulier,Artisan,3488.28,53,A007,Arcachon,33120,gabriel.dupont_5266@example.fr,Actif
5267,C005267,Sarah,François,1983-02-01,2018-04-06,Particulier,Cadre,1701.43,50,A004,Pessac,33600,sarah.françois_5267@example.fr,Actif
5268,C005268,Lucas,François,1991-08-15,2023-07-24,Particulier,Sans emploi,2988.46,78,A006,Libourne,33500,lucas.françois_5268@example.fr,Actif
5269,C005269,Thomas,André,1972-06-23,2021-12-13,Particulier,Technicien,3675.04,65,A018,Poitiers,86000,thomas.andré_5269@example.fr,Actif
5270,C005270,Jade,Girard,1954-06-30,2025-01-03,Particulier,Employé,3321.99,39,A008,Langon,33210,jade.girard_5270@example.fr,Actif
5271,C005271,Alexandre,Robert,1989-03-14,2017-12-21,Particulier,Commerçant,2123.54,65,A009,Pau,64000,alexandre.robert_5271@example.fr,Actif
5272,C005272,Lucas,Dupont,1977-02-05,2021-02-12,Professionnel,Technicien,4288.88,72,A006,Libourne,33500,lucas.dupont_5272@example.fr,Actif
5273,C005273,Paul,Bonnet,1995-08-01,2015-01-27,Particulier,Technicien,3060.73,49,A021,Périgueux,24000,paul.bonnet_5273@example.fr,Actif
5274,C005274,Enzo,Bertrand,2004-11-16,2020-11-30,Particulier,Cadre,2973.13,68,A002,Bordeaux,33300,enzo.bertrand_5274@example.fr,Actif
5275,C005275,Jade,Laurent,1978-05-23,2023-04-18,Particulier,Cadre,1321.61,55,A022,Bergerac,24100,jade.laurent_5275@example.fr,Actif
5276,C005276,Manon,Laurent,1984-12-13,2020-09-17,Professionnel,Employé,4521.11,91,A022,Bergerac,24100,manon.laurent_5276@example.fr,Actif
5277,C005277,Camille,Mercier,1984-11-20,2025-03-17,Particulier,Étudiant,1491.33,79,A011,Biarritz,64200,camille.mercier_5277@example.fr,Actif
5278,C005278,Chloé,Bertrand,1977-11-12,2025-10-09,Professionnel,Employé,2708.2,40,A009,Pau,64000,chloe.bertrand_5278@example.fr,Actif
5279,C005279,Chloé,Garcia,1989-12-29,2022-04-10,Professionnel,Étudiant,594.02,73,A022,Bergerac,24100,chloe.garcia_5279@example.fr,Inactif
5280,C005280,Lucas,David,1982-08-21,2017-01-07,Professionnel,Employé,11419.47,66,A010,Bayonne,64100,lucas.david_5280@example.fr,Actif
5281,C005281,Chloé,Durand,2001-06-20,2018-05-18,Particulier,Employé,2206.32,45,A019,Limoges,87000,chloe.durand_5281@example.fr,Inactif
5282,C005282,Marie,Bernard,2003-01-29,2019-07-14,Particulier,Étudiant,1207.68,57,A011,Biarritz,64200,marie.bernard_5282@example.fr,Actif
5283,C005283,Zoé,Leroy,1981-09-17,2022-11-10,Particulier,Employé,2201.47,60,A005,Talence,33400,zoe.leroy_5283@example.fr,Actif
5284,C005284,Alexandre,Mercier,1973-02-28,2017-10-09,Particulier,Profession libérale,5792.1,83,A010,Bayonne,64100,alexandre.mercier_5284@example.fr,Actif
5285,C005285,Gabriel,Lambert,1960-05-11,2018-08-09,Particulier,Commerçant,1093.49,64,A013,Orthez,64300,gabriel.lambert_5285@example.fr,Actif
5286,C005286,Thomas,Morel,1950-06-24,2025-06-02,Professionnel,Artisan,3209.82,77,A001,Bordeaux,33000,thomas.morel_5286@example.fr,Inactif
5287,C005287,Hugo,Bernard,1999-01-02,2020-01-10,Particulier,Employé,5791.85,46,A024,Mont-de-Marsan,40000,hugo.bernard_5287@example.fr,Actif
5288,C005288,Zoé,Morel,1991-12-31,2019-02-03,Particulier,Agriculteur,2912.12,72,A019,Limoges,87000,zoe.morel_5288@example.fr,Actif
5289,C005289,Gabriel,Girard,1951-09-04,2025-06-09,Particulier,Enseignant,576.15,55,A011,Biarritz,64200,gabriel.girard_5289@example.fr,Actif
5290,C005290,Mathis,Girard,1954-12-23,2019-01-25,Particulier,Employé,3415.75,51,A007,Arcachon,33120,mathis.girard_5290@example.fr,Actif
5291,C005291,Camille,Michel,1964-05-30,2023-04-09,Particulier,Technicien,3466.28,52,A012,Anglet,64600,camille.michel_5291@example.fr,Actif
5292,C005292,Gabriel,Robert,1957-02-14,2016-02-24,Professionnel,Agriculteur,3114.31,51,A001,Bordeaux,33000,gabriel.robert_5292@example.fr,Actif
5293,C005293,Nathan,Robert,1975-05-12,2024-04-25,Particulier,Cadre,4325.24,56,A015,La Rochelle,17000,nathan.robert_5293@example.fr,Actif
5294,C005294,Enzo,François,1989-07-17,2019-03-08,Particulier,Étudiant,415.71,32,A003,Mérignac,33700,enzo.françois_5294@example.fr,Actif
5295,C005295,Nathan,Simon,1962-08-15,2015-05-29,Particulier,Cadre,4314.17,37,A022,Bergerac,24100,nathan.simon_5295@example.fr,Actif
5296,C005296,Enzo,Fournier,1958-02-08,2023-03-18,Particulier,Employé,2647.19,57,A014,Oloron-Sainte-Marie,64400,enzo.fournier_5296@example.fr,Actif
5297,C005297,Mathis,Bernard,1954-07-27,2022-02-11,Particulier,Retraité,1333.99,49,A014,Oloron-Sainte-Marie,64400,mathis.bernard_5297@example.fr,Actif
5298,C005298,Chloé,Dubois,1956-06-23,2026-05-22,Professionnel,Cadre,7521.57,49,A012,Anglet,64600,chloe.dubois_5298@example.fr,Actif
5299,C005299,Élodie,Martinez,1972-05-01,2016-08-11,Particulier,Employé,779.2,81,A021,Périgueux,24000,elodie.martinez_5299@example.fr,Actif
5300,C005300,Zoé,Martinez,1954-12-21,2022-01-13,Particulier,Employé,3043.22,62,A016,Rochefort,17300,zoe.martinez_5300@example.fr,Actif
5301,C005301,Enzo,Roux,1957-02-14,2025-08-15,Particulier,Employé,642.74,57,A020,Brive-la-Gaillarde,19100,enzo.roux_5301@example.fr,Actif
5302,C005302,Élodie,David,1957-01-30,2025-04-13,Particulier,Technicien,506.78,42,A018,Poitiers,86000,elodie.david_5302@example.fr,Actif
5303,C005303,Enzo,Dupont,1949-11-25,2020-03-10,Particulier,Étudiant,0.0,42,A018,Poitiers,86000,enzo.dupont_5303@example.fr,Actif
5304,C005304,Emma,Martin,1955-01-08,2019-03-13,Particulier,Retraité,2466.48,46,A019,Limoges,87000,emma.martin_5304@example.fr,Actif
5305,C005305,Antoine,Vincent,1986-09-24,2023-06-28,Particulier,Cadre,2844.65,95,A011,Biarritz,64200,antoine.vincent_5305@example.fr,Actif
5306,C005306,Hugo,Laurent,1986-04-17,2024-12-14,Particulier,Enseignant,5779.55,22,A025,Dax,40100,hugo.laurent_5306@example.fr,Actif
5307,C005307,Thomas,Michel,1997-11-13,2023-08-17,Particulier,Retraité,900.0,35,A013,Orthez,64300,thomas.michel_5307@example.fr,Actif
5308,C005308,Sarah,Richard,1991-03-08,2017-01-21,Professionnel,Employé,5921.98,77,A003,Mérignac,33700,sarah.richard_5308@example.fr,Actif
5309,C005309,Gabriel,Bertrand,1949-02-04,2026-05-01,Particulier,Étudiant,703.33,51,A025,Dax,40100,gabriel.bertrand_5309@example.fr,Actif
5310,C005310,Manon,Dubois,1960-03-23,2017-08-13,Particulier,Cadre,4226.67,62,A006,Libourne,33500,manon.dubois_5310@example.fr,Actif
5311,C005311,Mathis,Petit,1983-05-19,2020-03-28,Particulier,Employé,867.81,64,A002,Bordeaux,33300,mathis.petit_5311@example.fr,Actif
5312,C005312,Marie,Leroy,1995-07-04,2023-05-02,Particulier,Cadre,5848.8,31,A010,Bayonne,64100,marie.leroy_5312@example.fr,Actif
5313,C005313,Paul,Roux,1994-11-05,2022-03-09,Particulier,Technicien,2378.26,68,A024,Mont-de-Marsan,40000,paul.roux_5313@example.fr,Actif
5314,C005314,Zoé,Petit,1986-05-01,2015-04-08,Professionnel,Technicien,5601.64,56,A021,Périgueux,24000,zoe.petit_5314@example.fr,Actif
5315,C005315,Sarah,Girard,1988-07-07,2021-11-30,Association,Profession libérale,5809.21,51,A003,Mérignac,33700,sarah.girard_5315@example.fr,Actif
5316,C005316,Emma,Bertrand,2003-04-29,2026-03-21,Particulier,Employé,-0.0,62,A009,Pau,64000,emma.bertrand_5316@example.fr,Actif
5317,C005317,Élodie,Michel,1988-10-12,2020-10-09,Particulier,Retraité,1934.8,37,A003,Mérignac,33700,elodie.michel_5317@example.fr,Actif
5318,C005318,Léa,Martin,1989-10-25,2020-05-07,Professionnel,Technicien,8002.23,63,A004,Pessac,33600,lea.martin_5318@example.fr,Actif
5319,C005319,Thomas,Bonnet,1978-08-05,2019-09-15,Particulier,Employé,3617.68,20,A011,Biarritz,64200,thomas.bonnet_5319@example.fr,Actif
5320,C005320,Marie,Martinez,1981-12-25,2015-12-04,Particulier,Employé,1830.94,52,A021,Périgueux,24000,marie.martinez_5320@example.fr,Inactif
5321,C005321,Lucas,Legrand,2002-09-27,2019-10-24,Particulier,Employé,3984.94,76,A021,Périgueux,24000,lucas.legrand_5321@example.fr,Actif
5322,C005322,Noah,Fournier,1968-01-04,2017-10-04,Particulier,Sans emploi,5700.14,49,A014,Oloron-Sainte-Marie,64400,noah.fournier_5322@example.fr,Inactif
5323,C005323,Mathis,Dubois,1956-01-23,2020-10-13,Professionnel,Cadre,5173.16,47,A004,Pessac,33600,mathis.dubois_5323@example.fr,Actif
5324,C005324,Amélie,Dubois,1945-02-10,2022-07-11,Particulier,Profession libérale,4637.57,53,A019,Limoges,87000,amelie.dubois_5324@example.fr,Actif
5325,C005325,Antoine,Lefebvre,1969-05-10,2025-04-18,Particulier,Cadre,1290.44,47,A024,Mont-de-Marsan,40000,antoine.lefebvre_5325@example.fr,Actif
5326,C005326,Amélie,Robert,1956-02-07,2022-05-14,Particulier,Cadre,4513.99,33,A021,Périgueux,24000,amelie.robert_5326@example.fr,Actif
5327,C005327,Manon,François,1955-04-21,2021-11-17,Association,Retraité,2022.5,25,A011,Biarritz,64200,manon.françois_5327@example.fr,Actif
5328,C005328,Gabriel,Bertrand,1970-04-19,2018-04-05,Particulier,Profession libérale,0.0,67,A020,Brive-la-Gaillarde,19100,gabriel.bertrand_5328@example.fr,Clos
5329,C005329,Nathan,François,1970-08-07,2021-02-28,Particulier,Employé,3144.6,95,A010,Bayonne,64100,nathan.françois_5329@example.fr,Actif
5330,C005330,Alexandre,Martinez,1976-12-21,2021-01-30,Particulier,Cadre,3658.96,38,A008,Langon,33210,alexandre.martinez_5330@example.fr,Actif
5331,C005331,Amélie,Girard,1969-07-09,2019-04-27,Professionnel,Technicien,4916.21,83,A002,Bordeaux,33300,amelie.girard_5331@example.fr,Actif
5332,C005332,Hugo,Durand,1981-08-20,2023-11-09,Particulier,Technicien,1209.64,61,A012,Anglet,64600,hugo.durand_5332@example.fr,Actif
5333,C005333,Lucas,Durand,1982-12-17,2025-08-31,Particulier,Retraité,929.39,29,A017,Niort,79000,lucas.durand_5333@example.fr,Actif
5334,C005334,Chloé,Martin,2002-11-16,2019-02-20,Particulier,Retraité,1640.59,48,A009,Pau,64000,chloe.martin_5334@example.fr,Actif
5335,C005335,Emma,Morel,1948-08-13,2021-03-01,Particulier,Profession libérale,-2422.18,78,A020,Brive-la-Gaillarde,19100,emma.morel_5335@example.fr,Actif
5336,C005336,Paul,François,1992-12-28,2022-12-21,Particulier,Commerçant,5061.5,31,A023,Agen,47000,paul.françois_5336@example.fr,Actif
5337,C005337,Noah,Michel,2001-10-20,2017-02-01,Particulier,Artisan,1958.51,72,A020,Brive-la-Gaillarde,19100,noah.michel_5337@example.fr,Actif
5338,C005338,Océane,François,1973-07-15,2023-02-19,Particulier,Employé,242.92,46,A014,Oloron-Sainte-Marie,64400,oceane.françois_5338@example.fr,Actif
5339,C005339,Élodie,Bertrand,1946-01-03,2020-07-22,Particulier,Retraité,2719.21,45,A016,Rochefort,17300,elodie.bertrand_5339@example.fr,Inactif
5340,C005340,Antoine,François,1955-12-22,2019-12-04,Particulier,Cadre,944.58,77,A009,Pau,64000,antoine.françois_5340@example.fr,Actif
5341,C005341,Julien,Garcia,1946-11-24,2019-10-02,Particulier,Cadre,4121.64,83,A017,Niort,79000,julien.garcia_5341@example.fr,Actif
5342,C005342,Hugo,Richard,1976-05-29,2025-06-22,Particulier,Artisan,1428.02,70,A016,Rochefort,17300,hugo.richard_5342@example.fr,Actif
5343,C005343,Chloé,Mercier,1964-05-04,2026-03-06,Particulier,Sans emploi,5799.17,15,A009,Pau,64000,chloe.mercier_5343@example.fr,Actif
5344,C005344,Océane,David,1946-03-29,2015-08-20,Particulier,Enseignant,644.78,89,A016,Rochefort,17300,oceane.david_5344@example.fr,Actif
5345,C005345,Alexandre,Dupont,1996-07-22,2016-07-26,Particulier,Employé,4355.77,54,A022,Bergerac,24100,alexandre.dupont_5345@example.fr,Actif
5346,C005346,Sarah,Legrand,1971-11-02,2020-04-27,Particulier,Employé,2981.86,59,A002,Bordeaux,33300,sarah.legrand_5346@example.fr,Actif
5347,C005347,Paul,François,1968-02-27,2016-07-21,Particulier,Commerçant,2318.46,59,A016,Rochefort,17300,paul.françois_5347@example.fr,Actif
5348,C005348,Marie,Petit,1948-12-30,2016-08-01,Professionnel,Agriculteur,6320.89,66,A020,Brive-la-Gaillarde,19100,marie.petit_5348@example.fr,Actif
5349,C005349,Élodie,Robert,1954-08-21,2021-01-30,professionnel,Retraité,1767.78,74,A021,Périgueux,24000,elodie.robert_5349@example.fr,Actif
5350,C005350,Sarah,Fournier,2004-10-28,2016-02-03,Particulier,Cadre,1575.64,76,A022,Bergerac,24100,sarah.fournier_5350@example.fr,Actif
5351,C005351,Alexandre,Mercier,1982-12-31,2022-09-23,Particulier,Cadre,8322.0,43,A024,Mont-de-Marsan,40000,alexandre.mercier_5351@example.fr,Actif
5352,C005352,Chloé,Michel,2001-11-01,2026-06-05,Particulier,Employé,2500.33,71,A020,Brive-la-Gaillarde,19100,chloe.michel_5352@example.fr,Actif
5353,C005353,Nathan,Girard,1976-12-07,2017-02-06,Particulier,Retraité,1664.93,72,A005,Talence,33400,nathan.girard_5353@example.fr,Actif
5354,C005354,Mathis,Fournier,1945-12-26,2018-03-22,Particulier,Cadre,0.0,50,A020,Brive-la-Gaillarde,19100,mathis.fournier_5354@example.fr,Actif
5355,C005355,Lucas,Lambert,1985-09-04,2018-08-06,Particulier,Commerçant,2976.18,81,A018,Poitiers,86000,lucas.lambert_5355@example.fr,Actif
5356,C005356,Antoine,Martin,2000-08-18,2021-10-11,Particulier,Cadre,2434.26,86,A019,Limoges,87000,antoine.martin_5356@example.fr,Actif
5357,C005357,Gabriel,Simon,1984-10-25,2020-06-03,Professionnel,Employé,4377.89,66,A023,Agen,47000,gabriel.simon_5357@example.fr,Actif
5358,C005358,Nathan,Roux,1996-07-14,2016-01-15,Particulier,Employé,2163.05,40,A002,Bordeaux,33300,nathan.roux_5358@example.fr,Actif
5359,C005359,Élodie,Girard,1971-08-01,2022-01-04,Professionnel,Technicien,5059.31,46,A017,Niort,79000,elodie.girard_5359@example.fr,Actif
5360,C005360,Clara,Lambert,1973-04-12,2023-12-15,Professionnel,Technicien,6952.26,77,A021,Périgueux,24000,clara.lambert_5360@example.fr,Inactif
5361,C005361,Marie,Legrand,1973-07-19,2023-12-30,Particulier,Employé,942.31,67,A007,Arcachon,33120,marie.legrand_5361@example.fr,Actif
5362,C005362,Alexandre,Mercier,1988-03-01,2018-04-04,Particulier,Employé,2644.09,37,A014,Oloron-Sainte-Marie,64400,alexandre.mercier_5362@example.fr,Actif
5363,C005363,Clara,André,2000-06-23,2022-12-29,Particulier,Employé,1735.44,63,A025,Dax,40100,clara.andré_5363@example.fr,Actif
5364,C005364,Camille,Leroy,1949-09-11,2015-02-08,Particulier,Agriculteur,2774.23,82,A013,Orthez,64300,camille.leroy_5364@example.fr,Inactif
5365,C005365,Sarah,Mercier,1956-11-03,2022-07-22,Particulier,Cadre,1466.89,38,A013,Orthez,64300,sarah.mercier_5365@example.fr,Actif
5366,C005366,Chloé,Petit,1995-05-03,2017-03-24,Particulier,Employé,1909.6,18,A020,Brive-la-Gaillarde,19100,chloe.petit_5366@example.fr,Actif
5367,C005367,Jade,Dupont,1996-09-29,2021-06-18,Particulier,Technicien,3745.86,59,A016,Rochefort,17300,jade.dupont_5367@example.fr,Actif
5368,C005368,Julien,André,2002-03-14,2023-07-26,Particulier,Retraité,900.0,80,A012,Anglet,64600,julien.andré_5368@example.fr,Actif
5369,C005369,Camille,Roux,1980-07-04,2021-03-24,Professionnel,Technicien,2999.84,30,A025,Dax,40100,camille.roux_5369@example.fr,Actif
5370,C005370,Emma,Robert,1946-08-21,2021-12-01,Particulier,Agriculteur,4268.1,81,A017,Niort,79000,emma.robert_5370@example.fr,Actif
5371,C005371,Hugo,Petit,1995-05-15,2016-04-25,Particulier,Employé,3192.69,85,A024,Mont-de-Marsan,40000,hugo.petit_5371@example.fr,Actif
5372,C005372,Paul,Bertrand,1976-01-10,2017-06-19,Particulier,Employé,3076.13,47,A012,Anglet,64600,paul.bertrand_5372@example.fr,Actif
5373,C005373,Lucas,David,1971-07-30,2024-04-03,Particulier,Cadre,1020.34,68,A009,Pau,64000,lucas.david_5373@example.fr,Inactif
5374,C005374,Élodie,Martin,1988-05-03,2016-04-18,Particulier,Enseignant,5520.79,48,A011,Biarritz,64200,elodie.martin_5374@example.fr,Actif
5375,C005375,Gabriel,Durand,1948-12-20,2016-06-02,Particulier,Étudiant,444.7,36,A015,La Rochelle,17000,gabriel.durand_5375@example.fr,Actif
5376,C005376,Manon,Dupont,1961-03-11,2015-02-28,Particulier,Enseignant,3143.2,7,A012,Anglet,64600,manon.dupont_5376@example.fr,Actif
5377,C005377,Emma,Bonnet,1972-12-28,2016-01-09,Professionnel,Commerçant,2861.96,72,A004,Pessac,33600,emma.bonnet_5377@example.fr,Actif
5378,C005378,Noah,Martinez,1973-06-04,2023-12-17,Professionnel,Retraité,2648.7,59,A017,Niort,79000,noah.martinez_5378@example.fr,Actif
5379,C005379,Sarah,Girard,1957-02-18,2023-01-01,Particulier,Employé,2133.38,52,A005,Talence,33400,sarah.girard_5379@example.fr,Actif
5380,C005380,Julien,Garcia,1962-07-16,2024-09-30,Particulier,Retraité,900.0,49,A023,Agen,47000,julien.garcia_5380@example.fr,Actif
5381,C005381,Inès,André,1964-09-22,2025-08-25,particulier,Retraité,2437.67,28,A023,Agen,47000,ines.andré_5381@example.fr,Actif
5382,C005382,Mathis,Mercier,1976-04-21,2018-09-29,Particulier,Employé,1215.97,76,A002,Bordeaux,33300,mathis.mercier_5382@example.fr,Actif
5383,C005383,Julien,Dubois,1989-08-08,2017-01-07,Professionnel,Technicien,2581.44,88,A010,Bayonne,64100,julien.dubois_5383@example.fr,Actif
5384,C005384,Océane,Martinez,1987-12-27,2017-11-23,Particulier,Sans emploi,3641.27,46,A012,Anglet,64600,oceane.martinez_5384@example.fr,Actif
5385,C005385,Emma,Simon,1968-08-04,2020-02-22,Particulier,Employé,2802.12,39,A010,Bayonne,64100,emma.simon_5385@example.fr,Actif
5386,C005386,Hugo,Bernard,1994-12-16,2018-11-05,Particulier,Enseignant,4898.49,95,A018,Poitiers,86000,hugo.bernard_5386@example.fr,Inactif
5387,C005387,Emma,Bertrand,1966-04-15,2023-04-02,Particulier,Sans emploi,3822.96,43,A025,Dax,40100,emma.bertrand_5387@example.fr,Actif
5388,C005388,Enzo,Lefebvre,1948-11-05,2021-01-24,Particulier,Enseignant,5850.54,65,A005,Talence,33400,enzo.lefebvre_5388@example.fr,Inactif
5389,C005389,Thomas,Girard,1964-10-16,2019-07-12,Particulier,Commerçant,3139.75,76,A023,Agen,47000,thomas.girard_5389@example.fr,Actif
5390,C005390,Inès,Moreau,1978-10-27,2016-05-04,Particulier,Cadre,670.39,59,A011,Biarritz,64200,ines.moreau_5390@example.fr,Actif
5391,C005391,Manon,Laurent,2000-04-05,2021-03-03,Particulier,Étudiant,576.01,67,A018,Poitiers,86000,manon.laurent_5391@example.fr,Actif
5392,C005392,Amélie,Lambert,1948-02-21,2021-01-28,Particulier,Employé,3432.95,37,A007,Arcachon,33120,amelie.lambert_5392@example.fr,Actif
5393,C005393,Léa,André,1979-12-29,2015-10-13,Particulier,Retraité,2211.98,60,A012,Anglet,64600,lea.andré_5393@example.fr,Actif
5394,C005394,Élodie,Robert,1998-07-15,2019-03-09,Particulier,Retraité,2137.25,45,A018,Poitiers,86000,elodie.robert_5394@example.fr,Actif
5395,C005395,Noah,Robert,2001-11-14,2015-03-31,Particulier,Retraité,1732.72,77,A013,Orthez,64300,noah.robert_5395@example.fr,Actif
5396,C005396,Océane,Bernard,2001-02-15,2020-02-06,Particulier,Étudiant,503.47,55,A025,Dax,40100,oceane.bernard_5396@example.fr,Actif
5397,C005397,Alexandre,Robert,1994-07-15,2025-01-20,Particulier,Étudiant,1255.86,52,A005,Talence,33400,alexandre.robert_5397@example.fr,Actif
5398,C005398,Zoé,Dupont,1977-05-25,2020-08-21,Particulier,Employé,6331.33,52,A007,Arcachon,33120,zoe.dupont_5398@example.fr,Actif
5399,C005399,Clara,Moreau,1950-03-08,2017-05-31,Particulier,Commerçant,1151.62,60,A018,Poitiers,86000,clara.moreau_5399@example.fr,Actif
5400,C005400,Julien,Leroy,1990-09-23,2020-07-22,Particulier,Technicien,567.25,53,A003,Mérignac,33700,julien.leroy_5400@example.fr,Actif
5401,C005401,Antoine,François,1991-06-01,2017-11-07,Particulier,Sans emploi,3130.59,60,A017,Niort,79000,antoine.françois_5401@example.fr,Actif
5402,C005402,Hugo,Michel,1991-06-18,2019-03-25,Professionnel,Enseignant,6621.63,88,A006,Libourne,33500,hugo.michel_5402@example.fr,Actif
5403,C005403,Zoé,Michel,1954-12-15,2022-09-19,Particulier,Employé,1373.87,45,A012,Anglet,64600,zoe.michel_5403@example.fr,Actif
5404,C005404,Hugo,Dubois,1991-11-09,2017-10-21,Particulier,Cadre,1336.33,40,A014,Oloron-Sainte-Marie,64400,hugo.dubois_5404@example.fr,Actif
5405,C005405,Marie,Bonnet,1999-05-11,2022-04-11,Particulier,Sans emploi,4111.35,13,A025,Dax,40100,marie.bonnet_5405@example.fr,Actif
5406,C005406,Noah,Garcia,1974-11-03,2022-04-02,Professionnel,Cadre,7627.2,89,A021,Périgueux,24000,noah.garcia_5406@example.fr,Actif
5407,C005407,Amélie,Morel,1988-10-19,2017-02-15,Particulier,Technicien,0.0,45,A022,Bergerac,24100,amelie.morel_5407@example.fr,Actif
5408,C005408,Paul,Moreau,1998-05-02,2021-10-16,Particulier,Profession libérale,3803.12,48,A021,Périgueux,24000,paul.moreau_5408@example.fr,Actif
5409,C005409,Enzo,Bernard,1957-08-02,2016-02-06,Particulier,Cadre,1366.94,81,A004,Pessac,33600,enzo.bernard_5409@example.fr,Actif
5410,C005410,Amélie,François,1982-06-17,2026-04-19,Professionnel,Employé,2617.43,47,A018,Poitiers,86000,amelie.françois_5410@example.fr,Actif
5411,C005411,Julien,Martinez,1978-10-19,2020-09-06,Particulier,Employé,3087.17,37,A016,Rochefort,17300,julien.martinez_5411@example.fr,Actif
5412,C005412,Chloé,Bonnet,1976-10-04,2025-05-18,Particulier,Retraité,2444.58,27,A025,Dax,40100,chloe.bonnet_5412@example.fr,Actif
5413,C005413,Sarah,Lambert,1952-06-14,2023-06-25,Particulier,Retraité,1587.34,47,A003,Mérignac,33700,sarah.lambert_5413@example.fr,Actif
5414,C005414,Manon,Thomas,1959-02-27,2015-11-14,Particulier,Étudiant,693.98,79,A023,Agen,47000,manon.thomas_5414@example.fr,Actif
5415,C005415,Noah,Bonnet,1974-12-16,2024-04-09,Particulier,Employé,3813.67,58,A001,Bordeaux,33000,noah.bonnet_5415@example.fr,Actif
5416,C005416,Clara,Bernard,1978-02-10,2019-02-27,Particulier,Retraité,1987.36,46,A020,Brive-la-Gaillarde,19100,clara.bernard_5416@example.fr,Inactif
5417,C005417,Noah,Michel,1982-07-06,2021-07-23,Professionnel,Cadre,3703.23,70,A017,Niort,79000,noah.michel_5417@example.fr,Actif
5418,C005418,Amélie,Martinez,1980-12-08,2025-09-23,Particulier,Artisan,5729.85,74,A010,Bayonne,64100,amelie.martinez_5418@example.fr,Actif
5419,C005419,Camille,Richard,1954-06-13,2022-02-06,Particulier,Artisan,3029.43,50,A013,Orthez,64300,camille.richard_5419@example.fr,Actif
5420,C005420,Noah,Simon,2002-02-28,2017-03-25,Professionnel,Retraité,1850.6,35,A005,Talence,33400,noah.simon_5420@example.fr,Actif
5421,C005421,Manon,Mercier,1978-06-11,2017-06-03,Particulier,Employé,4421.54,40,A012,Anglet,64600,manon.mercier_5421@example.fr,Actif
5422,C005422,Lucas,Bonnet,1953-08-01,2020-01-03,Particulier,Cadre,2872.2,55,A004,Pessac,33600,lucas.bonnet_5422@example.fr,Actif
5423,C005423,Inès,Simon,1964-07-26,2026-01-20,Particulier,Retraité,1466.37,63,A005,Talence,33400,ines.simon_5423@example.fr,Actif
5424,C005424,Océane,André,1974-11-16,2023-02-22,Particulier,Enseignant,2963.02,70,A017,Niort,79000,oceane.andré_5424@example.fr,Actif
5425,C005425,Manon,Leroy,1973-04-04,2019-08-03,Particulier,Étudiant,437.04,82,A016,Rochefort,17300,manon.leroy_5425@example.fr,Actif
5426,C005426,Sarah,Martinez,1972-02-13,2020-04-06,Particulier,Étudiant,423.41,17,A007,Arcachon,,sarah.martinez_5426@example.fr,Actif
5427,C005427,Camille,Moreau,1954-07-18,2017-02-10,Professionnel,Retraité,2367.01,64,A010,Bayonne,64100,camille.moreau_5427@example.fr,Actif
5428,C005428,Camille,Leroy,1958-05-15,2022-12-29,Particulier,Cadre,3412.75,47,A023,Agen,47000,camille.leroy_5428@example.fr,Actif
5429,C005429,Gabriel,Moreau,1989-09-10,2023-10-09,Particulier,Cadre,3122.19,54,A020,Brive-la-Gaillarde,19100,gabriel.moreau_5429@example.fr,Actif
5430,C005430,Nathan,Legrand,1947-10-25,2019-10-24,Particulier,Cadre,4654.65,36,A015,La Rochelle,17000,nathan.legrand_5430@example.fr,Actif
5431,C005431,Paul,André,1957-08-30,2021-09-13,Particulier,Profession libérale,2737.84,40,A020,Brive-la-Gaillarde,19100,paul.andré_5431@example.fr,Actif
5432,C005432,Nathan,Dupont,1986-03-06,2021-11-21,Particulier,Sans emploi,2228.02,37,A005,Talence,33400,nathan.dupont_5432@example.fr,Actif
5433,C005433,Mathis,Legrand,2001-06-28,2019-12-29,Particulier,Profession libérale,4509.54,85,A016,Rochefort,17300,mathis.legrand_5433@example.fr,Actif
5434,C005434,Clara,Martinez,1992-01-09,2020-09-02,Particulier,Commerçant,4026.86,71,A005,Talence,33400,clara.martinez_5434@example.fr,Actif
5435,C005435,Zoé,Dubois,1982-02-14,2022-12-06,Particulier,Agriculteur,2316.91,53,A012,Anglet,64600,zoe.dubois_5435@example.fr,Actif
5436,C005436,Léa,Mercier,1965-12-21,2020-05-17,Particulier,Employé,7285.92,31,A002,Bordeaux,33300,lea.mercier_5436@example.fr,Actif
5437,C005437,Zoé,Robert,1975-03-10,2018-04-27,Particulier,Retraité,2019.39,83,A007,Arcachon,33120,zoe.robert_5437@example.fr,Actif
5438,C005438,Élodie,Laurent,1983-01-28,2024-12-12,Particulier,Employé,2794.78,34,A023,Agen,47000,elodie.laurent_5438@example.fr,Inactif
5439,C005439,Antoine,Morel,1951-01-16,2024-02-14,Particulier,Retraité,2530.51,47,A024,Mont-de-Marsan,40000,antoine.morel_5439@example.fr,Actif
5440,C005440,Gabriel,Leroy,2002-10-29,2023-01-17,Particulier,Artisan,2401.59,80,A013,Orthez,64300,gabriel.leroy_5440@example.fr,Actif
5441,C005441,Enzo,Fournier,1998-01-19,2025-12-12,Particulier,Retraité,2004.98,79,A011,Biarritz,64200,enzo.fournier_5441@example.fr,Inactif
5442,C005442,Paul,Bertrand,1956-05-11,2019-12-19,Particulier,Retraité,2906.94,61,A007,Arcachon,33120,paul.bertrand_5442@example.fr,Actif
5443,C005443,Antoine,Bertrand,1984-10-31,2017-11-03,Particulier,Profession libérale,1034.25,24,A014,Oloron-Sainte-Marie,64400,antoine.bertrand_5443@example.fr,Actif
5444,C005444,Amélie,Bernard,1951-07-28,2019-09-14,Particulier,Profession libérale,4022.71,72,A018,Poitiers,86000,amelie.bernard_5444@example.fr,Actif
5445,C005445,Zoé,Dupont,1964-05-06,2024-06-06,Particulier,Étudiant,1263.75,51,A006,Libourne,33500,zoe.dupont_5445@example.fr,Clos
5446,C005446,Camille,Martinez,1973-02-03,2021-06-26,Professionnel,Étudiant,1089.97,33,A015,La Rochelle,17000,camille.martinez_5446@example.fr,Actif
5447,C005447,Élodie,Thomas,1958-01-09,2022-07-30,Professionnel,Cadre,5770.23,39,A013,Orthez,64300,elodie.thomas_5447@example.fr,Actif
5448,C005448,Léa,Roux,1982-06-21,2020-02-18,Particulier,Retraité,4085.41,86,A015,La Rochelle,17000,lea.roux_5448@example.fr,Actif
5449,C005449,Julien,Girard,1991-12-13,2022-07-02,Professionnel,Sans emploi,5211.63,61,A002,Bordeaux,33300,julien.girard_5449@example.fr,Clos
5450,C005450,Hugo,Lambert,2002-01-29,2023-07-10,Particulier,Employé,296.07,40,A014,Oloron-Sainte-Marie,64400,hugo.lambert_5450@example.fr,Actif
5451,C005451,Nathan,Moreau,1967-01-16,2026-05-21,Particulier,Profession libérale,811.38,54,A016,Rochefort,17300,nathan.moreau_5451@example.fr,Actif
5452,C005452,Antoine,Bonnet,2000-10-09,2017-03-21,Particulier,Agriculteur,5465.39,37,A015,La Rochelle,17000,antoine.bonnet_5452@example.fr,Actif
5453,C005453,Antoine,Bonnet,1947-06-30,2021-04-05,Particulier,Employé,1482.16,68,A012,Anglet,64600,antoine.bonnet_5453@example.fr,Actif
5454,C005454,Hugo,Lambert,1980-08-03,2022-02-23,Particulier,Retraité,2515.75,31,A010,Bayonne,64100,hugo.lambert_5454@example.fr,Actif
5455,C005455,Camille,Leroy,1951-12-26,2024-10-11,Particulier,Enseignant,3636.63,46,A013,Orthez,64300,camille.leroy_5455@example.fr,Actif
5456,C005456,Manon,Durand,1950-12-07,2022-06-12,Particulier,Enseignant,3354.61,49,A002,Bordeaux,33300,manon.durand_5456@example.fr,Actif
5457,C005457,Zoé,Bonnet,1995-05-17,2019-10-01,Particulier,Sans emploi,578.59,38,A012,Anglet,64600,zoe.bonnet_5457@example.fr,Actif
5458,C005458,Mathis,Bonnet,2002-12-19,2016-02-11,Particulier,Enseignant,4075.59,42,A008,Langon,33210,mathis.bonnet_5458@example.fr,Actif
5459,C005459,Thomas,Laurent,1958-01-29,2015-04-21,Particulier,Employé,3237.56,48,A011,Biarritz,64200,thomas.laurent_5459@example.fr,Actif
5460,C005460,Élodie,Bernard,1998-09-05,2023-12-07,Particulier,Étudiant,1084.08,61,A019,Limoges,87000,elodie.bernard_5460@example.fr,Actif
5461,C005461,Sarah,Morel,2002-09-21,2025-03-31,Particulier,Employé,2580.46,14,A004,Pessac,33600,sarah.morel_5461@example.fr,Actif
5462,C005462,Mathis,Bonnet,1986-03-27,2024-05-07,Particulier,Employé,4853.93,45,A021,Périgueux,24000,mathis.bonnet_5462@example.fr,Actif
5463,C005463,Marie,Moreau,1962-10-12,2025-12-20,Professionnel,Commerçant,3624.78,52,A023,Agen,47000,marie.moreau_5463@example.fr,Actif
5464,C005464,Thomas,Garcia,1973-06-11,2024-05-03,Particulier,Employé,4203.88,41,A007,Arcachon,33120,thomas.garcia_5464@example.fr,Actif
5465,C005465,Thomas,Fournier,1946-01-07,2017-02-04,Particulier,Étudiant,1527.85,73,A011,Biarritz,64200,thomas.fournier_5465@example.fr,Actif
5466,C005466,Inès,Bernard,1974-08-22,2023-08-05,Particulier,Retraité,1675.74,42,A018,Poitiers,86000,ines.bernard_5466@example.fr,Actif
5467,C005467,Inès,Robert,1964-12-29,2016-12-14,Particulier,Profession libérale,3270.92,69,A001,Bordeaux,33000,ines.robert_5467@example.fr,Actif
5468,C005468,Lucas,Garcia,1982-06-08,2021-03-22,Particulier,Retraité,2015.07,73,A001,Bordeaux,33000,lucas.garcia_5468@example.fr,Actif
5469,C005469,Emma,André,1998-03-22,2015-02-20,Particulier,Étudiant,972.71,19,A008,Langon,33210,emma.andré_5469@example.fr,Actif
5470,C005470,Enzo,Fournier,1963-03-27,2020-11-12,Particulier,Cadre,3721.0,66,A015,La Rochelle,17000,enzo.fournier_5470@example.fr,Actif
5471,C005471,Inès,Lefebvre,1993-05-31,2022-01-23,Particulier,Employé,3779.89,56,A019,Limoges,87000,ines.lefebvre_5471@example.fr,Actif
5472,C005472,Amélie,Morel,1965-12-10,2020-06-07,Particulier,Retraité,2579.03,85,A009,Pau,64000,amelie.morel_5472@example.fr,Actif
5473,C005473,Manon,Bernard,2001-12-24,2021-06-16,Particulier,Employé,2526.4,37,A023,Agen,47000,manon.bernard_5473@example.fr,Actif
5474,C005474,Lucas,Bertrand,1973-06-07,2022-02-26,Particulier,Employé,3531.88,67,A001,Bordeaux,33000,lucas.bertrand_5474@example.fr,Actif
5475,C005475,Inès,Laurent,1973-08-16,2017-07-21,Particulier,Employé,4999.65,63,A022,Bergerac,24100,ines.laurent_5475@example.fr,Actif
5476,C005476,Antoine,Lefebvre,1983-03-20,2018-03-05,Particulier,Employé,3295.4,44,A017,Niort,79000,,Actif
5477,C005477,Camille,Bernard,1959-11-27,2015-06-17,Particulier,Étudiant,687.04,57,A019,Limoges,87000,camille.bernard_5477@example.fr,Actif
5478,C005478,Inès,Petit,1994-07-24,2021-10-31,Association,Employé,7799.37,55,A025,Dax,40100,ines.petit_5478@example.fr,Actif
5479,C005479,Hugo,Bonnet,1991-01-05,2024-05-16,Professionnel,Retraité,1160.44,55,A022,Bergerac,24100,hugo.bonnet_5479@example.fr,Actif
5480,C005480,Clara,Fournier,1953-01-21,2025-04-29,Professionnel,Étudiant,1315.34,54,A010,Bayonne,64100,clara.fournier_5480@example.fr,Actif
5481,C005481,Emma,Bernard,1949-06-28,2019-08-21,Particulier,Retraité,2556.72,70,A016,Rochefort,17300,emma.bernard_5481@example.fr,Actif
5482,C005482,Manon,Roux,1984-01-23,2021-07-26,Particulier,Retraité,2526.31,82,A011,Biarritz,64200,manon.roux_5482@example.fr,Inactif
5483,C005483,Mathis,Laurent,1991-03-12,2025-01-16,Professionnel,Profession libérale,3770.41,66,A022,Bergerac,24100,mathis.laurent_5483@example.fr,Actif
5484,C005484,Sarah,Bonnet,1982-01-25,2017-09-04,Particulier,Cadre,3032.32,58,A008,Langon,33210,sarah.bonnet_5484@example.fr,Actif
5485,C005485,Marie,Martinez,1992-01-01,2021-01-16,Professionnel,Enseignant,6259.73,75,A022,Bergerac,24100,marie.martinez_5485@example.fr,Clos
5486,C005486,Gabriel,Bernard,1959-06-09,2026-01-18,Particulier,Employé,2567.84,73,A018,Poitiers,86000,gabriel.bernard_5486@example.fr,Actif
5487,C005487,Paul,Lambert,1996-10-01,2022-11-29,Particulier,Retraité,2372.48,75,A015,La Rochelle,17000,paul.lambert_5487@example.fr,Actif
5488,C005488,Marie,Fournier,1973-05-28,2015-09-21,Particulier,Employé,4547.02,43,A023,Agen,47000,marie.fournier_5488@example.fr,Actif
5489,C005489,Antoine,Roux,1983-08-02,2022-06-06,Particulier,Employé,3667.63,77,A025,Dax,40100,antoine.roux_5489@example.fr,Actif
5490,C005490,Jade,Thomas,2002-02-22,2024-04-05,Professionnel,Étudiant,1100.25,18,A019,Limoges,87000,jade.thomas_5490@example.fr,Actif
5491,C005491,Lucas,Martinez,1972-11-10,2015-06-14,Particulier,Retraité,2279.13,25,A001,Bordeaux,33000,lucas.martinez_5491@example.fr,Actif
5492,C005492,Zoé,Dubois,1969-07-11,2016-07-15,Particulier,Retraité,2023.38,8,A005,Talence,33400,zoe.dubois_5492@example.fr,Actif
5493,C005493,Julien,Leroy,1999-11-18,2015-12-20,Particulier,Employé,1540.91,57,A019,Limoges,87000,julien.leroy_5493@example.fr,Actif
5494,C005494,Thomas,Girard,1988-06-06,2023-07-20,Particulier,Employé,2767.75,54,A002,Bordeaux,33300,thomas.girard_5494@example.fr,Actif
5495,C005495,Élodie,Bertrand,2001-02-22,2025-01-17,Particulier,Commerçant,1558.31,60,A012,Anglet,64600,elodie.bertrand_5495@example.fr,Actif
5496,C005496,Thomas,Simon,1995-12-11,2016-03-06,Professionnel,Employé,3657.6,49,A005,Talence,33400,thomas.simon_5496@example.fr,Actif
5497,C005497,Manon,Robert,1973-04-04,2020-08-16,Particulier,Artisan,3251.15,55,A025,Dax,40100,manon.robert_5497@example.fr,Actif
5498,C005498,Marie,Legrand,1991-09-22,2017-06-02,Particulier,Technicien,4729.52,55,A022,Bergerac,24100,marie.legrand_5498@example.fr,Actif
5499,C005499,Zoé,Petit,1948-06-15,2021-07-01,Particulier,Agriculteur,3274.12,42,A016,Rochefort,17300,zoe.petit_5499@example.fr,Actif
5500,C005500,Camille,Morel,1993-07-15,2019-06-11,Particulier,Employé,545.78,49,A009,Pau,64000,camille.morel_5500@example.fr,Actif
5501,C005501,Nathan,Fournier,1985-11-21,2022-02-21,Professionnel,Sans emploi,5161.48,63,A020,Brive-la-Gaillarde,19100,nathan.fournier_5501@example.fr,Actif
5502,C005502,Sarah,Michel,1989-02-24,2015-04-17,Particulier,Profession libérale,666.68,67,A003,Mérignac,33700,sarah.michel_5502@example.fr,Actif
5503,C005503,Inès,Roux,1962-04-06,2016-01-13,Particulier,Étudiant,538.52,59,A004,Pessac,33600,ines.roux_5503@example.fr,Actif
5504,C005504,Noah,Durand,1968-03-05,2021-06-18,Particulier,Retraité,1430.64,56,A007,Arcachon,33120,noah.durand_5504@example.fr,Actif
5505,C005505,Nathan,Lefebvre,1983-05-08,2020-08-07,Particulier,EMPLOYÉ,0.0,46,A014,Oloron-Sainte-Marie,64400,nathan.lefebvre_5505@example.fr,Actif
5506,C005506,Thomas,Lambert,1979-01-03,2020-02-04,Particulier,Enseignant,5693.77,69,A017,Niort,79000,thomas.lambert_5506@example.fr,Actif
5507,C005507,Marie,Lefebvre,1959-09-18,2017-02-25,Particulier,Employé,2728.98,52,A005,Talence,33400,marie.lefebvre_5507@example.fr,Actif
5508,C005508,Julien,Mercier,1999-08-17,2025-08-30,Particulier,Technicien,3551.94,48,A018,Poitiers,86000,julien.mercier_5508@example.fr,Actif
5509,C005509,Alexandre,Bernard,1978-01-08,2026-03-08,Particulier,Profession libérale,2718.42,65,A021,Périgueux,24000,alexandre.bernard_5509@example.fr,Actif
5510,C005510,Alexandre,Lambert,1996-11-11,2016-11-22,Particulier,Employé,2004.32,80,A021,Périgueux,24000,alexandre.lambert_5510@example.fr,Actif
5511,C005511,Océane,Vincent,1980-11-15,2016-05-05,Particulier,Employé,5919.59,78,A014,Oloron-Sainte-Marie,64400,oceane.vincent_5511@example.fr,Actif
5512,C005512,Amélie,Bertrand,1997-04-02,2023-04-10,Particulier,Retraité,1604.98,68,A019,Limoges,87000,amelie.bertrand_5512@example.fr,Actif
5513,C005513,Antoine,Martinez,1969-12-14,2025-05-13,Particulier,Employé,4253.93,40,A014,Oloron-Sainte-Marie,64400,antoine.martinez_5513@example.fr,Actif
5514,C005514,Thomas,Simon,1990-05-20,2023-11-26,Particulier,Cadre,2138.01,77,A017,Niort,79000,thomas.simon_5514@example.fr,Clos
5515,C005515,Gabriel,Richard,1974-09-09,2020-06-26,Particulier,Retraité,2899.12,62,A015,La Rochelle,17000,gabriel.richard_5515@example.fr,Actif
5516,C005516,Amélie,Richard,1961-04-20,2018-08-02,Particulier,Enseignant,1084.98,28,A007,Arcachon,33120,amelie.richard_5516@example.fr,Actif
5517,C005517,Julien,Bertrand,1945-09-26,2017-03-04,Particulier,Étudiant,73.07,61,A025,Dax,40100,julien.bertrand_5517@example.fr,Actif
5518,C005518,Lucas,Simon,1986-06-03,2024-07-14,Particulier,Technicien,2416.96,23,A002,Bordeaux,33300,lucas.simon_5518@example.fr,Actif
5519,C005519,Gabriel,Simon,1971-05-25,2025-08-30,Particulier,Employé,3679.1,38,A016,Rochefort,17300,gabriel.simon_5519@example.fr,Actif
5520,C005520,Léa,Bernard,1976-11-22,2023-08-15,Particulier,Cadre,3846.31,44,A012,Anglet,64600,lea.bernard_5520@example.fr,Actif
5521,C005521,Enzo,Martinez,1978-12-10,2025-04-20,Professionnel,Employé,5205.83,44,A025,Dax,40100,enzo.martinez_5521@example.fr,Inactif
5522,C005522,Camille,Bertrand,1955-05-15,2017-03-29,Particulier,Commerçant,2888.45,83,A008,Langon,33210,camille.bertrand_5522@example.fr,Actif
5523,C005523,Camille,Petit,1996-04-14,2019-04-02,Particulier,Employé,5099.13,85,A012,Anglet,64600,camille.petit_5523@example.fr,Actif
5524,C005524,Enzo,Bertrand,1955-09-17,2022-12-31,Professionnel,Étudiant,575.28,57,A002,Bordeaux,33300,enzo.bertrand_5524@example.fr,Actif
5525,C005525,Lucas,Martinez,1988-02-28,2016-07-22,Particulier,Sans emploi,3941.99,69,A013,Orthez,64300,lucas.martinez_5525@example.fr,Actif
5526,C005526,Hugo,Fournier,1996-06-15,2024-06-19,Particulier,Employé,1506.23,57,A012,Anglet,64600,hugo.fournier_5526@example.fr,Actif
5527,C005527,Élodie,Moreau,1960-04-16,2022-07-11,Particulier,Enseignant,3554.41,26,A023,Agen,47000,elodie.moreau_5527@example.fr,Actif
5528,C005528,Julien,Thomas,1991-07-16,2023-03-13,Particulier,Employé,4379.61,49,A021,Périgueux,24000,julien.thomas_5528@example.fr,Actif
5529,C005529,Mathis,Bernard,1971-12-01,2021-07-06,Particulier,Cadre,4253.02,54,A014,Oloron-Sainte-Marie,64400,mathis.bernard_5529@example.fr,Actif
5530,C005530,Clara,Petit,1970-07-01,2022-07-12,Particulier,Étudiant,842.12,73,A001,Bordeaux,33000,clara.petit_5530@example.fr,Actif
5531,C005531,Chloé,Bonnet,1950-07-25,2020-04-01,Particulier,Employé,1686.54,55,A012,Anglet,64600,chloe.bonnet_5531@example.fr,Actif
5532,C005532,Nathan,Michel,2003-08-23,2017-06-15,Particulier,Enseignant,4858.14,84,A002,Bordeaux,33300,nathan.michel_5532@example.fr,Actif
5533,C005533,Hugo,Morel,1950-12-19,2018-10-26,Particulier,Agriculteur,1456.27,58,A015,La Rochelle,17000,hugo.morel_5533@example.fr,Actif
5534,C005534,Marie,Morel,1973-06-28,2025-04-05,Particulier,Employé,3425.04,49,A001,Bordeaux,33000,marie.morel_5534@example.fr,Actif
5535,C005535,Léa,Robert,1989-10-08,2020-12-14,Particulier,Technicien,2830.95,49,A008,Langon,33210,lea.robert_5535@example.fr,Actif
5536,C005536,Gabriel,Petit,1965-06-19,2021-05-05,Particulier,Artisan,5070.49,58,A004,Pessac,33600,gabriel.petit_5536@example.fr,Actif
5537,C005537,Clara,Roux,1961-01-22,2016-07-01,Particulier,Enseignant,645.17,82,A021,Périgueux,24000,clara.roux_5537@example.fr,Actif
5538,C005538,Lucas,Vincent,1994-03-29,2016-10-23,Particulier,Enseignant,3093.56,47,A020,Brive-la-Gaillarde,19100,lucas.vincent_5538@example.fr,Actif
5539,C005539,Camille,Lambert,1950-09-22,2018-01-25,Particulier,Étudiant,1074.38,50,A015,La Rochelle,17000,camille.lambert_5539@example.fr,Actif
5540,C005540,Hugo,Lambert,1961-10-11,2015-11-27,Professionnel,Cadre,5417.39,41,A020,Brive-la-Gaillarde,19100,hugo.lambert_5540@example.fr,Actif
5541,C005541,Léa,Michel,2001-03-26,2025-02-08,Professionnel,Employé,8312.27,39,A006,Libourne,33500,lea.michel_5541@example.fr,Actif
5542,C005542,Jade,Durand,1997-05-15,2015-04-28,Particulier,Étudiant,989.16,52,A009,Pau,64000,jade.durand_5542@example.fr,Actif
5543,C005543,Amélie,Vincent,2004-03-26,2017-12-28,Particulier,Commerçant,3766.9,31,A015,La Rochelle,17000,amelie.vincent_5543@example.fr,Actif
5544,C005544,Élodie,Bertrand,2001-04-12,2016-04-22,Particulier,Profession libérale,2884.76,60,A020,Brive-la-Gaillarde,19100,elodie.bertrand_5544@example.fr,Actif
5545,C005545,Alexandre,André,1975-12-18,2016-06-30,Particulier,Employé,2237.51,37,A015,La Rochelle,17000,,Actif
5546,C005546,Julien,Durand,1994-09-28,2025-06-20,Particulier,Employé,2465.64,58,A003,Mérignac,33700,julien.durand_5546@example.fr,Actif
5547,C005547,Manon,Girard,1970-05-23,2022-03-07,Particulier,Étudiant,1311.52,24,A016,Rochefort,17300,manon.girard_5547@example.fr,Actif
5548,C005548,Camille,Simon,1981-11-13,2026-03-11,Professionnel,Technicien,2972.07,49,A015,La Rochelle,17000,,Actif
5549,C005549,Inès,Dubois,1970-06-06,2017-03-11,Particulier,Enseignant,2764.67,95,A008,Langon,33210,ines.dubois_5549@example.fr,Actif
5550,C005550,Hugo,Martinez,1975-07-13,2022-04-19,Particulier,Cadre,3783.48,60,A007,Arcachon,33120,hugo.martinez_5550@example.fr,Actif
5551,C005551,Antoine,Lefebvre,1992-12-17,2024-01-04,Particulier,Cadre,870.7,84,A011,Biarritz,64200,antoine.lefebvre_5551@example.fr,Actif
5552,C005552,Clara,Morel,1985-05-05,2023-12-01,Particulier,Employé,4183.52,43,A009,Pau,64000,clara.morel_5552@example.fr,Actif
5553,C005553,Hugo,Moreau,1948-03-21,2016-07-14,Particulier,Commerçant,3729.53,54,A005,Talence,33400,hugo.moreau_5553@example.fr,Actif
5554,C005554,Emma,Girard,1955-11-15,2024-11-06,Particulier,Commerçant,2325.27,73,A024,Mont-de-Marsan,40000,emma.girard_5554@example.fr,Actif
5555,C005555,Enzo,Durand,1987-07-25,2021-07-24,Particulier,Profession libérale,4315.09,52,A023,Agen,47000,enzo.durand_5555@example.fr,Actif
5556,C005556,Alexandre,Fournier,1952-11-29,2018-08-28,Particulier,Artisan,4393.77,42,A006,Libourne,33500,alexandre.fournier_5556@example.fr,Actif
5557,C005557,Mathis,Dubois,1956-11-13,2017-06-10,Particulier,Employé,3450.05,68,A015,La Rochelle,17000,mathis.dubois_5557@example.fr,Actif
5558,C005558,Océane,Girard,1950-10-24,2021-07-17,Particulier,Étudiant,36.24,78,A001,Bordeaux,33000,oceane.girard_5558@example.fr,Actif
5559,C005559,Camille,François,1946-09-22,2020-10-27,Professionnel,Technicien,2343.03,43,A006,Libourne,33500,camille.françois_5559@example.fr,Inactif
5560,C005560,Antoine,Durand,1972-07-01,2022-01-01,Particulier,Retraité,2740.3,31,A015,La Rochelle,17000,antoine.durand_5560@example.fr,Actif
5561,C005561,Océane,André,1985-09-30,2021-09-01,Particulier,Cadre,4209.82,72,A016,Rochefort,17300,oceane.andré_5561@example.fr,Clos
5562,C005562,Océane,Robert,1957-10-05,2023-04-26,Particulier,Artisan,5065.9,53,A025,Dax,40100,oceane.robert_5562@example.fr,Actif
5563,C005563,Amélie,Bernard,1991-02-11,2018-02-12,Particulier,Profession libérale,3257.67,60,A022,Bergerac,24100,amelie.bernard_5563@example.fr,Actif
5564,C005564,Thomas,Morel,1987-08-24,2017-05-05,Particulier,Sans emploi,3936.78,64,A006,Libourne,33500,thomas.morel_5564@example.fr,Actif
5565,C005565,Thomas,Fournier,2002-12-05,2018-08-18,Professionnel,Profession libérale,4639.35,80,A023,Agen,47000,thomas.fournier_5565@example.fr,Actif
5566,C005566,Antoine,Martinez,1980-04-14,2018-07-24,Particulier,Artisan,4547.44,67,A009,Pau,64000,antoine.martinez_5566@example.fr,Actif
5567,C005567,Antoine,Dupont,1949-05-26,2021-09-03,Particulier,Retraité,2329.06,67,A004,Pessac,33600,antoine.dupont_5567@example.fr,Actif
5568,C005568,Noah,Dubois,1991-06-12,2025-10-28,Particulier,Cadre,2830.73,41,A009,Pau,64000,noah.dubois_5568@example.fr,Actif
5569,C005569,Marie,Bernard,1982-06-30,2019-04-07,Particulier,Employé,787.98,48,A010,Bayonne,64100,marie.bernard_5569@example.fr,Actif
5570,C005570,Inès,Simon,2003-06-13,2023-12-13,Particulier,Artisan,1437.39,56,A016,Rochefort,17300,ines.simon_5570@example.fr,Actif
5571,C005571,Emma,Legrand,1973-07-21,2017-06-25,Particulier,Employé,1086.43,58,A010,Bayonne,64100,emma.legrand_5571@example.fr,Actif
5572,C005572,Enzo,Bernard,1961-08-03,2022-01-07,Particulier,Artisan,1345.32,44,A005,Talence,33400,enzo.bernard_5572@example.fr,Inactif
5573,C005573,Manon,André,1979-08-29,2019-10-21,Particulier,Cadre,723.4,37,A002,Bordeaux,33300,manon.andré_5573@example.fr,Actif
5574,C005574,Enzo,Petit,2001-08-02,2022-05-25,Particulier,Technicien,3533.12,51,A005,Talence,33400,enzo.petit_5574@example.fr,Actif
5575,C005575,Marie,Martinez,1990-04-21,2026-02-16,Particulier,Cadre,3595.79,23,A002,Bordeaux,33300,marie.martinez_5575@example.fr,Inactif
5576,C005576,Thomas,André,1977-09-22,2018-03-02,Particulier,Retraité,2706.27,64,A010,Bayonne,64100,thomas.andré_5576@example.fr,Actif
5577,C005577,Manon,François,1988-12-23,2025-05-18,Particulier,Retraité,2673.33,41,A009,Pau,64000,manon.françois_5577@example.fr,Actif
5578,C005578,Jade,Dupont,1971-09-22,2026-02-18,Particulier,Technicien,5391.27,71,A020,Brive-la-Gaillarde,19100,jade.dupont_5578@example.fr,Actif
5579,C005579,Camille,Richard,1966-12-31,2020-07-17,particulier,Profession libérale,2342.29,42,A005,Talence,33400,camille.richard_5579@example.fr,Actif
5580,C005580,Jade,Simon,2000-02-21,2020-11-07,Professionnel,Enseignant,5143.43,76,A006,Libourne,33500,jade.simon_5580@example.fr,Inactif
5581,C005581,Camille,Legrand,1984-04-29,2024-04-21,Particulier,Cadre,4109.67,34,A003,Mérignac,33700,camille.legrand_5581@example.fr,Actif
5582,C005582,Alexandre,Lambert,1970-11-04,2020-07-12,Particulier,Retraité,3278.27,57,A024,Mont-de-Marsan,40000,alexandre.lambert_5582@example.fr,Inactif
5583,C005583,Thomas,Richard,1976-08-21,2021-10-01,Particulier,Retraité,2416.95,39,A022,Bergerac,24100,thomas.richard_5583@example.fr,Actif
5584,C005584,Chloé,Bertrand,1972-06-08,2023-07-06,Professionnel,Employé,4269.55,50,A005,Talence,33400,chloe.bertrand_5584@example.fr,Actif
5585,C005585,Antoine,Martin,1980-06-06,2018-06-09,particulier,Retraité,2400.02,38,A017,Niort,79000,antoine.martin_5585@example.fr,Actif
5586,C005586,Amélie,Legrand,2001-05-26,2022-08-18,Particulier,Employé,4359.8,71,A006,Libourne,33500,amelie.legrand_5586@example.fr,Actif
5587,C005587,Nathan,Vincent,2000-10-31,2017-02-27,Particulier,Profession libérale,3651.41,54,A008,Langon,33210,nathan.vincent_5587@example.fr,Actif
5588,C005588,Enzo,Legrand,1982-09-12,2021-12-19,Particulier,Cadre,4900.56,72,A015,La Rochelle,17000,enzo.legrand_5588@example.fr,Actif
5589,C005589,Camille,Moreau,2000-02-01,2024-02-15,Particulier,Agriculteur,3566.44,61,A005,Talence,33400,camille.moreau_5589@example.fr,Actif
5590,C005590,Léa,André,1952-11-16,2024-03-06,Particulier,Étudiant,1445.95,64,A011,Biarritz,64200,lea.andré_5590@example.fr,Actif
5591,C005591,Océane,David,1975-05-11,2023-04-23,Particulier,Technicien,6689.63,61,A015,La Rochelle,17000,oceane.david_5591@example.fr,Actif
5592,C005592,Élodie,Roux,1961-12-08,2022-08-16,Particulier,Retraité,2176.77,31,A018,Poitiers,86000,elodie.roux_5592@example.fr,Actif
5593,C005593,Zoé,Petit,1988-12-18,2025-01-22,Particulier,Employé,2151.69,59,A012,Anglet,64600,zoe.petit_5593@example.fr,Actif
5594,C005594,Élodie,Garcia,1997-11-24,2020-05-17,Particulier,Retraité,2117.32,56,A016,Rochefort,17300,elodie.garcia_5594@example.fr,Actif
5595,C005595,Sarah,Leroy,1950-01-06,2019-09-27,Particulier,Employé,1429.17,47,A012,Anglet,64600,sarah.leroy_5595@example.fr,Actif
5596,C005596,Inès,David,1966-10-08,2021-12-17,Particulier,Employé,4550.95,39,A022,Bergerac,24100,ines.david_5596@example.fr,Actif
5597,C005597,Océane,André,1979-08-18,2016-06-02,Particulier,Retraité,2685.56,47,A008,Langon,33210,oceane.andré_5597@example.fr,Actif
5598,C005598,Amélie,Michel,2000-02-23,2026-04-27,Particulier,Artisan,2054.76,34,A022,Bergerac,24100,amelie.michel_5598@example.fr,Inactif
5599,C005599,Lucas,Simon,1960-05-03,2019-10-31,Particulier,Cadre,2342.15,48,A016,Rochefort,17300,lucas.simon_5599@example.fr,Actif
5600,C005600,Gabriel,Dupont,1968-04-08,2017-01-01,Particulier,Enseignant,3546.91,74,A004,Pessac,33600,gabriel.dupont_5600@example.fr,Clos
5601,C005601,Camille,Dubois,2001-09-27,2025-11-07,Particulier,Employé,978.92,46,A011,Biarritz,64200,camille.dubois_5601@example.fr,Actif
5602,C005602,Alexandre,Bonnet,1960-07-24,2021-06-29,Particulier,Retraité,1824.79,32,A025,Dax,40100,alexandre.bonnet_5602@example.fr,Actif
5603,C005603,Amélie,Morel,1959-11-10,2024-11-09,Particulier,Cadre,2142.37,30,A009,Pau,64000,amelie.morel_5603@example.fr,Actif
5604,C005604,Alexandre,Dubois,1986-05-12,2024-07-03,Particulier,Cadre,1253.44,64,A022,Bergerac,24100,alexandre.dubois_5604@example.fr,Actif
5605,C005605,Sarah,Petit,1972-01-09,2021-05-25,Particulier,Étudiant,2470.27,30,A002,Bordeaux,33300,sarah.petit_5605@example.fr,Actif
5606,C005606,Antoine,Petit,1985-01-11,2018-10-29,Professionnel,Sans emploi,8019.19,67,A024,Mont-de-Marsan,40000,antoine.petit_5606@example.fr,Actif
5607,C005607,Nathan,Lambert,1946-12-31,2025-08-24,Particulier,Enseignant,5429.16,58,A014,Oloron-Sainte-Marie,64400,nathan.lambert_5607@example.fr,Actif
5608,C005608,Paul,Lambert,1999-09-27,2019-12-03,Particulier,Employé,3702.3,52,A020,Brive-la-Gaillarde,19100,paul.lambert_5608@example.fr,Actif
5609,C005609,Julien,Garcia,1948-01-09,2023-06-28,Professionnel,Technicien,6903.02,79,A017,Niort,79000,julien.garcia_5609@example.fr,Actif
5610,C005610,Lucas,Bernard,1977-07-13,2023-04-17,Professionnel,Technicien,2824.08,35,A012,Anglet,64600,lucas.bernard_5610@example.fr,Actif
5611,C005611,Camille,Morel,1968-04-04,2018-04-07,Particulier,Retraité,2845.69,56,A021,Périgueux,24000,camille.morel_5611@example.fr,Actif
5612,C005612,Camille,Martinez,1979-01-27,2015-02-17,Particulier,Agriculteur,1925.9,52,A007,Arcachon,33120,camille.martinez_5612@example.fr,Inactif
5613,C005613,Léa,Morel,1980-03-19,2026-04-28,Particulier,Commerçant,0.0,88,A016,Rochefort,17300,lea.morel_5613@example.fr,Actif
5614,C005614,Jade,Petit,1994-09-04,2020-04-01,Particulier,Technicien,4466.95,54,A016,Rochefort,17300,jade.petit_5614@example.fr,Actif
5615,C005615,Nathan,Bernard,1971-12-05,2017-11-01,Particulier,Agriculteur,0.0,46,A019,Limoges,87000,nathan.bernard_5615@example.fr,Clos
5616,C005616,Hugo,François,1953-01-17,2025-11-12,Particulier,Agriculteur,4023.54,63,A012,Anglet,64600,hugo.françois_5616@example.fr,Actif
5617,C005617,Thomas,François,1946-02-18,2015-09-24,Particulier,Profession libérale,2107.86,50,A022,Bergerac,24100,thomas.françois_5617@example.fr,Actif
5618,C005618,Nathan,Lambert,1968-04-29,2026-01-15,Particulier,Technicien,3617.78,31,A012,Anglet,64600,nathan.lambert_5618@example.fr,Actif
5619,C005619,Antoine,Petit,1969-01-16,2023-04-30,Particulier,Enseignant,4083.09,35,A013,Orthez,64300,antoine.petit_5619@example.fr,Actif
5620,C005620,Antoine,Bertrand,1987-07-08,2018-11-09,Professionnel,Technicien,3710.16,64,A024,Mont-de-Marsan,40000,antoine.bertrand_5620@example.fr,Inactif
5621,C005621,Clara,Richard,1988-03-15,2023-12-02,Particulier,Cadre,3476.91,62,A003,Mérignac,33700,clara.richard_5621@example.fr,Actif
5622,C005622,Chloé,Dupont,1954-03-03,2022-02-07,Professionnel,Artisan,5635.56,34,A009,Pau,64000,chloe.dupont_5622@example.fr,Actif
5623,C005623,Manon,Mercier,1955-09-27,2019-11-30,Particulier,Employé,3458.39,41,A008,Langon,33210,manon.mercier_5623@example.fr,Actif
5624,C005624,Sarah,Leroy,1981-05-25,2021-08-30,Particulier,Commerçant,2487.92,43,A013,Orthez,64300,sarah.leroy_5624@example.fr,Actif
5625,C005625,Camille,Laurent,1964-05-02,2017-02-26,Particulier,Employé,713.26,64,A019,Limoges,87000,camille.laurent_5625@example.fr,Inactif
5626,C005626,Paul,Roux,1961-06-18,2018-04-01,Association,Retraité,2145.22,27,A017,Niort,79000,paul.roux_5626@example.fr,Actif
5627,C005627,Antoine,André,1945-02-11,2019-04-09,Professionnel,Étudiant,961.39,71,A023,Agen,47000,antoine.andré_5627@example.fr,Actif
5628,C005628,Julien,Garcia,1964-05-10,2026-02-15,Particulier,Employé,3579.38,36,A007,Arcachon,33120,julien.garcia_5628@example.fr,Actif
5629,C005629,Nathan,Garcia,1999-10-14,2026-06-01,Particulier,Cadre,5899.14,56,A017,Niort,79000,nathan.garcia_5629@example.fr,Actif
5630,C005630,Inès,Michel,1998-08-24,2023-02-20,Particulier,Agriculteur,4323.92,20,A015,La Rochelle,17000,ines.michel_5630@example.fr,Clos
5631,C005631,Alexandre,Bertrand,2004-06-15,2018-06-30,Particulier,Retraité,944.5,45,A013,Orthez,64300,alexandre.bertrand_5631@example.fr,Actif
5632,C005632,Enzo,Bonnet,1989-12-20,2017-07-20,Particulier,Cadre,2839.27,47,A009,Pau,64000,enzo.bonnet_5632@example.fr,Actif
5633,C005633,Océane,Michel,1991-07-24,2020-02-12,Particulier,Commerçant,99.89,37,A004,Pessac,33600,oceane.michel_5633@example.fr,Actif
5634,C005634,Manon,François,1957-06-06,2021-10-25,Particulier,Employé,2374.86,66,A012,Anglet,64600,manon.françois_5634@example.fr,Actif
5635,C005635,Thomas,Lefebvre,1963-08-16,2016-03-26,Particulier,Profession libérale,3374.11,81,A011,Biarritz,64200,thomas.lefebvre_5635@example.fr,Actif
5636,C005636,Chloé,Garcia,1963-05-16,2023-08-06,Professionnel,Employé,5541.64,65,A011,Biarritz,64200,chloe.garcia_5636@example.fr,Actif
5637,C005637,Camille,Durand,1980-02-14,2015-10-10,Particulier,Employé,2018.99,49,A006,Libourne,33500,camille.durand_5637@example.fr,Actif
5638,C005638,Emma,André,2002-06-04,2024-05-29,Particulier,Technicien,4333.37,39,A001,Bordeaux,33000,emma.andré_5638@example.fr,Actif
5639,C005639,Inès,David,1984-01-13,2023-07-03,Particulier,Employé,5464.01,59,A012,Anglet,64600,ines.david_5639@example.fr,Actif
5640,C005640,Noah,Lefebvre,1997-08-06,2024-07-24,Particulier,Cadre,1046.65,74,A019,Limoges,87000,noah.lefebvre_5640@example.fr,Actif
5641,C005641,Thomas,Durand,1971-12-07,2021-02-13,Particulier,Employé,5222.64,49,A004,Pessac,33600,thomas.durand_5641@example.fr,Actif
5642,C005642,Emma,Bernard,1983-01-30,2026-01-19,Particulier,Retraité,2144.29,81,A015,La Rochelle,17000,emma.bernard_5642@example.fr,Inactif
5643,C005643,Antoine,Martin,1958-06-08,2018-04-06,Particulier,Employé,2670.75,44,A020,Brive-la-Gaillarde,19100,antoine.martin_5643@example.fr,Actif
5644,C005644,Jade,Girard,1946-05-21,2021-09-04,Particulier,Employé,5327.33,67,A015,La Rochelle,17000,jade.girard_5644@example.fr,Inactif
5645,C005645,Amélie,David,1972-01-31,2023-08-06,Particulier,Employé,5299.76,22,A017,Niort,79000,amelie.david_5645@example.fr,Actif
5646,C005646,Hugo,Robert,1991-08-18,2017-07-04,Professionnel,Enseignant,6255.07,66,A005,Talence,33400,hugo.robert_5646@example.fr,Actif
5647,C005647,Hugo,Thomas,1970-08-21,2017-12-11,Particulier,Technicien,2622.01,53,A019,Limoges,87000,hugo.thomas_5647@example.fr,Actif
5648,C005648,Paul,Bertrand,1987-05-30,2021-10-25,Particulier,Profession libérale,4925.98,10,A018,Poitiers,86000,paul.bertrand_5648@example.fr,Actif
5649,C005649,Clara,Vincent,1991-06-01,2017-02-22,Professionnel,Employé,6317.54,75,A009,Pau,64000,clara.vincent_5649@example.fr,Actif
5650,C005650,Marie,Girard,1974-02-24,2023-12-09,Particulier,Étudiant,784.61,34,A024,Mont-de-Marsan,40000,marie.girard_5650@example.fr,Actif
5651,C005651,Sarah,Bernard,1993-04-18,2024-06-23,Particulier,Cadre,5296.31,77,A006,Libourne,33500,sarah.bernard_5651@example.fr,Actif
5652,C005652,Thomas,Dubois,1984-08-29,2018-09-02,Particulier,Employé,0.0,86,A017,Niort,79000,thomas.dubois_5652@example.fr,Actif
5653,C005653,Enzo,Moreau,1992-10-14,2021-01-23,Particulier,Enseignant,2314.42,63,A003,Mérignac,33700,enzo.moreau_5653@example.fr,Actif
5654,C005654,Océane,Martin,1992-02-01,2022-11-17,Particulier,Enseignant,2718.85,52,A018,Poitiers,86000,oceane.martin_5654@example.fr,Actif
5655,C005655,Océane,Moreau,1958-03-13,2019-08-11,Professionnel,Artisan,5239.65,39,A005,Talence,33400,oceane.moreau_5655@example.fr,Inactif
5656,C005656,Léa,Girard,1974-07-05,2025-02-24,Particulier,Retraité,900.0,28,A016,Rochefort,17300,lea.girard_5656@example.fr,Actif
5657,C005657,Manon,Legrand,1980-04-02,2025-09-19,Particulier,Artisan,4469.99,54,A025,Dax,40100,manon.legrand_5657@example.fr,Inactif
5658,C005658,Mathis,Richard,1981-08-23,2022-07-05,Particulier,Enseignant,1905.49,71,A021,Périgueux,24000,mathis.richard_5658@example.fr,Actif
5659,C005659,Camille,Robert,1974-06-07,2018-10-15,Particulier,Employé,3599.23,66,A006,Libourne,33500,camille.robert_5659@example.fr,Actif
5660,C005660,Océane,Martin,1973-01-21,2022-07-09,Association,Technicien,3602.61,80,A003,Mérignac,33700,oceane.martin_5660@example.fr,Actif
5661,C005661,Zoé,Dupont,1972-02-19,2022-09-20,Particulier,Étudiant,1545.78,43,A022,Bergerac,24100,zoe.dupont_5661@example.fr,Actif
5662,C005662,Élodie,Richard,1985-01-31,2019-11-24,Particulier,Étudiant,993.46,44,A010,Bayonne,64100,elodie.richard_5662@example.fr,Actif
5663,C005663,Noah,David,2004-01-19,2022-02-24,Particulier,Employé,2395.38,59,A017,Niort,79000,noah.david_5663@example.fr,Inactif
5664,C005664,Lucas,Mercier,1963-09-19,2015-04-08,Particulier,Agriculteur,2748.64,66,A004,Pessac,33600,lucas.mercier_5664@example.fr,Actif
5665,C005665,Emma,Moreau,1981-03-16,2023-08-27,Particulier,Étudiant,2120.88,55,A018,Poitiers,86000,emma.moreau_5665@example.fr,Actif
5666,C005666,Thomas,Dubois,1983-01-24,2024-08-06,Particulier,Employé,3611.11,58,A001,Bordeaux,33000,thomas.dubois_5666@example.fr,Actif
5667,C005667,Léa,Dubois,1952-08-25,2021-05-25,Professionnel,Enseignant,6491.57,49,A008,Langon,33210,lea.dubois_5667@example.fr,Actif
5668,C005668,Léa,Mercier,1998-06-14,2016-11-23,Particulier,Cadre,3309.31,41,A003,Mérignac,33700,lea.mercier_5668@example.fr,Actif
5669,C005669,Nathan,Bertrand,1950-06-30,2025-02-10,Particulier,Employé,2371.51,40,A016,Rochefort,17300,nathan.bertrand_5669@example.fr,Actif
5670,C005670,Hugo,Laurent,1984-10-25,2026-06-04,Particulier,Commerçant,3079.89,46,A025,Dax,40100,hugo.laurent_5670@example.fr,Actif
5671,C005671,Amélie,Simon,1988-02-05,2017-03-31,Particulier,Employé,2670.8,59,A007,Arcachon,33120,amelie.simon_5671@example.fr,Actif
5672,C005672,Paul,Vincent,1953-09-19,2018-11-06,Professionnel,Employé,4276.7,54,A016,Rochefort,17300,paul.vincent_5672@example.fr,Inactif
5673,C005673,Gabriel,Thomas,1946-03-27,2026-02-20,Particulier,Employé,4412.78,58,A021,Périgueux,24000,gabriel.thomas_5673@example.fr,Clos
5674,C005674,Marie,Martinez,1960-03-17,2019-08-23,Particulier,Cadre,648.19,47,A012,Anglet,64600,marie.martinez_5674@example.fr,Actif
5675,C005675,Manon,Girard,1986-01-14,2016-10-13,Particulier,Agriculteur,144.09,62,A013,Orthez,64300,manon.girard_5675@example.fr,Actif
5676,C005676,Zoé,Bonnet,1980-02-24,2016-12-29,Particulier,Employé,2868.87,83,A004,Pessac,33600,zoe.bonnet_5676@example.fr,Actif
5677,C005677,Manon,Bonnet,2001-03-18,2015-04-04,Professionnel,Étudiant,1418.77,81,A015,La Rochelle,17000,manon.bonnet_5677@example.fr,Actif
5678,C005678,Alexandre,Fournier,1965-08-20,2016-05-18,Particulier,Artisan,6038.93,75,A001,Bordeaux,33000,alexandre.fournier_5678@example.fr,Inactif
5679,C005679,Chloé,David,2003-03-31,2017-05-28,Particulier,Enseignant,3750.15,48,A014,Oloron-Sainte-Marie,64400,chloe.david_5679@example.fr,Actif
5680,C005680,Clara,Mercier,1984-05-21,2021-07-13,Professionnel,Enseignant,3649.4,75,A023,Agen,47000,clara.mercier_5680@example.fr,Actif
5681,C005681,Clara,Martin,1975-07-07,2016-11-17,Particulier,Enseignant,2669.94,82,A003,Mérignac,33700,clara.martin_5681@example.fr,Actif
5682,C005682,Camille,Bertrand,1991-11-26,2022-01-08,Particulier,Enseignant,3974.71,52,A005,Talence,33400,camille.bertrand_5682@example.fr,Actif
5683,C005683,Élodie,Moreau,1981-01-17,2020-05-18,Professionnel,Étudiant,1031.81,45,A001,Bordeaux,33000,elodie.moreau_5683@example.fr,Actif
5684,C005684,Hugo,Roux,1978-02-13,2017-11-05,Particulier,Artisan,329.33,31,A010,Bayonne,64100,hugo.roux_5684@example.fr,Actif
5685,C005685,Zoé,Thomas,1987-04-27,2025-12-07,Particulier,Cadre,4913.71,53,A015,La Rochelle,17000,zoe.thomas_5685@example.fr,Inactif
5686,C005686,Mathis,Martinez,1999-11-20,2017-04-29,Professionnel,Employé,5298.69,14,A021,Périgueux,24000,mathis.martinez_5686@example.fr,Actif
5687,C005687,Mathis,Petit,1950-03-08,2024-11-18,Professionnel,Profession libérale,5632.96,33,A025,Dax,40100,mathis.petit_5687@example.fr,Inactif
5688,C005688,Nathan,Simon,1976-07-03,2019-01-24,Particulier,Employé,4690.13,60,A009,Pau,64000,nathan.simon_5688@example.fr,Actif
5689,C005689,Hugo,Petit,1984-06-20,2025-08-20,Particulier,Retraité,1638.91,64,A011,Biarritz,64200,hugo.petit_5689@example.fr,Actif
5690,C005690,Thomas,Durand,1997-10-23,2021-07-08,Particulier,Technicien,2742.22,62,A012,Anglet,64600,thomas.durand_5690@example.fr,Actif
5691,C005691,Thomas,Legrand,1968-08-04,2020-08-16,Particulier,Technicien,4114.43,56,A006,Libourne,33500,thomas.legrand_5691@example.fr,Actif
5692,C005692,Alexandre,Lefebvre,1964-05-28,2016-03-10,Particulier,Sans emploi,5851.03,18,A005,Talence,33400,alexandre.lefebvre_5692@example.fr,Actif
5693,C005693,Antoine,André,1971-06-26,2021-12-03,Association,Employé,6046.82,52,A019,Limoges,87000,antoine.andré_5693@example.fr,Actif
5694,C005694,Léa,Martin,2002-07-12,2024-06-07,Particulier,Commerçant,3236.02,51,A006,Libourne,33500,lea.martin_5694@example.fr,Actif
5695,C005695,Hugo,Girard,1984-09-14,2022-08-09,Particulier,Employé,4508.96,23,A012,Anglet,64600,hugo.girard_5695@example.fr,Actif
5696,C005696,Zoé,François,1969-04-04,2024-05-07,Particulier,Employé,4963.26,28,A010,Bayonne,64100,zoe.françois_5696@example.fr,Actif
5697,C005697,Chloé,Dubois,1994-07-29,2017-01-30,Particulier,Retraité,1746.6,36,A013,Orthez,64300,chloe.dubois_5697@example.fr,Actif
5698,C005698,Thomas,Durand,1973-04-08,2021-11-20,Particulier,Cadre,342.47,41,A010,Bayonne,64100,thomas.durand_5698@example.fr,Actif
5699,C005699,Emma,Martin,1984-04-11,2022-04-07,Particulier,Employé,4803.08,66,A015,La Rochelle,17000,emma.martin_5699@example.fr,Actif
5700,C005700,Emma,Laurent,1972-03-28,2021-11-23,Particulier,Enseignant,3242.44,27,A010,Bayonne,64100,emma.laurent_5700@example.fr,Actif
5701,C005701,Élodie,Simon,1974-10-26,2017-04-28,Particulier,Cadre,896.16,29,A018,Poitiers,86000,elodie.simon_5701@example.fr,Actif
5702,C005702,Enzo,Garcia,1985-12-13,2017-04-19,Particulier,Sans emploi,5246.51,59,A023,Agen,47000,enzo.garcia_5702@example.fr,Actif
5703,C005703,Zoé,Lambert,1952-03-05,2022-05-09,Particulier,Cadre,5364.0,38,A002,Bordeaux,33300,zoe.lambert_5703@example.fr,Actif
5704,C005704,Enzo,Girard,1973-12-19,2017-01-11,Particulier,Agriculteur,4865.18,53,A019,Limoges,87000,enzo.girard_5704@example.fr,Actif
5705,C005705,Julien,Garcia,1950-11-10,2015-04-02,Particulier,Technicien,2586.06,31,A013,Orthez,64300,julien.garcia_5705@example.fr,Actif
5706,C005706,Noah,André,1959-05-02,2017-08-25,Particulier,Étudiant,0.0,54,A023,Agen,47000,noah.andré_5706@example.fr,Actif
5707,C005707,Nathan,Dupont,1985-07-25,2015-12-23,Particulier,Commerçant,4324.42,26,A017,Niort,79000,nathan.dupont_5707@example.fr,Inactif
5708,C005708,Camille,Martinez,1946-04-13,2023-10-26,Particulier,Employé,356.67,50,A001,Bordeaux,33000,camille.martinez_5708@example.fr,Actif
5709,C005709,Léa,Fournier,1987-02-09,2019-12-09,Particulier,Retraité,3023.86,46,A005,Talence,33400,lea.fournier_5709@example.fr,Actif
5710,C005710,Thomas,Martin,1983-08-09,2023-10-29,Particulier,Étudiant,1647.04,68,A025,Dax,40100,thomas.martin_5710@example.fr,Actif
5711,C005711,Manon,David,1974-03-17,2018-09-22,Particulier,Étudiant,1464.07,30,A007,Arcachon,33120,manon.david_5711@example.fr,Actif
5712,C005712,Mathis,Garcia,1968-05-10,2017-09-24,Association,Sans emploi,2835.25,42,A013,Orthez,64300,mathis.garcia_5712@example.fr,Clos
5713,C005713,Zoé,Leroy,1962-10-09,2017-03-17,Particulier,Sans emploi,4347.3,33,A002,Bordeaux,33300,zoe.leroy_5713@example.fr,Actif
5714,C005714,Manon,Leroy,1991-02-10,2026-06-07,Particulier,Employé,2165.18,44,A010,Bayonne,64100,manon.leroy_5714@example.fr,Actif
5715,C005715,Paul,Leroy,1971-02-03,2017-03-05,Professionnel,Employé,5595.05,44,A012,Anglet,64600,paul.leroy_5715@example.fr,Inactif
5716,C005716,Océane,Garcia,1978-02-03,2018-04-17,Particulier,Agriculteur,4863.32,47,A012,Anglet,64600,oceane.garcia_5716@example.fr,Actif
5717,C005717,Marie,Legrand,1988-07-19,2016-07-12,Particulier,Employé,2801.61,38,A015,La Rochelle,17000,marie.legrand_5717@example.fr,Actif
5718,C005718,Camille,Morel,1952-06-08,2025-11-13,Particulier,Employé,1932.43,45,A016,Rochefort,17300,camille.morel_5718@example.fr,Actif
5719,C005719,Océane,Bernard,2001-12-08,2019-03-04,Particulier,Étudiant,1146.64,76,A012,Anglet,64600,oceane.bernard_5719@example.fr,Actif
5720,C005720,Alexandre,Thomas,2001-11-09,2026-04-07,Particulier,Employé,1907.63,85,A013,Orthez,64300,alexandre.thomas_5720@example.fr,Actif
5721,C005721,Mathis,Martinez,1993-01-20,2020-11-21,Professionnel,Employé,4822.5,12,A017,Niort,79000,mathis.martinez_5721@example.fr,Actif
5722,C005722,Camille,Mercier,1990-02-15,2024-08-15,Particulier,Cadre,6882.43,81,A003,Mérignac,33700,camille.mercier_5722@example.fr,Actif
5723,C005723,Hugo,Bernard,1946-02-03,2020-06-27,Particulier,Employé,0.0,34,A011,Biarritz,64200,hugo.bernard_5723@example.fr,Actif
5724,C005724,Thomas,Mercier,1954-11-23,2017-10-13,Particulier,Employé,908.81,70,A013,Orthez,64300,thomas.mercier_5724@example.fr,Actif
5725,C005725,Mathis,Robert,1999-01-24,2018-02-08,Particulier,Employé,3106.01,43,A014,Oloron-Sainte-Marie,64400,mathis.robert_5725@example.fr,Actif
5726,C005726,Emma,Legrand,1992-09-03,2021-03-30,Particulier,Étudiant,1726.52,63,A024,Mont-de-Marsan,40000,emma.legrand_5726@example.fr,Actif
5727,C005727,Noah,Thomas,1958-08-17,2021-06-10,Particulier,Retraité,3553.53,33,A023,Agen,47000,noah.thomas_5727@example.fr,Actif
5728,C005728,Nathan,Dupont,2003-12-18,2020-07-05,Particulier,Employé,3049.65,52,A014,Oloron-Sainte-Marie,64400,nathan.dupont_5728@example.fr,Actif
5729,C005729,Sarah,Thomas,1947-03-23,2019-08-03,Particulier,Artisan,2150.6,50,A025,Dax,40100,,Actif
5730,C005730,Élodie,Richard,1955-12-24,2021-12-07,Professionnel,Sans emploi,2085.11,62,A013,Orthez,64300,elodie.richard_5730@example.fr,Actif
5731,C005731,Mathis,Simon,1996-11-24,2019-08-13,Particulier,Cadre,0.0,67,A022,Bergerac,24100,mathis.simon_5731@example.fr,Actif
5732,C005732,Élodie,Lambert,1967-11-24,2023-07-23,Particulier,Employé,2487.47,47,A018,Poitiers,86000,elodie.lambert_5732@example.fr,Actif
5733,C005733,Clara,Bonnet,1994-04-08,2019-01-30,Particulier,Technicien,4849.98,39,A012,Anglet,64600,clara.bonnet_5733@example.fr,Actif
5734,C005734,Sarah,Dupont,1993-04-12,2025-05-20,Particulier,Cadre,418.54,36,A016,Rochefort,17300,sarah.dupont_5734@example.fr,Actif
5735,C005735,Élodie,Martin,1980-08-25,2022-07-13,Particulier,Cadre,3009.08,47,A019,Limoges,87000,elodie.martin_5735@example.fr,Actif
5736,C005736,Océane,Laurent,1983-09-10,2021-09-05,Professionnel,Artisan,5275.21,66,A018,Poitiers,86000,oceane.laurent_5736@example.fr,Actif
5737,C005737,Noah,Petit,1970-12-17,2021-02-25,Particulier,Employé,2207.88,38,A007,Arcachon,33120,noah.petit_5737@example.fr,Actif
5738,C005738,Nathan,Dupont,1962-06-01,2021-11-25,Particulier,Employé,1983.02,55,A020,Brive-la-Gaillarde,19100,nathan.dupont_5738@example.fr,Actif
5739,C005739,Alexandre,Garcia,1989-01-05,2016-07-20,Particulier,Retraité,1555.84,69,A016,Rochefort,17300,alexandre.garcia_5739@example.fr,Actif
5740,C005740,Julien,Bertrand,1965-04-14,2020-11-12,Particulier,Enseignant,2581.4,80,A022,Bergerac,24100,julien.bertrand_5740@example.fr,Actif
5741,C005741,Camille,Laurent,1998-06-20,2018-04-01,Particulier,Étudiant,1117.07,13,A002,Bordeaux,33300,camille.laurent_5741@example.fr,Actif
5742,C005742,Amélie,Legrand,1979-11-16,2016-03-09,Particulier,Retraité,3447.5,43,A006,Libourne,33500,amelie.legrand_5742@example.fr,Actif
5743,C005743,Lucas,Simon,1986-01-04,2026-06-19,Particulier,Cadre,3102.05,62,A012,Anglet,64600,lucas.simon_5743@example.fr,Inactif
5744,C005744,Gabriel,Moreau,1958-11-08,2018-02-24,Particulier,Artisan,420.84,80,A012,Anglet,64600,gabriel.moreau_5744@example.fr,Actif
5745,C005745,Alexandre,Dubois,1990-10-13,2020-12-03,Particulier,Artisan,750.83,62,A010,Bayonne,64100,alexandre.dubois_5745@example.fr,Actif
5746,C005746,Hugo,Mercier,1945-08-13,2016-03-01,Particulier,Artisan,5252.66,88,A008,Langon,33210,hugo.mercier_5746@example.fr,Actif
5747,C005747,Nathan,Fournier,1974-03-06,2024-09-27,Particulier,Étudiant,725.25,43,A009,Pau,64000,nathan.fournier_5747@example.fr,Actif
5748,C005748,Emma,David,1977-03-02,2017-11-30,Particulier,Retraité,900.0,54,A021,Périgueux,24000,emma.david_5748@example.fr,Actif
5749,C005749,Paul,Michel,1994-09-18,2024-01-07,Particulier,Cadre,2881.46,52,A008,Langon,33210,paul.michel_5749@example.fr,Inactif
5750,C005750,Nathan,André,1987-12-14,2025-06-15,Particulier,Cadre,2301.43,57,A002,Bordeaux,33300,nathan.andré_5750@example.fr,Actif
5751,C005751,Alexandre,Simon,1962-12-17,2017-05-09,Particulier,Employé,4463.86,77,A004,Pessac,33600,alexandre.simon_5751@example.fr,Actif
5752,C005752,Inès,Mercier,1979-05-23,2025-07-11,Particulier,Commerçant,2052.53,50,A011,Biarritz,64200,ines.mercier_5752@example.fr,Actif
5753,C005753,Alexandre,Simon,1959-02-22,2025-05-05,Particulier,Retraité,2251.8,36,A003,Mérignac,33700,alexandre.simon_5753@example.fr,Actif
5754,C005754,Zoé,Legrand,1982-03-18,2015-02-02,Association,Employé,2349.18,78,A003,Mérignac,33700,zoe.legrand_5754@example.fr,Actif
5755,C005755,Lucas,Durand,1960-10-21,2026-01-19,Particulier,Employé,2212.79,58,A018,Poitiers,86000,lucas.durand_5755@example.fr,Actif
5756,C005756,Marie,Dubois,1952-10-28,2024-05-12,Particulier,Employé,2299.76,38,A014,Oloron-Sainte-Marie,64400,marie.dubois_5756@example.fr,Actif
5757,C005757,Nathan,Laurent,1989-06-21,2021-01-10,Particulier,Employé,2747.52,58,A009,Pau,64000,nathan.laurent_5757@example.fr,Actif
5758,C005758,Clara,Thomas,1947-06-03,2019-06-01,Particulier,Cadre,3873.69,58,A006,Libourne,33500,clara.thomas_5758@example.fr,Actif
5759,C005759,Nathan,Richard,1983-10-04,2021-05-12,Particulier,Technicien,204.02,65,A023,Agen,47000,nathan.richard_5759@example.fr,Actif
5760,C005760,Antoine,Garcia,1964-12-14,2020-06-10,Particulier,Étudiant,1210.0,57,A025,Dax,40100,antoine.garcia_5760@example.fr,Actif
5761,C005761,Jade,Bernard,1994-07-28,2019-04-22,Particulier,Retraité,3493.91,43,A020,Brive-la-Gaillarde,19100,jade.bernard_5761@example.fr,Actif
5762,C005762,Julien,Roux,1946-07-07,2024-10-14,Particulier,Retraité,2395.77,45,A025,Dax,40100,julien.roux_5762@example.fr,Actif
5763,C005763,Clara,Martinez,1977-11-07,2021-04-02,Particulier,Étudiant,1071.83,66,A002,Bordeaux,33300,clara.martinez_5763@example.fr,Actif
5764,C005764,Enzo,Bernard,1987-10-17,2026-05-15,Particulier,Commerçant,2422.19,35,A019,Limoges,87000,enzo.bernard_5764@example.fr,Actif
5765,C005765,Zoé,Lambert,1978-07-19,2016-06-29,Particulier,Commerçant,2736.12,60,A013,Orthez,64300,zoe.lambert_5765@example.fr,Actif
5766,C005766,Alexandre,Bonnet,1968-08-09,2015-05-10,Association,Enseignant,4759.14,27,A005,Talence,33400,alexandre.bonnet_5766@example.fr,Actif
5767,C005767,Julien,Thomas,1997-12-15,2023-09-04,Particulier,Profession libérale,3173.85,48,A014,Oloron-Sainte-Marie,64400,julien.thomas_5767@example.fr,Actif
5768,C005768,Hugo,Durand,1970-12-22,2022-03-02,Particulier,Profession libérale,2500.78,92,A014,Oloron-Sainte-Marie,64400,hugo.durand_5768@example.fr,Actif
5769,C005769,Marie,Fournier,1958-09-28,2019-09-11,Particulier,Étudiant,781.22,63,A021,Périgueux,24000,marie.fournier_5769@example.fr,Actif
5770,C005770,Paul,Dubois,1945-09-13,2020-08-23,Particulier,Employé,2000.08,56,A025,Dax,40100,paul.dubois_5770@example.fr,Actif
5771,C005771,Enzo,Girard,2003-07-23,2020-08-11,Particulier,Cadre,2293.54,74,A014,Oloron-Sainte-Marie,64400,enzo.girard_5771@example.fr,Actif
5772,C005772,Hugo,Robert,1981-09-24,2017-10-27,Particulier,Employé,3941.59,94,A015,La Rochelle,17000,hugo.robert_5772@example.fr,Actif
5773,C005773,Zoé,André,1971-07-23,2021-05-24,Particulier,Retraité,2462.88,53,A021,Périgueux,24000,zoe.andré_5773@example.fr,Actif
5774,C005774,Noah,Roux,1949-05-24,2017-05-25,Particulier,Retraité,1997.51,67,A013,Orthez,64300,noah.roux_5774@example.fr,Actif
5775,C005775,Gabriel,Fournier,1992-12-16,2024-11-25,Particulier,Enseignant,1241.47,63,A009,Pau,64000,gabriel.fournier_5775@example.fr,Actif
5776,C005776,Manon,Lambert,1950-02-21,2018-07-12,Particulier,Enseignant,160.33,64,A013,Orthez,64300,manon.lambert_5776@example.fr,Actif
5777,C005777,Chloé,Leroy,1947-11-29,2019-02-27,Particulier,Commerçant,4950.55,76,A005,Talence,33400,chloe.leroy_5777@example.fr,Actif
5778,C005778,Chloé,Girard,1954-07-30,2018-09-13,Particulier,Sans emploi,4911.96,77,A014,Oloron-Sainte-Marie,64400,chloe.girard_5778@example.fr,Actif
5779,C005779,Nathan,Simon,1957-07-13,2024-06-01,Professionnel,Employé,4360.94,63,A022,Bergerac,24100,nathan.simon_5779@example.fr,Actif
5780,C005780,Élodie,Dubois,1971-10-29,2022-06-05,Particulier,Employé,5586.97,48,A012,Anglet,64600,elodie.dubois_5780@example.fr,Actif
5781,C005781,Thomas,Simon,1956-07-10,2020-03-18,Particulier,Cadre,3342.63,17,A018,Poitiers,86000,thomas.simon_5781@example.fr,Actif
5782,C005782,Emma,Martinez,1985-06-05,2023-12-21,Particulier,Employé,2106.75,82,A008,Langon,33210,emma.martinez_5782@example.fr,Inactif
5783,C005783,Thomas,Vincent,1947-09-27,2019-06-14,Particulier,Sans emploi,4517.55,45,A003,Mérignac,33700,thomas.vincent_5783@example.fr,Actif
5784,C005784,Julien,Legrand,1989-11-08,2024-02-08,Particulier,Artisan,784.62,45,A014,Oloron-Sainte-Marie,64400,julien.legrand_5784@example.fr,Actif
5785,C005785,Gabriel,Durand,1993-06-15,2023-06-11,Professionnel,Retraité,3036.94,14,A022,Bergerac,24100,gabriel.durand_5785@example.fr,Actif
5786,C005786,Emma,Morel,1955-02-06,2022-01-18,Particulier,Technicien,1537.77,45,A010,Bayonne,64100,emma.morel_5786@example.fr,Actif
5787,C005787,Sarah,Michel,1965-03-23,2017-12-11,Particulier,Technicien,2614.4,66,A004,Pessac,33600,sarah.michel_5787@example.fr,Inactif
5788,C005788,Lucas,Fournier,2001-02-25,2025-12-07,Particulier,Profession libérale,4522.34,56,A014,Oloron-Sainte-Marie,64400,lucas.fournier_5788@example.fr,Actif
5789,C005789,Léa,Simon,1991-12-02,2024-04-21,Particulier,Sans emploi,3590.99,45,A004,Pessac,33600,lea.simon_5789@example.fr,Inactif
5790,C005790,Léa,Thomas,1958-08-09,2023-03-17,Particulier,Profession libérale,1160.49,51,A009,Pau,64000,lea.thomas_5790@example.fr,Actif
5791,C005791,Lucas,Dupont,1999-09-29,2022-10-16,Particulier,Commerçant,1159.96,44,A006,Libourne,33500,lucas.dupont_5791@example.fr,Actif
5792,C005792,Paul,Simon,1962-11-20,2019-07-16,Particulier,Technicien,1754.42,68,A011,Biarritz,64200,paul.simon_5792@example.fr,Actif
5793,C005793,Mathis,Martin,1971-08-20,2026-05-04,Particulier,Enseignant,4939.12,39,A010,Bayonne,64100,mathis.martin_5793@example.fr,Actif
5794,C005794,Noah,Mercier,1976-09-07,2022-10-24,Particulier,Commerçant,790.38,50,A005,Talence,33400,noah.mercier_5794@example.fr,Actif
5795,C005795,Manon,Dubois,1992-05-08,2022-10-23,Particulier,Employé,5179.9,64,A019,Limoges,87000,manon.dubois_5795@example.fr,Actif
5796,C005796,Alexandre,Petit,1946-08-02,2017-09-17,Professionnel,Commerçant,8953.44,49,A009,Pau,64000,alexandre.petit_5796@example.fr,Actif
5797,C005797,Nathan,Bernard,1997-06-16,2016-10-21,Particulier,Profession libérale,929.79,41,A016,Rochefort,17300,nathan.bernard_5797@example.fr,Actif
5798,C005798,Emma,David,1955-09-18,2017-07-03,Particulier,Employé,2869.28,63,A005,Talence,33400,emma.david_5798@example.fr,Actif
5799,C005799,Emma,Dupont,1989-05-22,2017-05-21,Particulier,Enseignant,5778.76,77,A009,Pau,64000,emma.dupont_5799@example.fr,Actif
5800,C005800,Paul,Legrand,1989-02-23,2023-04-19,Particulier,Retraité,2058.62,49,A014,Oloron-Sainte-Marie,64400,paul.legrand_5800@example.fr,Actif
5801,C005801,Julien,Richard,1991-10-17,2015-12-09,Professionnel,Employé,6553.47,92,A021,Périgueux,24000,julien.richard_5801@example.fr,Actif
5802,C005802,Manon,Roux,1945-12-03,2025-02-12,Professionnel,Employé,5091.07,44,A015,La Rochelle,17000,manon.roux_5802@example.fr,Actif
5803,C005803,Nathan,Bonnet,1985-07-07,2017-07-10,Particulier,Cadre,1917.96,77,A021,Périgueux,24000,nathan.bonnet_5803@example.fr,Clos
5804,C005804,Inès,Fournier,1967-03-28,2019-04-03,Professionnel,Artisan,3537.28,73,A012,Anglet,64600,ines.fournier_5804@example.fr,Actif
5805,C005805,Amélie,Thomas,1963-05-09,2022-09-03,Particulier,Cadre,2941.97,90,A017,Niort,79000,amelie.thomas_5805@example.fr,Actif
5806,C005806,Thomas,Mercier,1947-11-10,2017-04-26,Particulier,Étudiant,1178.09,60,A025,Dax,40100,thomas.mercier_5806@example.fr,Actif
5807,C005807,Thomas,Moreau,1997-11-20,2026-06-25,Particulier,Cadre,3854.68,29,A021,Périgueux,24000,thomas.moreau_5807@example.fr,Actif
5808,C005808,Gabriel,Dubois,1996-11-20,2023-03-09,Particulier,Artisan,3156.48,23,A009,Pau,64000,gabriel.dubois_5808@example.fr,Actif
5809,C005809,Paul,Mercier,1989-10-24,2024-02-08,Particulier,Retraité,3473.38,84,A021,Périgueux,24000,paul.mercier_5809@example.fr,Actif
5810,C005810,Alexandre,Thomas,1953-08-12,2019-09-25,Particulier,Employé,1783.11,47,A017,Niort,79000,alexandre.thomas_5810@example.fr,Actif
5811,C005811,Mathis,Moreau,1985-05-05,2019-08-11,Particulier,Cadre,5648.22,74,A017,Niort,79000,mathis.moreau_5811@example.fr,Actif
5812,C005812,Clara,Girard,1980-09-01,2018-03-26,Professionnel,Cadre,3575.22,29,A017,Niort,79000,clara.girard_5812@example.fr,Actif
5813,C005813,Clara,Bonnet,1986-02-21,2019-02-05,Particulier,Artisan,416.73,38,A015,La Rochelle,17000,clara.bonnet_5813@example.fr,Actif
5814,C005814,Hugo,Mercier,1976-12-03,2020-06-06,Particulier,Commerçant,2232.99,69,A015,La Rochelle,17000,hugo.mercier_5814@example.fr,Actif
5815,C005815,Thomas,Martin,1950-07-13,2026-05-05,Particulier,Profession libérale,2848.49,40,A013,Orthez,64300,thomas.martin_5815@example.fr,Actif
5816,C005816,Manon,Lambert,2002-03-27,2017-06-24,Particulier,Commerçant,1949.35,51,A022,Bergerac,24100,manon.lambert_5816@example.fr,Actif
5817,C005817,Camille,Lambert,1967-07-28,2020-06-27,Particulier,Employé,3231.49,51,A025,Dax,40100,camille.lambert_5817@example.fr,Actif
5818,C005818,Julien,Moreau,1976-10-15,2020-09-28,Particulier,Artisan,3287.82,56,A013,Orthez,64300,julien.moreau_5818@example.fr,Actif
5819,C005819,Léa,Dupont,1995-12-28,2017-08-22,Particulier,Artisan,1701.85,66,A015,La Rochelle,17000,lea.dupont_5819@example.fr,Actif
5820,C005820,Jade,Dubois,1998-10-04,2023-10-09,Particulier,Cadre,2830.8,49,A014,Oloron-Sainte-Marie,64400,jade.dubois_5820@example.fr,Actif
5821,C005821,Camille,David,1971-03-22,2018-06-11,Particulier,Enseignant,3077.12,51,A016,Rochefort,17300,camille.david_5821@example.fr,Actif
5822,C005822,Clara,Durand,1983-12-12,2021-03-29,Particulier,Profession libérale,2941.28,28,A018,Poitiers,86000,clara.durand_5822@example.fr,Actif
5823,C005823,Emma,Dubois,1960-07-20,2016-06-27,Professionnel,Enseignant,6111.8,95,A001,Bordeaux,33000,emma.dubois_5823@example.fr,Clos
5824,C005824,Zoé,André,1949-11-24,2019-04-16,Particulier,Retraité,3733.0,49,A012,Anglet,64600,zoe.andré_5824@example.fr,Actif
5825,C005825,Amélie,Bernard,1995-08-10,2020-12-02,Particulier,Profession libérale,5658.82,33,A019,Limoges,87000,amelie.bernard_5825@example.fr,Actif
5826,C005826,Clara,Bonnet,1983-07-07,2019-09-13,Professionnel,Employé,4524.42,39,A012,Anglet,64600,clara.bonnet_5826@example.fr,Actif
5827,C005827,Hugo,Martinez,1949-08-03,2023-09-14,Particulier,Étudiant,1360.1,30,A009,Pau,64000,hugo.martinez_5827@example.fr,Actif
5828,C005828,Enzo,Garcia,1994-01-12,2019-05-24,Particulier,Employé,824.73,48,A001,Bordeaux,33000,enzo.garcia_5828@example.fr,Actif
5829,C005829,Amélie,Laurent,1959-11-11,2018-11-02,Professionnel,Technicien,3346.92,92,A014,Oloron-Sainte-Marie,64400,amelie.laurent_5829@example.fr,Actif
5830,C005830,Thomas,Martin,1985-06-11,2020-07-09,Particulier,Retraité,2733.37,64,A024,Mont-de-Marsan,40000,thomas.martin_5830@example.fr,Actif
5831,C005831,Julien,Bonnet,1946-10-23,2021-02-13,Particulier,Cadre,123.55,95,A007,Arcachon,33120,julien.bonnet_5831@example.fr,Actif
5832,C005832,Inès,Morel,1979-04-25,2024-05-29,Particulier,Agriculteur,3936.05,46,A001,Bordeaux,33000,ines.morel_5832@example.fr,Actif
5833,C005833,Gabriel,Martinez,1998-08-07,2018-12-02,Professionnel,Étudiant,116.76,62,A009,Pau,64000,gabriel.martinez_5833@example.fr,Actif
5834,C005834,Julien,Martin,1990-01-25,2026-03-18,Particulier,Employé,1099.89,49,A017,Niort,79000,julien.martin_5834@example.fr,Actif
5835,C005835,Noah,Dupont,1968-10-01,2019-11-12,Particulier,Agriculteur,1654.39,45,A022,Bergerac,24100,noah.dupont_5835@example.fr,Actif
5836,C005836,Léa,Thomas,1971-10-22,2019-06-20,Particulier,Cadre,3678.15,44,A017,Niort,79000,lea.thomas_5836@example.fr,Actif
5837,C005837,Zoé,Vincent,1947-03-28,2022-09-07,Particulier,Employé,6096.05,76,A011,Biarritz,64200,zoe.vincent_5837@example.fr,Actif
5838,C005838,Océane,Richard,1969-11-20,2021-07-19,Particulier,Cadre,1530.6,50,A022,Bergerac,24100,oceane.richard_5838@example.fr,Actif
5839,C005839,Léa,Bonnet,1982-06-29,2016-06-11,Professionnel,Cadre,1002.88,22,A012,Anglet,64600,lea.bonnet_5839@example.fr,Actif
5840,C005840,Chloé,Garcia,1954-07-24,2016-03-29,Particulier,Retraité,1705.39,32,A023,Agen,47000,chloe.garcia_5840@example.fr,Actif
5841,C005841,Noah,Morel,1959-09-15,2023-12-30,Particulier,Employé,1652.69,51,A022,Bergerac,24100,noah.morel_5841@example.fr,Actif
5842,C005842,Emma,Lambert,1948-02-20,2016-12-05,Particulier,Commerçant,0.0,51,A007,Arcachon,33120,emma.lambert_5842@example.fr,Actif
5843,C005843,Camille,Bernard,1954-08-29,2021-09-15,Professionnel,Cadre,5628.35,45,A013,Orthez,64300,camille.bernard_5843@example.fr,Actif
5844,C005844,Paul,David,1957-04-30,2023-11-30,Particulier,Employé,5400.08,41,A020,Brive-la-Gaillarde,19100,paul.david_5844@example.fr,Actif
5845,C005845,Inès,Petit,1976-05-15,2017-10-03,Particulier,Agriculteur,2309.42,51,A008,Langon,33210,ines.petit_5845@example.fr,Actif
5846,C005846,Camille,Vincent,1996-03-03,2017-09-04,Particulier,Enseignant,4867.07,58,A001,Bordeaux,33000,camille.vincent_5846@example.fr,Actif
5847,C005847,Julien,Vincent,1948-02-08,2024-05-13,Particulier,Technicien,1814.02,37,A014,Oloron-Sainte-Marie,64400,julien.vincent_5847@example.fr,Actif
5848,C005848,Manon,Petit,1958-04-05,2018-05-28,Particulier,Employé,4590.14,35,A007,Arcachon,33120,manon.petit_5848@example.fr,Actif
5849,C005849,Noah,Bonnet,2000-10-23,2017-10-20,Particulier,Retraité,1780.33,46,A001,Bordeaux,33000,noah.bonnet_5849@example.fr,Actif
5850,C005850,Inès,Morel,1992-09-25,2016-05-28,Particulier,Profession libérale,3844.79,44,A016,Rochefort,17300,ines.morel_5850@example.fr,Actif
5851,C005851,Julien,Dubois,1955-09-20,2019-07-03,Particulier,Étudiant,512.2,41,A019,Limoges,87000,julien.dubois_5851@example.fr,Actif
5852,C005852,Sarah,Michel,1945-12-09,2026-05-14,Professionnel,Étudiant,750.85,49,A007,Arcachon,33120,sarah.michel_5852@example.fr,Actif
5853,C005853,Julien,Mercier,1991-12-24,2021-01-01,Particulier,Artisan,2016.6,66,A006,Libourne,33500,julien.mercier_5853@example.fr,Actif
5854,C005854,Marie,Morel,1957-06-26,2021-10-19,Professionnel,Enseignant,2772.23,58,A011,Biarritz,64200,marie.morel_5854@example.fr,Actif
5855,C005855,Inès,Lambert,1980-06-09,2020-06-05,Particulier,Agriculteur,1745.95,81,A008,Langon,33210,ines.lambert_5855@example.fr,Actif
5856,C005856,Hugo,Robert,2003-08-29,2020-06-23,Particulier,Technicien,4403.95,64,A019,Limoges,87000,hugo.robert_5856@example.fr,Actif
5857,C005857,Lucas,Girard,1973-05-12,2024-11-22,Particulier,Artisan,5855.15,38,A005,Talence,33400,lucas.girard_5857@example.fr,Actif
5858,C005858,Inès,Legrand,1951-02-06,2022-03-15,Particulier,Agriculteur,4671.49,23,A021,Périgueux,24000,ines.legrand_5858@example.fr,Actif
5859,C005859,Enzo,Morel,1945-01-27,2024-03-17,Particulier,Retraité,1637.24,49,A006,Libourne,33500,enzo.morel_5859@example.fr,Actif
5860,C005860,Élodie,Mercier,1950-02-05,2020-03-11,Particulier,Employé,774.89,58,A005,Talence,33400,elodie.mercier_5860@example.fr,Actif
5861,C005861,Antoine,Thomas,1965-07-28,2016-07-11,Particulier,Commerçant,2418.91,67,A020,Brive-la-Gaillarde,19100,antoine.thomas_5861@example.fr,Actif
5862,C005862,Paul,Bernard,1966-11-15,2017-08-09,Particulier,Enseignant,3015.39,64,A012,Anglet,64600,paul.bernard_5862@example.fr,Actif
5863,C005863,Inès,Bonnet,1997-01-20,2023-04-22,Professionnel,Cadre,3885.11,36,A004,Pessac,33600,ines.bonnet_5863@example.fr,Actif
5864,C005864,Océane,Mercier,2002-10-23,2023-12-16,Particulier,Agriculteur,3555.24,84,A019,Limoges,87000,oceane.mercier_5864@example.fr,Actif
5865,C005865,Zoé,Laurent,1951-09-24,2017-09-20,Particulier,Employé,2722.47,93,A011,Biarritz,64200,zoe.laurent_5865@example.fr,Actif
5866,C005866,Élodie,Richard,1950-05-04,2025-04-03,Particulier,Cadre,3734.48,68,A002,Bordeaux,33300,elodie.richard_5866@example.fr,Actif
5867,C005867,Hugo,Dubois,1968-10-03,2015-08-07,Professionnel,Commerçant,4404.52,61,A021,Périgueux,24000,hugo.dubois_5867@example.fr,Actif
5868,C005868,Zoé,Mercier,1991-12-17,2021-10-21,Particulier,Profession libérale,3356.97,24,A017,Niort,79000,zoe.mercier_5868@example.fr,Actif
5869,C005869,Emma,Simon,1998-12-22,2024-07-08,Professionnel,Cadre,6651.17,52,A004,Pessac,33600,emma.simon_5869@example.fr,Inactif
5870,C005870,Emma,Simon,1964-10-25,2024-07-09,Association,Enseignant,4288.77,68,A021,Périgueux,24000,emma.simon_5870@example.fr,Actif
5871,C005871,Alexandre,Bertrand,1985-10-08,2017-06-19,Particulier,Cadre,3480.47,42,A013,Orthez,64300,alexandre.bertrand_5871@example.fr,Actif
5872,C005872,Enzo,Bonnet,1969-03-08,2018-12-02,Particulier,Employé,1980.8,51,A017,Niort,79000,enzo.bonnet_5872@example.fr,Actif
5873,C005873,Julien,Simon,2000-09-22,2020-09-15,Particulier,Artisan,2009.01,48,A016,Rochefort,17300,julien.simon_5873@example.fr,Actif
5874,C005874,Julien,Roux,1971-07-26,2015-04-01,Professionnel,Artisan,7982.95,43,A013,Orthez,64300,julien.roux_5874@example.fr,Actif
5875,C005875,Alexandre,Dupont,1996-03-19,2025-01-20,Particulier,Retraité,3423.87,91,A007,Arcachon,33120,alexandre.dupont_5875@example.fr,Actif
5876,C005876,Mathis,Morel,1954-01-10,2019-02-04,Particulier,Sans emploi,3559.19,47,A013,Orthez,,mathis.morel_5876@example.fr,Actif
5877,C005877,Hugo,Martin,1982-12-05,2020-04-02,Particulier,Commerçant,1606.73,57,A012,Anglet,64600,hugo.martin_5877@example.fr,Actif
5878,C005878,Amélie,François,1985-01-18,2019-09-11,Particulier,Cadre,4897.98,60,A008,Langon,33210,amelie.françois_5878@example.fr,Actif
5879,C005879,Inès,Legrand,1985-11-19,2025-12-20,Particulier,Employé,1910.77,78,A021,Périgueux,24000,ines.legrand_5879@example.fr,Actif
5880,C005880,Gabriel,Laurent,1983-08-30,2017-01-11,Professionnel,Technicien,4753.35,47,A021,Périgueux,24000,gabriel.laurent_5880@example.fr,Actif
5881,C005881,Enzo,Thomas,1968-09-27,2020-05-27,Particulier,Cadre,2809.95,79,A024,Mont-de-Marsan,40000,enzo.thomas_5881@example.fr,Inactif
5882,C005882,Alexandre,Lefebvre,1974-02-26,2019-01-05,Particulier,Étudiant,362.29,64,A015,La Rochelle,17000,alexandre.lefebvre_5882@example.fr,Actif
5883,C005883,Nathan,Roux,1948-04-07,2015-07-30,Particulier,Technicien,3522.84,70,A007,Arcachon,33120,nathan.roux_5883@example.fr,Actif
5884,C005884,Jade,Bertrand,2004-02-07,2022-10-04,Particulier,Enseignant,4580.96,53,A006,Libourne,33500,jade.bertrand_5884@example.fr,Actif
5885,C005885,Zoé,Dupont,1980-06-04,2016-01-05,Particulier,Employé,2538.88,33,A023,Agen,47000,zoe.dupont_5885@example.fr,Actif
5886,C005886,Océane,Morel,1962-02-17,2024-05-27,Professionnel,Employé,5477.48,25,A024,Mont-de-Marsan,40000,oceane.morel_5886@example.fr,Actif
5887,C005887,Chloé,Girard,1983-11-11,2026-02-22,Professionnel,Agriculteur,3732.78,72,A002,Bordeaux,33300,chloe.girard_5887@example.fr,Actif
5888,C005888,Hugo,Leroy,1950-10-17,2016-07-02,Particulier,Employé,4126.97,55,A012,Anglet,64600,hugo.leroy_5888@example.fr,Actif
5889,C005889,Emma,François,1986-11-11,2019-07-17,Particulier,Étudiant,1554.16,37,A011,Biarritz,64200,emma.françois_5889@example.fr,Actif
5890,C005890,Sarah,Vincent,1988-08-12,2019-11-26,Particulier,Étudiant,768.72,65,A009,Pau,64000,sarah.vincent_5890@example.fr,Actif
5891,C005891,Chloé,Garcia,1963-04-16,2019-04-30,Particulier,Cadre,3287.19,46,A018,Poitiers,86000,chloe.garcia_5891@example.fr,Actif
5892,C005892,Manon,Petit,1962-03-31,2018-10-19,Professionnel,Cadre,2950.79,25,A008,Langon,33210,manon.petit_5892@example.fr,Actif
5893,C005893,Marie,Mercier,1962-08-06,2017-08-16,Particulier,Étudiant,957.47,67,A013,Orthez,64300,marie.mercier_5893@example.fr,Actif
5894,C005894,Inès,Martinez,1948-04-12,2019-06-17,Particulier,Cadre,0.0,14,A006,Libourne,33500,ines.martinez_5894@example.fr,Actif
5895,C005895,Nathan,Leroy,1990-11-11,2026-01-09,Particulier,Enseignant,2434.82,88,A011,Biarritz,64200,nathan.leroy_5895@example.fr,Actif
5896,C005896,Zoé,Vincent,1988-09-02,2024-07-28,Particulier,Cadre,4148.69,27,A020,Brive-la-Gaillarde,19100,zoe.vincent_5896@example.fr,Actif
5897,C005897,Clara,Lefebvre,1996-06-26,2023-08-03,Particulier,Cadre,3356.75,33,A008,Langon,33210,clara.lefebvre_5897@example.fr,Actif
5898,C005898,Paul,Lambert,1987-07-09,2023-10-16,Particulier,Employé,2245.81,28,A024,Mont-de-Marsan,40000,paul.lambert_5898@example.fr,Actif
5899,C005899,Antoine,Roux,1994-04-24,2016-12-14,Particulier,Employé,4223.24,49,A002,Bordeaux,33300,antoine.roux_5899@example.fr,Actif
5900,C005900,Gabriel,Legrand,1974-06-19,2022-05-12,Particulier,Technicien,2970.06,32,A015,La Rochelle,17000,gabriel.legrand_5900@example.fr,Actif
5901,C005901,Paul,Morel,1960-12-18,2025-11-19,Particulier,Cadre,3497.95,75,A016,Rochefort,17300,paul.morel_5901@example.fr,Actif
5902,C005902,Nathan,François,1964-05-24,2017-11-09,Particulier,Technicien,2285.09,38,A002,Bordeaux,33300,nathan.françois_5902@example.fr,Inactif
5903,C005903,Antoine,Vincent,1962-08-22,2021-09-05,Particulier,Étudiant,579.88,51,A013,Orthez,64300,antoine.vincent_5903@example.fr,Actif
5904,C005904,Léa,Garcia,1956-02-13,2015-06-21,Particulier,Employé,1523.91,73,A024,Mont-de-Marsan,40000,lea.garcia_5904@example.fr,Actif
5905,C005905,Noah,Bonnet,1945-06-10,2017-07-12,Particulier,Employé,1258.95,68,A019,Limoges,87000,noah.bonnet_5905@example.fr,Actif
5906,C005906,Hugo,François,1979-01-08,2021-04-12,Particulier,Retraité,2069.84,39,A006,Libourne,33500,hugo.françois_5906@example.fr,Actif
5907,C005907,Sarah,Michel,1959-12-13,2017-05-12,Particulier,Technicien,1349.38,75,A017,Niort,79000,sarah.michel_5907@example.fr,Clos
5908,C005908,Emma,Garcia,1970-02-01,2024-03-10,Particulier,Artisan,0.0,53,A014,Oloron-Sainte-Marie,64400,emma.garcia_5908@example.fr,Actif
5909,C005909,Camille,François,1981-07-08,2024-04-28,Particulier,Artisan,704.13,82,A015,La Rochelle,17000,camille.françois_5909@example.fr,Inactif
5910,C005910,Léa,Leroy,1952-11-24,2017-10-26,Particulier,Retraité,1562.39,54,A011,Biarritz,64200,lea.leroy_5910@example.fr,Actif
5911,C005911,Manon,Dupont,1966-05-17,2022-03-04,Particulier,Étudiant,528.65,52,A020,Brive-la-Gaillarde,19100,manon.dupont_5911@example.fr,Actif
5912,C005912,Noah,Lefebvre,1952-08-28,2016-11-13,Particulier,Employé,2254.31,72,A003,Mérignac,33700,noah.lefebvre_5912@example.fr,Actif
5913,C005913,Chloé,Girard,1965-09-06,2025-09-12,Particulier,Employé,1499.51,61,A003,Mérignac,33700,chloe.girard_5913@example.fr,Actif
5914,C005914,Zoé,Mercier,1996-11-23,2021-12-08,Particulier,Cadre,1038.25,46,A005,Talence,33400,zoe.mercier_5914@example.fr,Inactif
5915,C005915,Inès,Fournier,1976-05-31,2024-10-31,Particulier,Enseignant,5005.4,35,A002,Bordeaux,33300,ines.fournier_5915@example.fr,Actif
5916,C005916,Jade,Michel,1994-09-03,2026-02-23,Particulier,Étudiant,1281.63,95,A025,Dax,40100,jade.michel_5916@example.fr,Actif
5917,C005917,Camille,Bertrand,1953-12-10,2023-08-19,Particulier,Étudiant,898.12,77,A005,Talence,33400,camille.bertrand_5917@example.fr,Actif
5918,C005918,Marie,Lefebvre,1976-06-18,2016-03-18,Professionnel,Enseignant,6380.09,45,A007,Arcachon,33120,marie.lefebvre_5918@example.fr,Actif
5919,C005919,Hugo,Fournier,2002-08-02,2020-09-28,Particulier,Étudiant,1155.84,63,A004,Pessac,33600,hugo.fournier_5919@example.fr,Actif
5920,C005920,Thomas,Thomas,1975-11-12,2019-10-08,Association,Sans emploi,7617.71,65,A006,Libourne,33500,thomas.thomas_5920@example.fr,Clos
5921,C005921,Clara,Dupont,1957-06-04,2024-03-25,Particulier,Enseignant,3480.23,24,A003,Mérignac,33700,clara.dupont_5921@example.fr,Actif
5922,C005922,Noah,Richard,1971-12-23,2015-04-11,Professionnel,Sans emploi,8633.85,40,A016,Rochefort,17300,noah.richard_5922@example.fr,Inactif
5923,C005923,Zoé,François,1978-06-07,2022-11-23,Professionnel,Employé,7431.49,55,A016,Rochefort,17300,zoe.françois_5923@example.fr,Actif
5924,C005924,Chloé,Dupont,1998-01-16,2021-03-29,Particulier,Retraité,2862.79,59,A020,Brive-la-Gaillarde,19100,chloe.dupont_5924@example.fr,Actif
5925,C005925,Élodie,André,1985-10-02,2024-12-22,Particulier,Profession libérale,3150.32,38,A020,Brive-la-Gaillarde,19100,elodie.andré_5925@example.fr,Actif
5926,C005926,Zoé,Leroy,2000-09-07,2018-01-03,professionnel,Commerçant,3016.85,53,A003,Mérignac,33700,zoe.leroy_5926@example.fr,Actif
5927,C005927,Élodie,Simon,1964-03-24,2016-09-07,Professionnel,Commerçant,9359.79,53,A009,Pau,64000,elodie.simon_5927@example.fr,Actif
5928,C005928,Sarah,Roux,1990-06-04,2022-07-15,Particulier,Cadre,3905.49,44,A014,Oloron-Sainte-Marie,64400,sarah.roux_5928@example.fr,Actif
5929,C005929,Noah,Thomas,1999-08-28,2023-06-21,Particulier,Cadre,0.0,38,A021,Périgueux,24000,noah.thomas_5929@example.fr,Actif
5930,C005930,Noah,Thomas,1975-12-28,2016-02-02,Particulier,Sans emploi,3785.6,57,A018,Poitiers,86000,noah.thomas_5930@example.fr,Actif
5931,C005931,Zoé,Girard,1978-04-28,2017-06-07,Particulier,Sans emploi,2127.26,21,A002,Bordeaux,33300,zoe.girard_5931@example.fr,Actif
5932,C005932,Emma,Martin,1988-01-25,2016-10-11,Particulier,Technicien,4408.76,73,A011,Biarritz,64200,emma.martin_5932@example.fr,Actif
5933,C005933,Hugo,Robert,1996-09-22,2020-05-17,Particulier,Employé,1944.01,52,A013,Orthez,64300,hugo.robert_5933@example.fr,Actif
5934,C005934,Zoé,Robert,1959-04-26,2023-11-09,Professionnel,Commerçant,6876.81,54,A024,Mont-de-Marsan,40000,zoe.robert_5934@example.fr,Actif
5935,C005935,Jade,Martin,1951-09-16,2025-05-27,Particulier,Technicien,2447.8,54,A012,Anglet,64600,jade.martin_5935@example.fr,Actif
5936,C005936,Gabriel,Martin,1991-03-06,2024-11-26,Association,Employé,5342.35,50,A019,Limoges,87000,gabriel.martin_5936@example.fr,Actif
5937,C005937,Paul,Lefebvre,1961-01-22,2020-08-07,Professionnel,Sans emploi,5660.23,30,A023,Agen,47000,paul.lefebvre_5937@example.fr,Actif
5938,C005938,Lucas,Durand,1957-07-25,2019-01-09,Professionnel,Cadre,7969.4,74,A006,Libourne,33500,lucas.durand_5938@example.fr,Actif
5939,C005939,Julien,Mercier,1958-08-20,2020-07-27,Particulier,Étudiant,1003.53,57,A021,Périgueux,24000,julien.mercier_5939@example.fr,Actif
5940,C005940,Océane,Leroy,1974-01-07,2016-12-31,Particulier,Enseignant,4532.25,45,A010,Bayonne,64100,oceane.leroy_5940@example.fr,Actif
5941,C005941,Camille,Fournier,1953-02-27,2026-01-15,Particulier,Étudiant,1098.44,65,A009,Pau,64000,camille.fournier_5941@example.fr,Actif
5942,C005942,Paul,Legrand,1986-06-23,2025-08-03,Particulier,Employé,2245.54,61,A024,Mont-de-Marsan,40000,paul.legrand_5942@example.fr,Inactif
5943,C005943,Inès,Richard,1985-02-21,2019-11-12,Particulier,Commerçant,3724.67,55,A020,Brive-la-Gaillarde,19100,ines.richard_5943@example.fr,Clos
5944,C005944,Paul,Roux,1947-03-01,2015-02-17,Particulier,Profession libérale,1716.58,53,A018,Poitiers,86000,paul.roux_5944@example.fr,Actif
5945,C005945,Manon,Legrand,1976-07-21,2015-01-04,Particulier,Employé,3732.31,38,A017,Niort,79000,manon.legrand_5945@example.fr,Actif
5946,C005946,Océane,Laurent,1948-06-19,2018-12-06,Particulier,Employé,0.0,60,A004,Pessac,33600,oceane.laurent_5946@example.fr,Actif
5947,C005947,Nathan,Morel,1949-10-23,2018-04-21,Particulier,Cadre,4775.01,63,A022,Bergerac,24100,nathan.morel_5947@example.fr,Actif
5948,C005948,Gabriel,André,2004-09-30,2016-09-28,Particulier,Étudiant,1215.94,31,A019,Limoges,87000,gabriel.andré_5948@example.fr,Actif
5949,C005949,Léa,Dupont,1956-07-31,2021-06-05,Professionnel,Retraité,1295.19,40,A003,Mérignac,33700,lea.dupont_5949@example.fr,Actif
5950,C005950,Lucas,Leroy,1973-12-23,2017-02-19,Particulier,Technicien,4047.66,32,A022,Bergerac,24100,lucas.leroy_5950@example.fr,Actif
5951,C005951,Julien,Laurent,1963-12-13,2021-11-29,Particulier,Étudiant,0.0,46,A010,Bayonne,64100,julien.laurent_5951@example.fr,Actif
5952,C005952,Inès,Richard,1980-10-17,2021-04-27,Particulier,Employé,3096.66,47,A017,Niort,79000,ines.richard_5952@example.fr,Actif
5953,C005953,Inès,Richard,1996-12-17,2022-06-18,Particulier,Artisan,1353.24,59,A001,Bordeaux,33000,ines.richard_5953@example.fr,Actif
5954,C005954,Lucas,Lefebvre,1945-02-17,2015-08-19,Particulier,Technicien,1022.4,60,A014,Oloron-Sainte-Marie,64400,lucas.lefebvre_5954@example.fr,Actif
5955,C005955,Zoé,André,1989-10-18,2016-07-29,Particulier,Enseignant,3910.31,55,A011,Biarritz,64200,zoe.andré_5955@example.fr,Actif
5956,C005956,Alexandre,Dubois,1955-01-03,2020-10-08,Particulier,Employé,4782.99,23,A015,La Rochelle,17000,,Actif
5957,C005957,Noah,Fournier,1972-09-07,2016-05-05,Particulier,Technicien,2659.39,33,A013,Orthez,64300,noah.fournier_5957@example.fr,Actif
5958,C005958,Thomas,Bertrand,1950-12-09,2020-05-24,Particulier,Retraité,2349.31,53,A010,Bayonne,64100,thomas.bertrand_5958@example.fr,Actif
5959,C005959,Océane,Thomas,1966-02-28,2017-11-01,Particulier,Étudiant,975.19,45,A019,Limoges,87000,oceane.thomas_5959@example.fr,Actif
5960,C005960,Chloé,Thomas,1960-06-17,2020-04-14,Particulier,Enseignant,3818.61,55,A024,Mont-de-Marsan,40000,chloe.thomas_5960@example.fr,Actif
5961,C005961,Marie,Petit,1972-04-19,2018-04-01,Particulier,Étudiant,990.83,38,A016,Rochefort,17300,marie.petit_5961@example.fr,Actif
5962,C005962,Zoé,Fournier,1990-08-05,2025-07-05,Particulier,Cadre,1005.28,43,A011,Biarritz,64200,zoe.fournier_5962@example.fr,Actif
5963,C005963,Manon,Vincent,1974-05-11,2021-06-21,Particulier,Employé,1374.45,41,A007,Arcachon,33120,manon.vincent_5963@example.fr,Actif
5964,C005964,Chloé,Laurent,1983-09-18,2024-08-14,Particulier,Employé,2845.0,79,A003,Mérignac,33700,chloe.laurent_5964@example.fr,Actif
5965,C005965,Gabriel,Morel,1948-05-22,2025-07-27,Particulier,Artisan,5656.46,29,A008,Langon,33210,gabriel.morel_5965@example.fr,Actif
5966,C005966,Océane,Dubois,1955-10-02,2020-04-18,Particulier,Sans emploi,4766.01,62,A022,Bergerac,24100,oceane.dubois_5966@example.fr,Actif
5967,C005967,Enzo,Petit,1955-07-11,2025-06-23,Particulier,Technicien,3108.71,70,A020,Brive-la-Gaillarde,19100,enzo.petit_5967@example.fr,Actif
5968,C005968,Manon,Roux,1999-03-05,2023-08-04,Association,Cadre,5118.97,90,A019,Limoges,87000,manon.roux_5968@example.fr,Actif
5969,C005969,Gabriel,Roux,1989-01-05,2019-06-18,professionnel,Profession libérale,5272.48,63,A009,Pau,64000,gabriel.roux_5969@example.fr,Actif
5970,C005970,Zoé,Legrand,1996-02-12,2025-10-17,Particulier,Employé,1230.84,59,A018,Poitiers,86000,zoe.legrand_5970@example.fr,Actif
5971,C005971,Jade,Bonnet,1985-01-17,2022-11-30,Particulier,Retraité,2167.29,49,A022,Bergerac,24100,jade.bonnet_5971@example.fr,Actif
5972,C005972,Mathis,Laurent,1954-06-23,2018-08-19,Particulier,Employé,2052.4,61,A022,Bergerac,24100,mathis.laurent_5972@example.fr,Actif
5973,C005973,Zoé,Durand,1967-06-02,2023-10-07,Particulier,Employé,1320.21,15,A006,Libourne,33500,zoe.durand_5973@example.fr,Actif
5974,C005974,Jade,André,1978-05-26,2025-06-06,Particulier,Employé,2750.81,47,A015,La Rochelle,17000,jade.andré_5974@example.fr,Clos
5975,C005975,Alexandre,Laurent,1966-09-23,2024-07-19,Professionnel,Cadre,5016.97,51,A004,Pessac,33600,alexandre.laurent_5975@example.fr,Actif
5976,C005976,Mathis,Moreau,1967-04-21,2025-05-20,Particulier,Retraité,2197.26,32,A021,Périgueux,24000,mathis.moreau_5976@example.fr,Actif
5977,C005977,Enzo,Legrand,1946-02-02,2017-01-25,Particulier,Employé,5592.4,55,A021,Périgueux,24000,enzo.legrand_5977@example.fr,Actif
5978,C005978,Lucas,Bonnet,1951-06-16,2018-05-25,Particulier,Agriculteur,3415.69,60,A003,Mérignac,33700,lucas.bonnet_5978@example.fr,Actif
5979,C005979,Antoine,Garcia,1957-08-19,2016-05-06,Particulier,Commerçant,2196.49,45,A010,Bayonne,64100,antoine.garcia_5979@example.fr,Actif
5980,C005980,Antoine,Morel,1952-03-29,2025-04-30,Particulier,Artisan,5504.07,47,A012,Anglet,64600,antoine.morel_5980@example.fr,Actif
5981,C005981,Marie,Roux,1990-04-24,2018-01-08,Particulier,EMPLOYÉ,4432.9,82,A021,Périgueux,24000,marie.roux_5981@example.fr,Actif
5982,C005982,Océane,Girard,1977-03-10,2025-04-24,Particulier,Cadre,978.24,59,A005,Talence,33400,oceane.girard_5982@example.fr,Actif
5983,C005983,Emma,Petit,1972-02-24,2020-04-11,Particulier,Cadre,1044.0,34,A018,Poitiers,86000,emma.petit_5983@example.fr,Actif
5984,C005984,Manon,Morel,1972-08-24,2021-08-06,Particulier,Artisan,3371.4,58,A022,Bergerac,24100,manon.morel_5984@example.fr,Actif
5985,C005985,Emma,Simon,1985-05-24,2022-06-26,Particulier,Cadre,14.29,46,A013,Orthez,64300,emma.simon_5985@example.fr,Inactif
5986,C005986,Antoine,Lefebvre,1988-11-26,2020-07-07,Particulier,Artisan,3980.02,48,A008,Langon,33210,antoine.lefebvre_5986@example.fr,Actif
5987,C005987,Léa,Lambert,1997-02-03,2023-01-06,Professionnel,Artisan,4440.6,60,A006,Libourne,33500,lea.lambert_5987@example.fr,Actif
5988,C005988,Manon,Girard,1996-06-28,2025-06-21,Particulier,Employé,2890.84,24,A011,Biarritz,64200,manon.girard_5988@example.fr,Actif
5989,C005989,Sarah,Martinez,1990-02-12,2022-04-12,Professionnel,Cadre,6723.37,36,A018,Poitiers,86000,sarah.martinez_5989@example.fr,Actif
5990,C005990,Gabriel,Laurent,1950-02-04,2019-06-05,Particulier,Commerçant,3440.57,45,A018,Poitiers,86000,gabriel.laurent_5990@example.fr,Actif
5991,C005991,Manon,Thomas,1971-02-27,2019-10-18,Particulier,Enseignant,4039.02,31,A023,Agen,47000,manon.thomas_5991@example.fr,Actif
5992,C005992,Élodie,Dubois,2000-11-12,2024-07-03,Particulier,Employé,394.0,71,A024,Mont-de-Marsan,40000,elodie.dubois_5992@example.fr,Actif
5993,C005993,Sarah,Thomas,1973-11-15,2015-08-01,Particulier,Technicien,2163.51,56,A013,Orthez,64300,sarah.thomas_5993@example.fr,Actif
5994,C005994,Hugo,Lefebvre,2002-04-22,2021-06-14,Particulier,Technicien,2497.3,46,A018,Poitiers,86000,hugo.lefebvre_5994@example.fr,Actif
5995,C005995,Thomas,David,2004-01-17,2020-06-14,Particulier,Cadre,6785.27,62,A006,Libourne,33500,thomas.david_5995@example.fr,Actif
5996,C005996,Paul,Simon,1971-01-07,2024-09-14,Particulier,Profession libérale,4066.96,21,A005,Talence,33400,paul.simon_5996@example.fr,Actif
5997,C005997,Zoé,Girard,2002-03-09,2016-05-28,Particulier,Agriculteur,1829.33,73,A015,La Rochelle,17000,zoe.girard_5997@example.fr,Actif
5998,C005998,Marie,Thomas,1976-12-05,2019-12-13,Particulier,Employé,866.23,32,A016,Rochefort,17300,marie.thomas_5998@example.fr,Inactif
5999,C005999,Léa,Lefebvre,1982-01-12,2025-01-23,Particulier,Employé,3048.78,38,A012,Anglet,64600,lea.lefebvre_5999@example.fr,Actif
6000,C006000,Sarah,Garcia,1973-05-20,2024-09-27,Professionnel,Retraité,1837.7,38,A019,Limoges,87000,sarah.garcia_6000@example.fr,Actif
6001,C001783,Thomas,André,2002-09-27,2022-02-06,Particulier,Employé,4546.32,60,A008,Langon,33210,thomas.andré_1783@example.fr,Actif
6002,C003918,Thomas,Dubois,1988-12-12,2016-04-25,Particulier,Enseignant,3932.0,70,A008,Langon,33210,thomas.dubois_3918@example.fr,Inactif
6003,C000222,Gabriel,Lefebvre,1991-03-27,2022-11-10,Particulier,Artisan,2354.41,52,A003,Mérignac,33700,gabriel.lefebvre_222@example.fr,Actif
6004,C002136,Noah,Bernard,1980-06-30,2019-09-07,Particulier,Étudiant,562.3,39,A006,Libourne,33500,noah.bernard_2136@example.fr,Actif
6005,C005225,Mathis,Martin,1994-07-15,2018-01-05,Particulier,Étudiant,1371.77,81,A012,Anglet,64600,mathis.martin_5225@example.fr,Actif
6006,C001169,Élodie,Dubois,1975-04-01,2017-07-23,Particulier,Enseignant,1681.51,70,A020,Brive-la-Gaillarde,19100,elodie.dubois_1169@example.fr,Actif
6007,C000880,Zoé,Simon,1984-03-26,2023-10-18,Particulier,Employé,1705.54,63,A014,Oloron-Sainte-Marie,64400,zoe.simon_880@example.fr,Inactif
6008,C000157,Julien,Simon,1999-03-09,2025-03-02,Professionnel,Employé,5457.13,81,A003,Mérignac,33700,julien.simon_157@example.fr,Actif
6009,C001658,Chloé,Moreau,1958-04-08,2023-01-23,Particulier,Enseignant,5566.62,48,A015,La Rochelle,17000,chloe.moreau_1658@example.fr,Actif
6010,C000324,Mathis,Garcia,1980-06-15,2017-01-13,Particulier,Cadre,855.17,74,A024,Mont-de-Marsan,40000,mathis.garcia_324@example.fr,Actif
6011,C005303,Enzo,Dupont,1949-11-25,2020-03-10,Particulier,Étudiant,0.0,42,A018,Poitiers,86000,enzo.dupont_5303@example.fr,Actif
6012,C002612,Thomas,Fournier,1965-08-20,2016-06-06,Particulier,Enseignant,0.0,48,A012,Anglet,64600,thomas.fournier_2612@example.fr,Actif
6013,C000812,Sarah,Moreau,1982-04-02,2015-01-03,Association,Employé,6028.52,60,A012,Anglet,64600,sarah.moreau_812@example.fr,Actif
6014,C000394,Mathis,Simon,1957-05-25,2020-05-13,Particulier,Étudiant,1140.28,36,A013,Orthez,64300,mathis.simon_394@example.fr,Actif
6015,C003594,Océane,Girard,1994-10-18,2024-05-05,Particulier,Cadre,0.0,30,A006,Libourne,33500,oceane.girard_3594@example.fr,Actif
6016,C002639,Paul,Bertrand,1972-08-01,2021-05-22,Particulier,Employé,3251.9,52,A010,Bayonne,64100,paul.bertrand_2639@example.fr,Actif
6017,C002188,Camille,Dupont,1961-11-12,2021-03-03,Particulier,Agriculteur,1443.17,79,A001,Bordeaux,33000,camille.dupont_2188@example.fr,Actif
6018,C005352,Chloé,Michel,2001-11-01,2026-06-05,Particulier,Employé,2500.33,71,A020,Brive-la-Gaillarde,19100,chloe.michel_5352@example.fr,Actif
6019,C000320,Mathis,Garcia,1986-11-30,2020-11-07,Particulier,Technicien,1951.61,71,A012,Anglet,64600,mathis.garcia_320@example.fr,Actif
6020,C000168,Thomas,Michel,2000-04-21,2021-06-22,Particulier,Employé,4256.29,61,A014,Oloron-Sainte-Marie,64400,thomas.michel_168@example.fr,Actif
6021,C000747,Paul,Richard,1976-02-24,2021-06-23,Particulier,Artisan,2811.71,49,A002,Bordeaux,33300,paul.richard_747@example.fr,Actif
6022,C005471,Inès,Lefebvre,1993-05-31,2022-01-23,Particulier,Employé,3779.89,56,A019,Limoges,87000,ines.lefebvre_5471@example.fr,Actif
6023,C003708,Camille,Girard,1955-04-14,2024-05-02,Particulier,Enseignant,1632.43,88,A008,Langon,33210,camille.girard_3708@example.fr,Actif
6024,C002765,Gabriel,Mercier,1972-02-28,2015-12-10,Particulier,Retraité,3036.66,88,A006,Libourne,33500,gabriel.mercier_2765@example.fr,Actif
6025,C005113,Julien,Dupont,1968-05-15,2015-02-03,Professionnel,Agriculteur,2905.08,64,A005,Talence,33400,julien.dupont_5113@example.fr,Actif
6026,C004007,Emma,Mercier,1964-11-22,2021-11-15,Particulier,Retraité,1592.48,59,A024,Mont-de-Marsan,40000,emma.mercier_4007@example.fr,Actif
6027,C001872,Manon,Martinez,1966-05-10,2023-10-06,Particulier,Commerçant,1572.49,70,A013,Orthez,64300,manon.martinez_1872@example.fr,Actif
6028,C005757,Nathan,Laurent,1989-06-21,2021-01-10,Particulier,Employé,2747.52,58,A009,Pau,64000,nathan.laurent_5757@example.fr,Actif
6029,C003194,Paul,Morel,1965-01-12,2016-11-09,Particulier,Cadre,2803.17,70,A012,Anglet,64600,paul.morel_3194@example.fr,Actif
6030,C003755,Marie,Garcia,1974-12-28,2015-05-24,Particulier,Artisan,2847.27,45,A011,Biarritz,64200,marie.garcia_3755@example.fr,Actif
6031,C005626,Paul,Roux,1961-06-18,2018-04-01,Association,Retraité,2145.22,27,A017,Niort,79000,paul.roux_5626@example.fr,Actif
6032,C004895,Alexandre,Garcia,1990-12-06,2019-11-15,Particulier,Cadre,1742.41,24,A005,Talence,33400,alexandre.garcia_4895@example.fr,Clos
6033,C004103,Hugo,Martinez,1963-02-02,2015-02-10,Particulier,Retraité,3268.32,46,A015,La Rochelle,17000,hugo.martinez_4103@example.fr,Actif
6034,C001262,Nathan,Bertrand,1995-03-28,2023-11-15,Professionnel,Employé,10084.28,78,A017,Niort,79000,nathan.bertrand_1262@example.fr,Actif
6035,C002339,Lucas,Dupont,1945-01-08,2023-02-10,Professionnel,Artisan,5840.86,73,A017,Niort,79000,lucas.dupont_2339@example.fr,Actif
6036,C000085,Sarah,François,1989-01-07,2017-08-28,Particulier,Enseignant,3672.7,46,A021,Périgueux,24000,sarah.françois_85@example.fr,Actif
6037,C003822,Gabriel,Bertrand,1948-02-23,2021-04-22,Particulier,Employé,2610.55,48,A012,Anglet,64600,gabriel.bertrand_3822@example.fr,Actif
6038,C002654,Sarah,Richard,1993-10-09,2021-01-08,Particulier,Cadre,4280.24,75,A016,Rochefort,17300,sarah.richard_2654@example.fr,Actif
6039,C005546,Julien,Durand,1994-09-28,2025-06-20,Particulier,Employé,2465.64,58,A003,Mérignac,33700,julien.durand_5546@example.fr,Actif
6040,C002747,Manon,Vincent,1957-01-22,2017-12-03,Particulier,Employé,2340.78,38,A005,Talence,33400,manon.vincent_2747@example.fr,Actif
6041,C002859,Noah,Bertrand,1976-06-18,2023-09-17,Particulier,Retraité,3053.96,71,A013,Orthez,64300,noah.bertrand_2859@example.fr,Actif
6042,C000997,Julien,Mercier,1970-08-03,2021-02-10,Particulier,Enseignant,900.58,51,A003,Mérignac,33700,julien.mercier_997@example.fr,Actif
6043,C000229,Jade,Mercier,1961-08-05,2022-03-31,Particulier,Profession libérale,175.88,51,A021,Périgueux,24000,jade.mercier_229@example.fr,Actif
6044,C003265,Sarah,Legrand,1957-12-14,2016-10-20,Particulier,Agriculteur,1855.71,52,A022,Bergerac,24100,sarah.legrand_3265@example.fr,Actif
6045,C004829,Alexandre,Dupont,1980-01-21,2023-01-30,Professionnel,Employé,6507.5,67,A001,Bordeaux,33000,alexandre.dupont_4829@example.fr,Actif
6046,C003943,Inès,Michel,1957-08-10,2016-01-31,Particulier,Employé,3427.99,36,A008,Langon,33210,ines.michel_3943@example.fr,Actif
6047,C005460,Élodie,Bernard,1998-09-05,2023-12-07,Particulier,Étudiant,1084.08,61,A019,Limoges,87000,elodie.bernard_5460@example.fr,Actif
6048,C003833,Thomas,Fournier,1958-09-16,2017-07-02,Particulier,Étudiant,1184.55,51,A015,La Rochelle,17000,thomas.fournier_3833@example.fr,Actif
6049,C001653,Camille,David,1991-02-25,2020-07-11,Particulier,Technicien,5387.63,57,A010,Bayonne,64100,camille.david_1653@example.fr,Actif
6050,C000080,Gabriel,André,1994-06-27,2020-05-12,Particulier,Employé,1802.04,69,A001,Bordeaux,33000,gabriel.andré_80@example.fr,Actif
6051,C000965,Paul,Roux,1979-07-25,2026-05-04,Particulier,Employé,2456.08,64,A020,Brive-la-Gaillarde,19100,paul.roux_965@example.fr,Inactif
6052,C000927,Élodie,Dubois,1969-08-01,2023-03-03,Particulier,Cadre,3169.47,59,A025,Dax,40100,elodie.dubois_927@example.fr,Actif
6053,C000795,Zoé,Richard,1953-11-21,2016-02-13,Particulier,Retraité,2967.86,61,A012,Anglet,64600,zoe.richard_795@example.fr,Actif
6054,C003380,Marie,André,1979-01-17,2021-05-09,Particulier,Retraité,2952.53,52,A019,Limoges,87000,marie.andré_3380@example.fr,Actif
6055,C003165,Clara,Bertrand,1955-08-18,2016-04-15,Particulier,Technicien,2797.7,66,A020,Brive-la-Gaillarde,19100,clara.bertrand_3165@example.fr,Actif
6056,C004658,Sarah,Moreau,1945-01-10,2015-12-22,Particulier,Sans emploi,4567.17,50,A001,Bordeaux,33000,sarah.moreau_4658@example.fr,Actif
6057,C003312,Inès,Petit,2002-08-10,2025-03-20,Particulier,Retraité,1724.9,45,A003,Mérignac,33700,ines.petit_3312@example.fr,Actif
6058,C003935,Jade,Girard,1950-10-24,2015-08-02,Particulier,Retraité,1883.91,54,A009,Pau,64000,jade.girard_3935@example.fr,Actif
6059,C001075,Thomas,Laurent,1997-05-09,2020-01-06,Particulier,Employé,847.87,95,A015,La Rochelle,17000,thomas.laurent_1075@example.fr,Actif
6060,C004841,Hugo,Lefebvre,1997-09-08,2025-04-24,Particulier,Profession libérale,3457.31,53,A012,Anglet,64600,hugo.lefebvre_4841@example.fr,Actif
